county,office,district,party,candidate,votes
Alachua,Alachua Soil and Water Conservation District,Group 1,NA,OverVotes,12
Alachua,Alachua Soil and Water Conservation District,Group 1,NA,UnderVotes,18009
Alachua,Alachua Soil and Water Conservation District,Group 1,NOP,Jancie Vinson,44156
Alachua,Alachua Soil and Water Conservation District,Group 1,NOP,Richard Feagle,34018
Alachua,Alachua Soil and Water Conservation District,Group 2,NA,OverVotes,13
Alachua,Alachua Soil and Water Conservation District,Group 2,NA,UnderVotes,19969
Alachua,Alachua Soil and Water Conservation District,Group 2,NOP,Archie L Matthews,43025
Alachua,Alachua Soil and Water Conservation District,Group 2,NOP,Chris Trowell,33188
Alachua,Alachua Soil and Water Conservation District,Group 3,NA,OverVotes,8
Alachua,Alachua Soil and Water Conservation District,Group 3,NA,UnderVotes,21279
Alachua,Alachua Soil and Water Conservation District,Group 3,NOP,"Daniel ""Danny"" Gordon",36276
Alachua,Alachua Soil and Water Conservation District,Group 3,NOP,Walt Boyer,38632
Alachua,Alachua Soil and Water Conservation District,Group 4,NA,OverVotes,23
Alachua,Alachua Soil and Water Conservation District,Group 4,NA,UnderVotes,19956
Alachua,Alachua Soil and Water Conservation District,Group 4,NOP,Nevaeh Martinez Renwick,37736
Alachua,Alachua Soil and Water Conservation District,Group 4,NOP,Patrick Sell,38480
Alachua,Alachua Soil and Water Conservation District,Group 5,NA,OverVotes,14
Alachua,Alachua Soil and Water Conservation District,Group 5,NA,UnderVotes,20006
Alachua,Alachua Soil and Water Conservation District,Group 5,NOP,Natasha F. Holt,31881
Alachua,Alachua Soil and Water Conservation District,Group 5,NOP,Patricia Lee,44294
Alachua,Amendment No. 1: Limitation On Assessment of Real Property Used For Residential Purposes,NA,NA,OverVotes,26
Alachua,Amendment No. 1: Limitation On Assessment of Real Property Used For Residential Purposes,NA,NA,UnderVotes,9269
Alachua,Amendment No. 1: Limitation On Assessment of Real Property Used For Residential Purposes,NA,NOP,No for Rejection,37516
Alachua,Amendment No. 1: Limitation On Assessment of Real Property Used For Residential Purposes,NA,NOP,Yes for Approval,49384
Alachua,Amendment No. 2: Abolishing the Constitution Revision Commission,NA,NA,OverVotes,20
Alachua,Amendment No. 2: Abolishing the Constitution Revision Commission,NA,NA,UnderVotes,8853
Alachua,Amendment No. 2: Abolishing the Constitution Revision Commission,NA,NOP,No for Rejection,50659
Alachua,Amendment No. 2: Abolishing the Constitution Revision Commission,NA,NOP,Yes for Approval,36663
Alachua,Amendment No. 3: Additional Homestead Property Tax Exemption For Specified Critical Public Services Workforce,NA,NA,OverVotes,20
Alachua,Amendment No. 3: Additional Homestead Property Tax Exemption For Specified Critical Public Services Workforce,NA,NA,UnderVotes,6938
Alachua,Amendment No. 3: Additional Homestead Property Tax Exemption For Specified Critical Public Services Workforce,NA,NOP,No for Rejection,44447
Alachua,Amendment No. 3: Additional Homestead Property Tax Exemption For Specified Critical Public Services Workforce,NA,NOP,Yes for Approval,44790
Alachua,Attorney General,NA,DEM,Aramis Ayala,54051
Alachua,Attorney General,NA,NA,OverVotes,5
Alachua,Attorney General,NA,NA,UnderVotes,1240
Alachua,Attorney General,NA,REP,Ashley Moody,40899
Alachua,Chief Financial Officer,NA,DEM,Adam Hattersley,54069
Alachua,Chief Financial Officer,NA,NA,OverVotes,5
Alachua,Chief Financial Officer,NA,NA,UnderVotes,2194
Alachua,Chief Financial Officer,NA,REP,Jimmy Patronis,39927
Alachua,Circuit Judge,"8th Judicial Circuit, Group 12",NA,OverVotes,10
Alachua,Circuit Judge,"8th Judicial Circuit, Group 12",NA,UnderVotes,14717
Alachua,Circuit Judge,"8th Judicial Circuit, Group 12",NOP,AuBroncee Martin,36162
Alachua,Circuit Judge,"8th Judicial Circuit, Group 12",NOP,Sean Brewer,45306
Alachua,Commissioner of Agriculture,NA,DEM,Naomi Esther Blemur,53785
Alachua,Commissioner of Agriculture,NA,NA,OverVotes,1
Alachua,Commissioner of Agriculture,NA,NA,UnderVotes,2599
Alachua,Commissioner of Agriculture,NA,REP,Wilton Simpson,39810
Alachua,County Commissioner,1,DEM,Mary Alford,55076
Alachua,County Commissioner,1,NA,OverVotes,5
Alachua,County Commissioner,1,NA,UnderVotes,2401
Alachua,County Commissioner,1,REP,Raemi Eagle-Glenn,38713
Alachua,County Commissioner,2,DEM,Marihelen H. Wheeler,54318
Alachua,County Commissioner,2,NA,OverVotes,3
Alachua,County Commissioner,2,NA,UnderVotes,2159
Alachua,County Commissioner,2,REP,Ed Braddy,39715
Alachua,County Commissioner,4,DEM,Ken Cornell,54300
Alachua,County Commissioner,4,NA,OverVotes,5
Alachua,County Commissioner,4,NA,UnderVotes,2392
Alachua,County Commissioner,4,NPA,Anthony Johnson,2559
Alachua,County Commissioner,4,REP,Van Elmore,36939
Alachua,Governor,NA,DEM,Crist / Hernandez,54796
Alachua,Governor,NA,LPF,Roos / Rorabaugh,309
Alachua,Governor,NA,NA,OverVotes,9
Alachua,Governor,NA,NA,UnderVotes,285
Alachua,Governor,NA,NPA,Gimenez / Gibson,475
Alachua,Governor,NA,REP,DeSantis / Nuñez,40321
Alachua,Registered Voters,NA,NA,NA,178046
Alachua,Retention of Bo Winokur,First District Court of Appeal,NA,OverVotes,9
Alachua,Retention of Bo Winokur,First District Court of Appeal,NA,UnderVotes,15510
Alachua,Retention of Bo Winokur,First District Court of Appeal,NOP,No,38750
Alachua,Retention of Bo Winokur,First District Court of Appeal,NOP,Yes,41926
Alachua,Retention of Bobby Long,First District Court of Appeal,NA,OverVotes,17
Alachua,Retention of Bobby Long,First District Court of Appeal,NA,UnderVotes,14741
Alachua,Retention of Bobby Long,First District Court of Appeal,NOP,No,39010
Alachua,Retention of Bobby Long,First District Court of Appeal,NOP,Yes,42427
Alachua,Retention of Charles T. Canady,Justice of the Supreme Court,NA,OverVotes,21
Alachua,Retention of Charles T. Canady,Justice of the Supreme Court,NA,UnderVotes,12261
Alachua,Retention of Charles T. Canady,Justice of the Supreme Court,NOP,No,39977
Alachua,Retention of Charles T. Canady,Justice of the Supreme Court,NOP,Yes,43936
Alachua,Retention of Jamie Grosshans,Justice of the Supreme Court,NA,OverVotes,16
Alachua,Retention of Jamie Grosshans,Justice of the Supreme Court,NA,UnderVotes,12414
Alachua,Retention of Jamie Grosshans,Justice of the Supreme Court,NOP,No,42191
Alachua,Retention of Jamie Grosshans,Justice of the Supreme Court,NOP,Yes,41574
Alachua,Retention of John D. Couriel,Justice of the Supreme Court,NA,OverVotes,20
Alachua,Retention of John D. Couriel,Justice of the Supreme Court,NA,UnderVotes,12281
Alachua,Retention of John D. Couriel,Justice of the Supreme Court,NOP,No,42616
Alachua,Retention of John D. Couriel,Justice of the Supreme Court,NOP,Yes,41278
Alachua,Retention of Jorge Labarga,Justice of the Supreme Court,NA,OverVotes,51
Alachua,Retention of Jorge Labarga,Justice of the Supreme Court,NA,UnderVotes,12255
Alachua,Retention of Jorge Labarga,Justice of the Supreme Court,NOP,No,31346
Alachua,Retention of Jorge Labarga,Justice of the Supreme Court,NOP,Yes,52543
Alachua,Retention of Lori S. Rowe,First District Court of Appeal,NA,OverVotes,30
Alachua,Retention of Lori S. Rowe,First District Court of Appeal,NA,UnderVotes,14946
Alachua,Retention of Lori S. Rowe,First District Court of Appeal,NOP,No,32907
Alachua,Retention of Lori S. Rowe,First District Court of Appeal,NOP,Yes,48312
Alachua,Retention of Ricky Polston,Justice of the Supreme Court,NA,OverVotes,28
Alachua,Retention of Ricky Polston,Justice of the Supreme Court,NA,UnderVotes,12726
Alachua,Retention of Ricky Polston,Justice of the Supreme Court,NOP,No,39144
Alachua,Retention of Ricky Polston,Justice of the Supreme Court,NOP,Yes,44297
Alachua,Retention of Ross L. Bilbrey,First District Court of Appeal,NA,OverVotes,21
Alachua,Retention of Ross L. Bilbrey,First District Court of Appeal,NA,UnderVotes,14808
Alachua,Retention of Ross L. Bilbrey,First District Court of Appeal,NOP,No,35867
Alachua,Retention of Ross L. Bilbrey,First District Court of Appeal,NOP,Yes,45499
Alachua,Retention of Susan Kelsey,First District Court of Appeal,NA,OverVotes,26
Alachua,Retention of Susan Kelsey,First District Court of Appeal,NA,UnderVotes,14730
Alachua,Retention of Susan Kelsey,First District Court of Appeal,NOP,No,33631
Alachua,Retention of Susan Kelsey,First District Court of Appeal,NOP,Yes,47808
Alachua,State House,21,DEM,Yvonne Hayes Hinson,20363
Alachua,State House,21,NA,OverVotes,0
Alachua,State House,21,NA,UnderVotes,638
Alachua,State House,21,REP,Hollye Merton,7916
Alachua,State House,22,DEM,Brandon Peters,27445
Alachua,State House,22,NA,OverVotes,2
Alachua,State House,22,NA,UnderVotes,829
Alachua,State House,22,REP,Chuck Clemons,21280
Alachua,State Senate,9,DEM,Rodney Long,20021
Alachua,State Senate,9,NA,OverVotes,3
Alachua,State Senate,9,NA,UnderVotes,647
Alachua,State Senate,9,REP,Keith Perry,15567
Alachua,U.S. House,3,DEM,Danielle Hawk,55454
Alachua,U.S. House,3,NA,OverVotes,5
Alachua,U.S. House,3,NA,UnderVotes,980
Alachua,U.S. House,3,NPA,Linda S. Brooks,1052
Alachua,U.S. House,3,REP,Kat Cammack,38704
Alachua,U.S. Senate,NA,DEM,Val Demings,55439
Alachua,U.S. Senate,NA,LPF,Dennis Misigoy,439
Alachua,U.S. Senate,NA,NA,OverVotes,4
Alachua,U.S. Senate,NA,NA,UnderVotes,423
Alachua,U.S. Senate,NA,NA,WriteinVotes,36
Alachua,U.S. Senate,NA,NPA,Steven B. Grant,349
Alachua,U.S. Senate,NA,NPA,Tuan TQ Nguyen,285
Alachua,U.S. Senate,NA,REP,Marco Rubio,39220
Baker,Amendment No. 1: Limitation On Assessment of Real Property Used For Residential Purposes,NA,NA,OverVotes,6
Baker,Amendment No. 1: Limitation On Assessment of Real Property Used For Residential Purposes,NA,NA,UnderVotes,923
Baker,Amendment No. 1: Limitation On Assessment of Real Property Used For Residential Purposes,NA,NOP,No for Rejection,4372
Baker,Amendment No. 1: Limitation On Assessment of Real Property Used For Residential Purposes,NA,NOP,Yes for Approval,5435
Baker,Amendment No. 2: Abolishing the Constitution Revision Commission,NA,NA,OverVotes,3
Baker,Amendment No. 2: Abolishing the Constitution Revision Commission,NA,NA,UnderVotes,963
Baker,Amendment No. 2: Abolishing the Constitution Revision Commission,NA,NOP,No for Rejection,4425
Baker,Amendment No. 2: Abolishing the Constitution Revision Commission,NA,NOP,Yes for Approval,5345
Baker,Amendment No. 3: Additional Homestead Property Tax Exemption For Specified Critical Public Services Workforce,NA,NA,OverVotes,4
Baker,Amendment No. 3: Additional Homestead Property Tax Exemption For Specified Critical Public Services Workforce,NA,NA,UnderVotes,620
Baker,Amendment No. 3: Additional Homestead Property Tax Exemption For Specified Critical Public Services Workforce,NA,NOP,No for Rejection,4229
Baker,Amendment No. 3: Additional Homestead Property Tax Exemption For Specified Critical Public Services Workforce,NA,NOP,Yes for Approval,5883
Baker,Attorney General,NA,DEM,Aramis Ayala,1081
Baker,Attorney General,NA,NA,OverVotes,0
Baker,Attorney General,NA,NA,UnderVotes,132
Baker,Attorney General,NA,REP,Ashley Moody,9523
Baker,Chief Financial Officer,NA,DEM,Adam Hattersley,1155
Baker,Chief Financial Officer,NA,NA,OverVotes,0
Baker,Chief Financial Officer,NA,NA,UnderVotes,362
Baker,Chief Financial Officer,NA,REP,Jimmy Patronis,9219
Baker,Circuit Judge,"8th Judicial Circuit, Group 12",NA,OverVotes,2
Baker,Circuit Judge,"8th Judicial Circuit, Group 12",NA,UnderVotes,1149
Baker,Circuit Judge,"8th Judicial Circuit, Group 12",NOP,AuBroncee Martin,958
Baker,Circuit Judge,"8th Judicial Circuit, Group 12",NOP,Sean Brewer,8627
Baker,Commissioner of Agriculture,NA,DEM,Naomi Esther Blemur,1162
Baker,Commissioner of Agriculture,NA,NA,OverVotes,0
Baker,Commissioner of Agriculture,NA,NA,UnderVotes,246
Baker,Commissioner of Agriculture,NA,REP,Wilton Simpson,9328
Baker,Governor,NA,DEM,Crist / Hernandez,1092
Baker,Governor,NA,LPF,Roos / Rorabaugh,18
Baker,Governor,NA,NA,OverVotes,1
Baker,Governor,NA,NA,UnderVotes,10
Baker,Governor,NA,NPA,Gimenez / Gibson,21
Baker,Governor,NA,REP,DeSantis / Nuñez,9594
Baker,Registered Voters,NA,NA,NA,17512
Baker,Retention of Bo Winokur,First District Court of Appeal,NA,OverVotes,3
Baker,Retention of Bo Winokur,First District Court of Appeal,NA,UnderVotes,1362
Baker,Retention of Bo Winokur,First District Court of Appeal,NOP,No,2987
Baker,Retention of Bo Winokur,First District Court of Appeal,NOP,Yes,6384
Baker,Retention of Bobby Long,First District Court of Appeal,NA,OverVotes,3
Baker,Retention of Bobby Long,First District Court of Appeal,NA,UnderVotes,1375
Baker,Retention of Bobby Long,First District Court of Appeal,NOP,No,2718
Baker,Retention of Bobby Long,First District Court of Appeal,NOP,Yes,6640
Baker,Retention of Charles T. Canady,Justice of the Supreme Court,NA,OverVotes,4
Baker,Retention of Charles T. Canady,Justice of the Supreme Court,NA,UnderVotes,1327
Baker,Retention of Charles T. Canady,Justice of the Supreme Court,NOP,No,3362
Baker,Retention of Charles T. Canady,Justice of the Supreme Court,NOP,Yes,6043
Baker,Retention of Jamie Grosshans,Justice of the Supreme Court,NA,OverVotes,11
Baker,Retention of Jamie Grosshans,Justice of the Supreme Court,NA,UnderVotes,1180
Baker,Retention of Jamie Grosshans,Justice of the Supreme Court,NOP,No,2782
Baker,Retention of Jamie Grosshans,Justice of the Supreme Court,NOP,Yes,6763
Baker,Retention of John D. Couriel,Justice of the Supreme Court,NA,OverVotes,5
Baker,Retention of John D. Couriel,Justice of the Supreme Court,NA,UnderVotes,1118
Baker,Retention of John D. Couriel,Justice of the Supreme Court,NOP,No,3030
Baker,Retention of John D. Couriel,Justice of the Supreme Court,NOP,Yes,6583
Baker,Retention of Jorge Labarga,Justice of the Supreme Court,NA,OverVotes,16
Baker,Retention of Jorge Labarga,Justice of the Supreme Court,NA,UnderVotes,1302
Baker,Retention of Jorge Labarga,Justice of the Supreme Court,NOP,No,4383
Baker,Retention of Jorge Labarga,Justice of the Supreme Court,NOP,Yes,5035
Baker,Retention of Lori S. Rowe,First District Court of Appeal,NA,OverVotes,3
Baker,Retention of Lori S. Rowe,First District Court of Appeal,NA,UnderVotes,1398
Baker,Retention of Lori S. Rowe,First District Court of Appeal,NOP,No,3329
Baker,Retention of Lori S. Rowe,First District Court of Appeal,NOP,Yes,6006
Baker,Retention of Ricky Polston,Justice of the Supreme Court,NA,OverVotes,1
Baker,Retention of Ricky Polston,Justice of the Supreme Court,NA,UnderVotes,1183
Baker,Retention of Ricky Polston,Justice of the Supreme Court,NOP,No,2829
Baker,Retention of Ricky Polston,Justice of the Supreme Court,NOP,Yes,6723
Baker,Retention of Ross L. Bilbrey,First District Court of Appeal,NA,OverVotes,4
Baker,Retention of Ross L. Bilbrey,First District Court of Appeal,NA,UnderVotes,1334
Baker,Retention of Ross L. Bilbrey,First District Court of Appeal,NOP,No,3060
Baker,Retention of Ross L. Bilbrey,First District Court of Appeal,NOP,Yes,6338
Baker,Retention of Susan Kelsey,First District Court of Appeal,NA,OverVotes,7
Baker,Retention of Susan Kelsey,First District Court of Appeal,NA,UnderVotes,1395
Baker,Retention of Susan Kelsey,First District Court of Appeal,NOP,No,2950
Baker,Retention of Susan Kelsey,First District Court of Appeal,NOP,Yes,6384
Baker,School Board,4,NA,OverVotes,0
Baker,School Board,4,NA,UnderVotes,466
Baker,School Board,4,NOP,Mandi Canaday,5627
Baker,School Board,4,NOP,Michele Hodges,4643
Baker,U.S. House,3,DEM,Danielle Hawk,1152
Baker,U.S. House,3,NA,OverVotes,0
Baker,U.S. House,3,NA,UnderVotes,124
Baker,U.S. House,3,NPA,Linda S. Brooks,81
Baker,U.S. House,3,REP,Kat Cammack,9379
Baker,U.S. Senate,NA,DEM,Val Demings,1181
Baker,U.S. Senate,NA,LPF,Dennis Misigoy,43
Baker,U.S. Senate,NA,NA,OverVotes,1
Baker,U.S. Senate,NA,NA,UnderVotes,38
Baker,U.S. Senate,NA,NA,WriteinVotes,5
Baker,U.S. Senate,NA,NPA,Steven B. Grant,31
Baker,U.S. Senate,NA,NPA,Tuan TQ Nguyen,6
Baker,U.S. Senate,NA,REP,Marco Rubio,9431
Bay,Amendment No. 1: Limitation On Assessment of Real Property Used For Residential Purposes,NA,NA,OverVotes,21
Bay,Amendment No. 1: Limitation On Assessment of Real Property Used For Residential Purposes,NA,NA,UnderVotes,4568
Bay,Amendment No. 1: Limitation On Assessment of Real Property Used For Residential Purposes,NA,NOP,No for Rejection,25366
Bay,Amendment No. 1: Limitation On Assessment of Real Property Used For Residential Purposes,NA,NOP,Yes for Approval,37288
Bay,Amendment No. 2: Abolishing the Constitution Revision Commission,NA,NA,OverVotes,23
Bay,Amendment No. 2: Abolishing the Constitution Revision Commission,NA,NA,UnderVotes,5028
Bay,Amendment No. 2: Abolishing the Constitution Revision Commission,NA,NOP,No for Rejection,27079
Bay,Amendment No. 2: Abolishing the Constitution Revision Commission,NA,NOP,Yes for Approval,35113
Bay,Amendment No. 3: Additional Homestead Property Tax Exemption For Specified Critical Public Services Workforce,NA,NA,OverVotes,23
Bay,Amendment No. 3: Additional Homestead Property Tax Exemption For Specified Critical Public Services Workforce,NA,NA,UnderVotes,3394
Bay,Amendment No. 3: Additional Homestead Property Tax Exemption For Specified Critical Public Services Workforce,NA,NOP,No for Rejection,24290
Bay,Amendment No. 3: Additional Homestead Property Tax Exemption For Specified Critical Public Services Workforce,NA,NOP,Yes for Approval,39536
Bay,Attorney General,NA,DEM,Aramis Ayala,13991
Bay,Attorney General,NA,NA,OverVotes,4
Bay,Attorney General,NA,NA,UnderVotes,520
Bay,Attorney General,NA,REP,Ashley Moody,52728
Bay,Chief Financial Officer,NA,DEM,Adam Hattersley,12913
Bay,Chief Financial Officer,NA,NA,OverVotes,2
Bay,Chief Financial Officer,NA,NA,UnderVotes,409
Bay,Chief Financial Officer,NA,REP,Jimmy Patronis,53919
Bay,Commissioner of Agriculture,NA,DEM,Naomi Esther Blemur,14810
Bay,Commissioner of Agriculture,NA,NA,OverVotes,13
Bay,Commissioner of Agriculture,NA,NA,UnderVotes,1087
Bay,Commissioner of Agriculture,NA,REP,Wilton Simpson,51333
Bay,Governor,NA,DEM,Crist / Hernandez,14091
Bay,Governor,NA,LPF,Roos / Rorabaugh,199
Bay,Governor,NA,NA,OverVotes,17
Bay,Governor,NA,NA,UnderVotes,133
Bay,Governor,NA,NPA,Gimenez / Gibson,213
Bay,Governor,NA,REP,DeSantis / Nuñez,52590
Bay,Registered Voters,NA,NA,NA,124338
Bay,Retention of Bo Winokur,First District Court of Appeal,NA,OverVotes,21
Bay,Retention of Bo Winokur,First District Court of Appeal,NA,UnderVotes,7458
Bay,Retention of Bo Winokur,First District Court of Appeal,NOP,No,18872
Bay,Retention of Bo Winokur,First District Court of Appeal,NOP,Yes,40892
Bay,Retention of Bobby Long,First District Court of Appeal,NA,OverVotes,41
Bay,Retention of Bobby Long,First District Court of Appeal,NA,UnderVotes,7469
Bay,Retention of Bobby Long,First District Court of Appeal,NOP,No,17538
Bay,Retention of Bobby Long,First District Court of Appeal,NOP,Yes,42195
Bay,Retention of Charles T. Canady,Justice of the Supreme Court,NA,OverVotes,32
Bay,Retention of Charles T. Canady,Justice of the Supreme Court,NA,UnderVotes,6639
Bay,Retention of Charles T. Canady,Justice of the Supreme Court,NOP,No,19845
Bay,Retention of Charles T. Canady,Justice of the Supreme Court,NOP,Yes,40727
Bay,Retention of Jamie Grosshans,Justice of the Supreme Court,NA,OverVotes,34
Bay,Retention of Jamie Grosshans,Justice of the Supreme Court,NA,UnderVotes,7129
Bay,Retention of Jamie Grosshans,Justice of the Supreme Court,NOP,No,17710
Bay,Retention of Jamie Grosshans,Justice of the Supreme Court,NOP,Yes,42370
Bay,Retention of John D. Couriel,Justice of the Supreme Court,NA,OverVotes,29
Bay,Retention of John D. Couriel,Justice of the Supreme Court,NA,UnderVotes,6947
Bay,Retention of John D. Couriel,Justice of the Supreme Court,NOP,No,17805
Bay,Retention of John D. Couriel,Justice of the Supreme Court,NOP,Yes,42462
Bay,Retention of Jorge Labarga,Justice of the Supreme Court,NA,OverVotes,36
Bay,Retention of Jorge Labarga,Justice of the Supreme Court,NA,UnderVotes,7104
Bay,Retention of Jorge Labarga,Justice of the Supreme Court,NOP,No,23927
Bay,Retention of Jorge Labarga,Justice of the Supreme Court,NOP,Yes,36176
Bay,Retention of Lori S. Rowe,First District Court of Appeal,NA,OverVotes,43
Bay,Retention of Lori S. Rowe,First District Court of Appeal,NA,UnderVotes,7426
Bay,Retention of Lori S. Rowe,First District Court of Appeal,NOP,No,19656
Bay,Retention of Lori S. Rowe,First District Court of Appeal,NOP,Yes,40118
Bay,Retention of Ricky Polston,Justice of the Supreme Court,NA,OverVotes,19
Bay,Retention of Ricky Polston,Justice of the Supreme Court,NA,UnderVotes,7019
Bay,Retention of Ricky Polston,Justice of the Supreme Court,NOP,No,20764
Bay,Retention of Ricky Polston,Justice of the Supreme Court,NOP,Yes,39441
Bay,Retention of Ross L. Bilbrey,First District Court of Appeal,NA,OverVotes,97
Bay,Retention of Ross L. Bilbrey,First District Court of Appeal,NA,UnderVotes,7368
Bay,Retention of Ross L. Bilbrey,First District Court of Appeal,NOP,No,18897
Bay,Retention of Ross L. Bilbrey,First District Court of Appeal,NOP,Yes,40881
Bay,Retention of Susan Kelsey,First District Court of Appeal,NA,OverVotes,28
Bay,Retention of Susan Kelsey,First District Court of Appeal,NA,UnderVotes,7725
Bay,Retention of Susan Kelsey,First District Court of Appeal,NOP,No,18459
Bay,Retention of Susan Kelsey,First District Court of Appeal,NOP,Yes,41031
Bay,State Senate,2,DEM,Carolynn Zonia,14443
Bay,State Senate,2,NA,OverVotes,8
Bay,State Senate,2,NA,UnderVotes,975
Bay,State Senate,2,REP,Jay Trumbull,51817
Bay,U.S. House,2,DEM,Al Lawson,14990
Bay,U.S. House,2,NA,OverVotes,9
Bay,U.S. House,2,NA,UnderVotes,396
Bay,U.S. House,2,REP,Neal Dunn,51848
Bay,U.S. Senate,NA,DEM,Val Demings,14547
Bay,U.S. Senate,NA,LPF,Dennis Misigoy,300
Bay,U.S. Senate,NA,NA,OverVotes,14
Bay,U.S. Senate,NA,NA,UnderVotes,220
Bay,U.S. Senate,NA,NA,WriteinVotes,54
Bay,U.S. Senate,NA,NPA,Steven B. Grant,255
Bay,U.S. Senate,NA,NPA,Tuan TQ Nguyen,196
Bay,U.S. Senate,NA,REP,Marco Rubio,51657
Bradford,Amendment No. 1: Limitation On Assessment of Real Property Used For Residential Purposes,NA,NA,OverVotes,11
Bradford,Amendment No. 1: Limitation On Assessment of Real Property Used For Residential Purposes,NA,NA,UnderVotes,1321
Bradford,Amendment No. 1: Limitation On Assessment of Real Property Used For Residential Purposes,NA,NOP,No for Rejection,4027
Bradford,Amendment No. 1: Limitation On Assessment of Real Property Used For Residential Purposes,NA,NOP,Yes for Approval,4931
Bradford,Amendment No. 2: Abolishing the Constitution Revision Commission,NA,NA,OverVotes,10
Bradford,Amendment No. 2: Abolishing the Constitution Revision Commission,NA,NA,UnderVotes,1390
Bradford,Amendment No. 2: Abolishing the Constitution Revision Commission,NA,NOP,No for Rejection,3994
Bradford,Amendment No. 2: Abolishing the Constitution Revision Commission,NA,NOP,Yes for Approval,4896
Bradford,Amendment No. 3: Additional Homestead Property Tax Exemption For Specified Critical Public Services Workforce,NA,NA,OverVotes,8
Bradford,Amendment No. 3: Additional Homestead Property Tax Exemption For Specified Critical Public Services Workforce,NA,NA,UnderVotes,830
Bradford,Amendment No. 3: Additional Homestead Property Tax Exemption For Specified Critical Public Services Workforce,NA,NOP,No for Rejection,3924
Bradford,Amendment No. 3: Additional Homestead Property Tax Exemption For Specified Critical Public Services Workforce,NA,NOP,Yes for Approval,5528
Bradford,Attorney General,NA,DEM,Aramis Ayala,1790
Bradford,Attorney General,NA,NA,OverVotes,0
Bradford,Attorney General,NA,NA,UnderVotes,171
Bradford,Attorney General,NA,REP,Ashley Moody,8329
Bradford,Chief Financial Officer,NA,DEM,Adam Hattersley,1892
Bradford,Chief Financial Officer,NA,NA,OverVotes,1
Bradford,Chief Financial Officer,NA,NA,UnderVotes,256
Bradford,Chief Financial Officer,NA,REP,Jimmy Patronis,8141
Bradford,Circuit Judge,"8th Judicial Circuit, Group 12",NA,OverVotes,1
Bradford,Circuit Judge,"8th Judicial Circuit, Group 12",NA,UnderVotes,1530
Bradford,Circuit Judge,"8th Judicial Circuit, Group 12",NOP,AuBroncee Martin,1311
Bradford,Circuit Judge,"8th Judicial Circuit, Group 12",NOP,Sean Brewer,7448
Bradford,Commissioner of Agriculture,NA,DEM,Naomi Esther Blemur,1886
Bradford,Commissioner of Agriculture,NA,NA,OverVotes,0
Bradford,Commissioner of Agriculture,NA,NA,UnderVotes,315
Bradford,Commissioner of Agriculture,NA,REP,Wilton Simpson,8089
Bradford,Governor,NA,DEM,Crist / Hernandez,1852
Bradford,Governor,NA,LPF,Roos / Rorabaugh,23
Bradford,Governor,NA,NA,OverVotes,5
Bradford,Governor,NA,NA,UnderVotes,18
Bradford,Governor,NA,NPA,Gimenez / Gibson,46
Bradford,Governor,NA,REP,DeSantis / Nuñez,8346
Bradford,Registered Voters,NA,NA,NA,17986
Bradford,Retention of Bo Winokur,First District Court of Appeal,NA,OverVotes,2
Bradford,Retention of Bo Winokur,First District Court of Appeal,NA,UnderVotes,2174
Bradford,Retention of Bo Winokur,First District Court of Appeal,NOP,No,2854
Bradford,Retention of Bo Winokur,First District Court of Appeal,NOP,Yes,5260
Bradford,Retention of Bobby Long,First District Court of Appeal,NA,OverVotes,2
Bradford,Retention of Bobby Long,First District Court of Appeal,NA,UnderVotes,1995
Bradford,Retention of Bobby Long,First District Court of Appeal,NOP,No,2656
Bradford,Retention of Bobby Long,First District Court of Appeal,NOP,Yes,5637
Bradford,Retention of Charles T. Canady,Justice of the Supreme Court,NA,OverVotes,5
Bradford,Retention of Charles T. Canady,Justice of the Supreme Court,NA,UnderVotes,1810
Bradford,Retention of Charles T. Canady,Justice of the Supreme Court,NOP,No,2996
Bradford,Retention of Charles T. Canady,Justice of the Supreme Court,NOP,Yes,5479
Bradford,Retention of Jamie Grosshans,Justice of the Supreme Court,NA,OverVotes,2
Bradford,Retention of Jamie Grosshans,Justice of the Supreme Court,NA,UnderVotes,1880
Bradford,Retention of Jamie Grosshans,Justice of the Supreme Court,NOP,No,2781
Bradford,Retention of Jamie Grosshans,Justice of the Supreme Court,NOP,Yes,5627
Bradford,Retention of John D. Couriel,Justice of the Supreme Court,NA,OverVotes,5
Bradford,Retention of John D. Couriel,Justice of the Supreme Court,NA,UnderVotes,1949
Bradford,Retention of John D. Couriel,Justice of the Supreme Court,NOP,No,2763
Bradford,Retention of John D. Couriel,Justice of the Supreme Court,NOP,Yes,5573
Bradford,Retention of Jorge Labarga,Justice of the Supreme Court,NA,OverVotes,7
Bradford,Retention of Jorge Labarga,Justice of the Supreme Court,NA,UnderVotes,1900
Bradford,Retention of Jorge Labarga,Justice of the Supreme Court,NOP,No,3804
Bradford,Retention of Jorge Labarga,Justice of the Supreme Court,NOP,Yes,4579
Bradford,Retention of Lori S. Rowe,First District Court of Appeal,NA,OverVotes,2
Bradford,Retention of Lori S. Rowe,First District Court of Appeal,NA,UnderVotes,2083
Bradford,Retention of Lori S. Rowe,First District Court of Appeal,NOP,No,2908
Bradford,Retention of Lori S. Rowe,First District Court of Appeal,NOP,Yes,5297
Bradford,Retention of Ricky Polston,Justice of the Supreme Court,NA,OverVotes,8
Bradford,Retention of Ricky Polston,Justice of the Supreme Court,NA,UnderVotes,1955
Bradford,Retention of Ricky Polston,Justice of the Supreme Court,NOP,No,3151
Bradford,Retention of Ricky Polston,Justice of the Supreme Court,NOP,Yes,5176
Bradford,Retention of Ross L. Bilbrey,First District Court of Appeal,NA,OverVotes,6
Bradford,Retention of Ross L. Bilbrey,First District Court of Appeal,NA,UnderVotes,2006
Bradford,Retention of Ross L. Bilbrey,First District Court of Appeal,NOP,No,2927
Bradford,Retention of Ross L. Bilbrey,First District Court of Appeal,NOP,Yes,5351
Bradford,Retention of Susan Kelsey,First District Court of Appeal,NA,OverVotes,3
Bradford,Retention of Susan Kelsey,First District Court of Appeal,NA,UnderVotes,2048
Bradford,Retention of Susan Kelsey,First District Court of Appeal,NOP,No,2796
Bradford,Retention of Susan Kelsey,First District Court of Appeal,NOP,Yes,5443
Bradford,U.S. House,3,DEM,Danielle Hawk,1859
Bradford,U.S. House,3,NA,OverVotes,2
Bradford,U.S. House,3,NA,UnderVotes,120
Bradford,U.S. House,3,NPA,Linda S. Brooks,130
Bradford,U.S. House,3,REP,Kat Cammack,8179
Bradford,U.S. Senate,NA,DEM,Val Demings,1942
Bradford,U.S. Senate,NA,LPF,Dennis Misigoy,37
Bradford,U.S. Senate,NA,NA,OverVotes,0
Bradford,U.S. Senate,NA,NA,UnderVotes,77
Bradford,U.S. Senate,NA,NA,WriteinVotes,4
Bradford,U.S. Senate,NA,NPA,Steven B. Grant,55
Bradford,U.S. Senate,NA,NPA,Tuan TQ Nguyen,19
Bradford,U.S. Senate,NA,REP,Marco Rubio,8156
Brevard,Amendment No. 1: Limitation On Assessment of Real Property Used For Residential Purposes,NA,NA,OverVotes,122
Brevard,Amendment No. 1: Limitation On Assessment of Real Property Used For Residential Purposes,NA,NA,UnderVotes,24184
Brevard,Amendment No. 1: Limitation On Assessment of Real Property Used For Residential Purposes,NA,NOP,No for Rejection,97478
Brevard,Amendment No. 1: Limitation On Assessment of Real Property Used For Residential Purposes,NA,NOP,Yes for Approval,146551
Brevard,Amendment No. 2: Abolishing the Constitution Revision Commission,NA,NA,OverVotes,98
Brevard,Amendment No. 2: Abolishing the Constitution Revision Commission,NA,NA,UnderVotes,26732
Brevard,Amendment No. 2: Abolishing the Constitution Revision Commission,NA,NOP,No for Rejection,106264
Brevard,Amendment No. 2: Abolishing the Constitution Revision Commission,NA,NOP,Yes for Approval,135241
Brevard,Amendment No. 3: Additional Homestead Property Tax Exemption For Specified Critical Public Services Workforce,NA,NA,OverVotes,130
Brevard,Amendment No. 3: Additional Homestead Property Tax Exemption For Specified Critical Public Services Workforce,NA,NA,UnderVotes,18150
Brevard,Amendment No. 3: Additional Homestead Property Tax Exemption For Specified Critical Public Services Workforce,NA,NOP,No for Rejection,123952
Brevard,Amendment No. 3: Additional Homestead Property Tax Exemption For Specified Critical Public Services Workforce,NA,NOP,Yes for Approval,126103
Brevard,Attorney General,NA,DEM,Aramis Ayala,88987
Brevard,Attorney General,NA,NA,OverVotes,31
Brevard,Attorney General,NA,NA,UnderVotes,3959
Brevard,Attorney General,NA,REP,Ashley Moody,175358
Brevard,Barefoot Bay Recreation District (Vote For 3),NA,NA,OverVotes,3
Brevard,Barefoot Bay Recreation District (Vote For 3),NA,NA,UnderVotes,3168
Brevard,Barefoot Bay Recreation District (Vote For 3),NA,NOP,Bruce Amoss,1765
Brevard,Barefoot Bay Recreation District (Vote For 3),NA,NOP,Joseph B Klosky,1470
Brevard,Barefoot Bay Recreation District (Vote For 3),NA,NOP,Lynn Tummolo,1667
Brevard,Barefoot Bay Recreation District (Vote For 3),NA,NOP,Michael R. Morrissey,1200
Brevard,Baytree Community Development District,Group 4,NA,OverVotes,0
Brevard,Baytree Community Development District,Group 4,NA,UnderVotes,99
Brevard,Baytree Community Development District,Group 4,NOP,"Janice ""Jan"" Hill",462
Brevard,Baytree Community Development District,Group 4,NOP,Stu Waldron,143
Brevard,Baytree Community Development District,Group 5,NA,OverVotes,0
Brevard,Baytree Community Development District,Group 5,NA,UnderVotes,146
Brevard,Baytree Community Development District,Group 5,NOP,April Simmons,310
Brevard,Baytree Community Development District,Group 5,NOP,Jeremy Tippey,248
Brevard,Chief Financial Officer,NA,DEM,Adam Hattersley,93923
Brevard,Chief Financial Officer,NA,NA,OverVotes,26
Brevard,Chief Financial Officer,NA,NA,UnderVotes,6644
Brevard,Chief Financial Officer,NA,REP,Jimmy Patronis,167742
Brevard,Commissioner of Agriculture,NA,DEM,Naomi Esther Blemur,94301
Brevard,Commissioner of Agriculture,NA,NA,OverVotes,16
Brevard,Commissioner of Agriculture,NA,NA,UnderVotes,6378
Brevard,Commissioner of Agriculture,NA,REP,Wilton Simpson,167640
Brevard,County Commissioner,2,NA,OverVotes,27
Brevard,County Commissioner,2,NA,UnderVotes,4363
Brevard,County Commissioner,2,NPA,"Dontavious ""Tay Duh Mayuh"" Smith",13960
Brevard,County Commissioner,2,REP,Tom Goodson,37949
Brevard,County Commissioner,4,NA,OverVotes,11
Brevard,County Commissioner,4,NA,UnderVotes,15359
Brevard,County Commissioner,4,NA,WriteinVotes,3717
Brevard,County Commissioner,4,REP,Rob Feltner,43470
Brevard,County Court Judge,Group 4,NA,OverVotes,276
Brevard,County Court Judge,Group 4,NA,UnderVotes,36067
Brevard,County Court Judge,Group 4,NOP,Kimberly Musselman,121427
Brevard,County Court Judge,Group 4,NOP,Renee Torpy,110565
Brevard,Governor,NA,DEM,Crist / Hernandez,95131
Brevard,Governor,NA,LPF,Roos / Rorabaugh,756
Brevard,Governor,NA,NA,OverVotes,52
Brevard,Governor,NA,NA,UnderVotes,830
Brevard,Governor,NA,NPA,Gimenez / Gibson,1004
Brevard,Governor,NA,REP,DeSantis / Nuñez,170562
Brevard,Montecito Community Development District,Seat 5,NA,OverVotes,0
Brevard,Montecito Community Development District,Seat 5,NA,UnderVotes,60
Brevard,Montecito Community Development District,Seat 5,NOP,Joline P. Nivert,137
Brevard,Montecito Community Development District,Seat 5,NOP,Richard Wellman,278
Brevard,Registered Voters,NA,NA,NA,460372
Brevard,Retention of Brian D. Lambert,Fifth District Court of Appeal,NA,OverVotes,167
Brevard,Retention of Brian D. Lambert,Fifth District Court of Appeal,NA,UnderVotes,38557
Brevard,Retention of Brian D. Lambert,Fifth District Court of Appeal,NOP,No,62249
Brevard,Retention of Brian D. Lambert,Fifth District Court of Appeal,NOP,Yes,167362
Brevard,Retention of Carrie Ann Wozniak,Fifth District Court of Appeal,NA,OverVotes,53
Brevard,Retention of Carrie Ann Wozniak,Fifth District Court of Appeal,NA,UnderVotes,38762
Brevard,Retention of Carrie Ann Wozniak,Fifth District Court of Appeal,NOP,No,72101
Brevard,Retention of Carrie Ann Wozniak,Fifth District Court of Appeal,NOP,Yes,157419
Brevard,Retention of Charles T. Canady,Justice of the Supreme Court,NA,OverVotes,135
Brevard,Retention of Charles T. Canady,Justice of the Supreme Court,NA,UnderVotes,32754
Brevard,Retention of Charles T. Canady,Justice of the Supreme Court,NOP,No,79735
Brevard,Retention of Charles T. Canady,Justice of the Supreme Court,NOP,Yes,155711
Brevard,Retention of Dan Traver,Fifth District Court of Appeal,NA,OverVotes,66
Brevard,Retention of Dan Traver,Fifth District Court of Appeal,NA,UnderVotes,39062
Brevard,Retention of Dan Traver,Fifth District Court of Appeal,NOP,No,73531
Brevard,Retention of Dan Traver,Fifth District Court of Appeal,NOP,Yes,155676
Brevard,Retention of James A. Edwards,Fifth District Court of Appeal,NA,OverVotes,58
Brevard,Retention of James A. Edwards,Fifth District Court of Appeal,NA,UnderVotes,39782
Brevard,Retention of James A. Edwards,Fifth District Court of Appeal,NOP,No,72407
Brevard,Retention of James A. Edwards,Fifth District Court of Appeal,NOP,Yes,156088
Brevard,Retention of Jamie Grosshans,Justice of the Supreme Court,NA,OverVotes,137
Brevard,Retention of Jamie Grosshans,Justice of the Supreme Court,NA,UnderVotes,35231
Brevard,Retention of Jamie Grosshans,Justice of the Supreme Court,NOP,No,78264
Brevard,Retention of Jamie Grosshans,Justice of the Supreme Court,NOP,Yes,154703
Brevard,Retention of Jay Cohen,Fifth District Court of Appeal,NA,OverVotes,133
Brevard,Retention of Jay Cohen,Fifth District Court of Appeal,NA,UnderVotes,37600
Brevard,Retention of Jay Cohen,Fifth District Court of Appeal,NOP,No,96302
Brevard,Retention of Jay Cohen,Fifth District Court of Appeal,NOP,Yes,134300
Brevard,Retention of John D. Couriel,Justice of the Supreme Court,NA,OverVotes,77
Brevard,Retention of John D. Couriel,Justice of the Supreme Court,NA,UnderVotes,34521
Brevard,Retention of John D. Couriel,Justice of the Supreme Court,NOP,No,79101
Brevard,Retention of John D. Couriel,Justice of the Supreme Court,NOP,Yes,154636
Brevard,Retention of Jorge Labarga,Justice of the Supreme Court,NA,OverVotes,203
Brevard,Retention of Jorge Labarga,Justice of the Supreme Court,NA,UnderVotes,35490
Brevard,Retention of Jorge Labarga,Justice of the Supreme Court,NOP,No,89468
Brevard,Retention of Jorge Labarga,Justice of the Supreme Court,NOP,Yes,143174
Brevard,Retention of Mary Nardella,Fifth District Court of Appeal,NA,OverVotes,77
Brevard,Retention of Mary Nardella,Fifth District Court of Appeal,NA,UnderVotes,38321
Brevard,Retention of Mary Nardella,Fifth District Court of Appeal,NOP,No,74630
Brevard,Retention of Mary Nardella,Fifth District Court of Appeal,NOP,Yes,155307
Brevard,Retention of Ricky Polston,Justice of the Supreme Court,NA,OverVotes,110
Brevard,Retention of Ricky Polston,Justice of the Supreme Court,NA,UnderVotes,35725
Brevard,Retention of Ricky Polston,Justice of the Supreme Court,NOP,No,82421
Brevard,Retention of Ricky Polston,Justice of the Supreme Court,NOP,Yes,150079
Brevard,School Board,2,NA,OverVotes,22
Brevard,School Board,2,NA,UnderVotes,5003
Brevard,School Board,2,NOP,Erin Dunne,21833
Brevard,School Board,2,NOP,Gene Trent,24909
Brevard,State House,30,NA,OverVotes,1
Brevard,State House,30,NA,UnderVotes,3649
Brevard,State House,30,NA,WriteinVotes,1206
Brevard,State House,30,REP,Chase Tramont,13937
Brevard,State House,33,DEM,Anthony Yantz,30289
Brevard,State House,33,NA,OverVotes,7
Brevard,State House,33,NA,UnderVotes,1266
Brevard,State House,33,REP,Randy Fine,38130
Brevard,State House,34,DEM,Karen Greb,3179
Brevard,State House,34,NA,OverVotes,0
Brevard,State House,34,NA,UnderVotes,287
Brevard,State House,34,REP,Robert Brackett,7224
Brevard,State Senate,8,DEM,Andrea Williams,9343
Brevard,State Senate,8,NA,OverVotes,3
Brevard,State Senate,8,NA,UnderVotes,580
Brevard,State Senate,8,REP,Tommy A. Wright,18774
Brevard,U.S. House,8,DEM,Joanne Terry,95227
Brevard,U.S. House,8,NA,OverVotes,23
Brevard,U.S. House,8,NA,UnderVotes,3318
Brevard,U.S. House,8,REP,Bill Posey,169767
Brevard,U.S. Senate,NA,DEM,Val Demings,98978
Brevard,U.S. Senate,NA,LPF,Dennis Misigoy,1236
Brevard,U.S. Senate,NA,NA,OverVotes,56
Brevard,U.S. Senate,NA,NA,UnderVotes,1000
Brevard,U.S. Senate,NA,NA,WriteinVotes,126
Brevard,U.S. Senate,NA,NPA,Steven B. Grant,1075
Brevard,U.S. Senate,NA,NPA,Tuan TQ Nguyen,631
Brevard,U.S. Senate,NA,REP,Marco Rubio,165233
Broward,Amendment No. 1: Limitation On Assessment of Real Property Used For Residential Purposes,NA,NA,OverVotes,399
Broward,Amendment No. 1: Limitation On Assessment of Real Property Used For Residential Purposes,NA,NA,UnderVotes,69733
Broward,Amendment No. 1: Limitation On Assessment of Real Property Used For Residential Purposes,NA,NOP,No for Rejection,202483
Broward,Amendment No. 1: Limitation On Assessment of Real Property Used For Residential Purposes,NA,NOP,Yes for Approval,328361
Broward,Amendment No. 2: Abolishing the Constitution Revision Commission,NA,NA,OverVotes,366
Broward,Amendment No. 2: Abolishing the Constitution Revision Commission,NA,NA,UnderVotes,73003
Broward,Amendment No. 2: Abolishing the Constitution Revision Commission,NA,NOP,No for Rejection,238081
Broward,Amendment No. 2: Abolishing the Constitution Revision Commission,NA,NOP,Yes for Approval,289526
Broward,Amendment No. 3: Additional Homestead Property Tax Exemption For Specified Critical Public Services Workforce,NA,NA,OverVotes,297
Broward,Amendment No. 3: Additional Homestead Property Tax Exemption For Specified Critical Public Services Workforce,NA,NA,UnderVotes,54897
Broward,Amendment No. 3: Additional Homestead Property Tax Exemption For Specified Critical Public Services Workforce,NA,NOP,No for Rejection,197959
Broward,Amendment No. 3: Additional Homestead Property Tax Exemption For Specified Critical Public Services Workforce,NA,NOP,Yes for Approval,347705
Broward,Attorney General,NA,DEM,Aramis Ayala,344127
Broward,Attorney General,NA,NA,OverVotes,127
Broward,Attorney General,NA,NA,UnderVotes,11017
Broward,Attorney General,NA,REP,Ashley Moody,245705
Broward,Central Broward Water Control District,Zone 2,NA,OverVotes,0
Broward,Central Broward Water Control District,Zone 2,NA,UnderVotes,2775
Broward,Central Broward Water Control District,Zone 2,NOP,Jake Wolfe,2252
Broward,Central Broward Water Control District,Zone 2,NOP,Susan Coyle,5116
Broward,Chief Financial Officer,NA,DEM,Adam Hattersley,343187
Broward,Chief Financial Officer,NA,NA,OverVotes,60
Broward,Chief Financial Officer,NA,NA,UnderVotes,13769
Broward,Chief Financial Officer,NA,REP,Jimmy Patronis,243960
Broward,Circuit Judge,"17th Judicial Circuit, Group 23",NA,OverVotes,411
Broward,Circuit Judge,"17th Judicial Circuit, Group 23",NA,UnderVotes,121978
Broward,Circuit Judge,"17th Judicial Circuit, Group 23",NOP,Gary M. Farmer Jr,261294
Broward,Circuit Judge,"17th Judicial Circuit, Group 23",NOP,Tania Maria Williams,217293
Broward,Circuit Judge,"17th Judicial Circuit, Group 51",NA,OverVotes,256
Broward,Circuit Judge,"17th Judicial Circuit, Group 51",NA,UnderVotes,109413
Broward,Circuit Judge,"17th Judicial Circuit, Group 51",NOP,Lorena Mastrarrigo,271253
Broward,Circuit Judge,"17th Judicial Circuit, Group 51",NOP,Tamar N. Hamilton,220054
Broward,Commissioner of Agriculture,NA,DEM,Naomi Esther Blemur,345307
Broward,Commissioner of Agriculture,NA,NA,OverVotes,84
Broward,Commissioner of Agriculture,NA,NA,UnderVotes,16784
Broward,Commissioner of Agriculture,NA,REP,Wilton Simpson,238801
Broward,Coral Bay Community Development District,Seat 3,NA,OverVotes,0
Broward,Coral Bay Community Development District,Seat 3,NA,UnderVotes,154
Broward,Coral Bay Community Development District,Seat 3,NOP,Lewis M Horn,369
Broward,Coral Bay Community Development District,Seat 3,NOP,Ronald P Gallucci,491
Broward,County Commissioner,2,DEM,Mark D. Bogen,40335
Broward,County Commissioner,2,NA,OverVotes,22
Broward,County Commissioner,2,NA,UnderVotes,18419
Broward,County Commissioner,2,NA,WriteinVotes,3667
Broward,County Court Judge,Group 15,NA,OverVotes,171
Broward,County Court Judge,Group 15,NA,UnderVotes,112608
Broward,County Court Judge,Group 15,NOP,Chris Marion Brown,252328
Broward,County Court Judge,Group 15,NOP,Suzette O. Hyde,235869
Broward,Governor,NA,DEM,Crist / Hernandez,343286
Broward,Governor,NA,LPF,Roos / Rorabaugh,1331
Broward,Governor,NA,NA,OverVotes,261
Broward,Governor,NA,NA,UnderVotes,2108
Broward,Governor,NA,NPA,Gimenez / Gibson,2752
Broward,Governor,NA,REP,DeSantis / Nuñez,251238
Broward,Plantation Acres Improvement District (Vote For 3),NA,NA,OverVotes,0
Broward,Plantation Acres Improvement District (Vote For 3),NA,NA,UnderVotes,4517
Broward,Plantation Acres Improvement District (Vote For 3),NA,NOP,Dax Joseph Watsky,538
Broward,Plantation Acres Improvement District (Vote For 3),NA,NOP,Jeff Munchick,930
Broward,Plantation Acres Improvement District (Vote For 3),NA,NOP,Jorge Santana,801
Broward,Plantation Acres Improvement District (Vote For 3),NA,NOP,Lance Fein,1077
Broward,Registered Voters,NA,NA,NA,1252776
Broward,Retention of Charles T. Canady,Justice of the Supreme Court,NA,OverVotes,352
Broward,Retention of Charles T. Canady,Justice of the Supreme Court,NA,UnderVotes,74751
Broward,Retention of Charles T. Canady,Justice of the Supreme Court,NOP,No,230041
Broward,Retention of Charles T. Canady,Justice of the Supreme Court,NOP,Yes,295832
Broward,Retention of Cory J. Ciklin,Fourth District Court of Appeal,NA,OverVotes,187
Broward,Retention of Cory J. Ciklin,Fourth District Court of Appeal,NA,UnderVotes,88386
Broward,Retention of Cory J. Ciklin,Fourth District Court of Appeal,NOP,No,191584
Broward,Retention of Cory J. Ciklin,Fourth District Court of Appeal,NOP,Yes,320819
Broward,Retention of Dorian K. Damoorgian,Fourth District Court of Appeal,NA,OverVotes,182
Broward,Retention of Dorian K. Damoorgian,Fourth District Court of Appeal,NA,UnderVotes,90431
Broward,Retention of Dorian K. Damoorgian,Fourth District Court of Appeal,NOP,No,197280
Broward,Retention of Dorian K. Damoorgian,Fourth District Court of Appeal,NOP,Yes,313083
Broward,Retention of Ed Artau,Fourth District Court of Appeal,NA,OverVotes,211
Broward,Retention of Ed Artau,Fourth District Court of Appeal,NA,UnderVotes,86320
Broward,Retention of Ed Artau,Fourth District Court of Appeal,NOP,No,230009
Broward,Retention of Ed Artau,Fourth District Court of Appeal,NOP,Yes,284436
Broward,Retention of Jamie Grosshans,Justice of the Supreme Court,NA,OverVotes,225
Broward,Retention of Jamie Grosshans,Justice of the Supreme Court,NA,UnderVotes,80308
Broward,Retention of Jamie Grosshans,Justice of the Supreme Court,NOP,No,237127
Broward,Retention of Jamie Grosshans,Justice of the Supreme Court,NOP,Yes,283316
Broward,Retention of John D. Couriel,Justice of the Supreme Court,NA,OverVotes,210
Broward,Retention of John D. Couriel,Justice of the Supreme Court,NA,UnderVotes,80009
Broward,Retention of John D. Couriel,Justice of the Supreme Court,NOP,No,239630
Broward,Retention of John D. Couriel,Justice of the Supreme Court,NOP,Yes,281127
Broward,Retention of Jonathan D. Gerber,Fourth District Court of Appeal,NA,OverVotes,150
Broward,Retention of Jonathan D. Gerber,Fourth District Court of Appeal,NA,UnderVotes,88693
Broward,Retention of Jonathan D. Gerber,Fourth District Court of Appeal,NOP,No,176174
Broward,Retention of Jonathan D. Gerber,Fourth District Court of Appeal,NOP,Yes,335959
Broward,Retention of Jorge Labarga,Justice of the Supreme Court,NA,OverVotes,451
Broward,Retention of Jorge Labarga,Justice of the Supreme Court,NA,UnderVotes,79248
Broward,Retention of Jorge Labarga,Justice of the Supreme Court,NOP,No,243242
Broward,Retention of Jorge Labarga,Justice of the Supreme Court,NOP,Yes,278035
Broward,Retention of Melanie G. May,Fourth District Court of Appeal,NA,OverVotes,122
Broward,Retention of Melanie G. May,Fourth District Court of Appeal,NA,UnderVotes,96265
Broward,Retention of Melanie G. May,Fourth District Court of Appeal,NOP,No,163299
Broward,Retention of Melanie G. May,Fourth District Court of Appeal,NOP,Yes,341290
Broward,Retention of Ricky Polston,Justice of the Supreme Court,NA,OverVotes,209
Broward,Retention of Ricky Polston,Justice of the Supreme Court,NA,UnderVotes,79686
Broward,Retention of Ricky Polston,Justice of the Supreme Court,NOP,No,225315
Broward,Retention of Ricky Polston,Justice of the Supreme Court,NOP,Yes,295766
Broward,Retention of Robert M. Gross,Fourth District Court of Appeal,NA,OverVotes,237
Broward,Retention of Robert M. Gross,Fourth District Court of Appeal,NA,UnderVotes,91757
Broward,Retention of Robert M. Gross,Fourth District Court of Appeal,NOP,No,231211
Broward,Retention of Robert M. Gross,Fourth District Court of Appeal,NOP,Yes,277771
Broward,Retention of Spencer D. Levine,Fourth District Court of Appeal,NA,OverVotes,159
Broward,Retention of Spencer D. Levine,Fourth District Court of Appeal,NA,UnderVotes,95276
Broward,Retention of Spencer D. Levine,Fourth District Court of Appeal,NOP,No,171986
Broward,Retention of Spencer D. Levine,Fourth District Court of Appeal,NOP,Yes,333555
Broward,School Board,1,NA,OverVotes,37
Broward,School Board,1,NA,UnderVotes,14213
Broward,School Board,1,NOP,Marie Murray Martin,27959
Broward,School Board,1,NOP,"Rodney ""Rod"" Velez",30735
Broward,School Board,5,NA,OverVotes,35
Broward,School Board,5,NA,UnderVotes,10765
Broward,School Board,5,NOP,Jeff Holness,34345
Broward,School Board,5,NOP,Ruth Carter-Lynch,29175
Broward,School Board,6,NA,OverVotes,40
Broward,School Board,6,NA,UnderVotes,14914
Broward,School Board,6,NOP,Brenda Fam,41788
Broward,School Board,6,NOP,Steven R. Julian,39237
Broward,School Board,8,NA,OverVotes,220
Broward,School Board,8,NA,UnderVotes,126928
Broward,School Board,8,NOP,Allen Zeman,243630
Broward,School Board,8,NOP,Donna Pilger Korn,230198
Broward,State House,100,DEM,Linda Thompson Gonzalez,32003
Broward,State House,100,NA,OverVotes,7
Broward,State House,100,NA,UnderVotes,1393
Broward,State House,100,REP,Chip LaMarca,42656
Broward,State House,101,DEM,Hillary Cassel,24980
Broward,State House,101,NA,OverVotes,9
Broward,State House,101,NA,UnderVotes,1390
Broward,State House,101,REP,Guy Silla,21507
Broward,State House,103,DEM,Robin Bartleman,34945
Broward,State House,103,NA,OverVotes,7
Broward,State House,103,NA,UnderVotes,1381
Broward,State House,103,REP,George Navarini,29566
Broward,State House,105,DEM,Marie Woodson,29745
Broward,State House,105,NA,OverVotes,2
Broward,State House,105,NA,UnderVotes,1069
Broward,State House,105,REP,Vincent Parlatore,13673
Broward,State House,96,DEM,Dan Daley,33626
Broward,State House,96,NA,OverVotes,9
Broward,State House,96,NA,UnderVotes,1446
Broward,State House,96,REP,Jenna Hague,21360
Broward,State Senate,30,DEM,Tina Scott Polsky,68330
Broward,State Senate,30,NA,OverVotes,13
Broward,State Senate,30,NA,UnderVotes,4829
Broward,State Senate,30,REP,"William ""Bill"" Reicherter",47679
Broward,Turtle Run Community Development District,Seat 1,NA,OverVotes,1
Broward,Turtle Run Community Development District,Seat 1,NA,UnderVotes,151
Broward,Turtle Run Community Development District,Seat 1,NOP,Chris Kapish,487
Broward,Turtle Run Community Development District,Seat 1,NOP,"James ""Rob"" Shipe",584
Broward,Turtle Run Community Development District,Seat 3,NA,OverVotes,1
Broward,Turtle Run Community Development District,Seat 3,NA,UnderVotes,197
Broward,Turtle Run Community Development District,Seat 3,NOP,Patricia Morgan,416
Broward,Turtle Run Community Development District,Seat 3,NOP,Zaida L. Karnegis,609
Broward,U.S. House,20,DEM,Sheila Cherfilus-McCormick,101958
Broward,U.S. House,20,NA,OverVotes,17
Broward,U.S. House,20,NA,UnderVotes,5622
Broward,U.S. House,20,REP,Drew Montez Clark,34200
Broward,U.S. House,23,DEM,Jared Moskowitz,104053
Broward,U.S. House,23,NA,OverVotes,56
Broward,U.S. House,23,NA,UnderVotes,3749
Broward,U.S. House,23,NPA,Christine Scott,2327
Broward,U.S. House,23,NPA,Mark Napier,1020
Broward,U.S. House,23,REP,Joe Budd,88137
Broward,U.S. House,24,DEM,Frederica Wilson,15407
Broward,U.S. House,24,NA,OverVotes,7
Broward,U.S. House,24,NA,UnderVotes,508
Broward,U.S. House,24,REP,Jesus G. Navarro,3300
Broward,U.S. House,25,DEM,Debbie Wasserman Schultz,129113
Broward,U.S. House,25,NA,OverVotes,30
Broward,U.S. House,25,NA,UnderVotes,6233
Broward,U.S. House,25,REP,Carla Spalding,105239
Broward,U.S. Senate,NA,DEM,Val Demings,353575
Broward,U.S. Senate,NA,LPF,Dennis Misigoy,2081
Broward,U.S. Senate,NA,NA,OverVotes,224
Broward,U.S. Senate,NA,NA,UnderVotes,2585
Broward,U.S. Senate,NA,NA,WriteinVotes,243
Broward,U.S. Senate,NA,NPA,Steven B. Grant,2083
Broward,U.S. Senate,NA,NPA,Tuan TQ Nguyen,1223
Broward,U.S. Senate,NA,REP,Marco Rubio,238962
Broward,Walnut Creek Community Development District,Seat 2,NA,OverVotes,0
Broward,Walnut Creek Community Development District,Seat 2,NA,UnderVotes,154
Broward,Walnut Creek Community Development District,Seat 2,NOP,Betty A Ross,555
Broward,Walnut Creek Community Development District,Seat 2,NOP,Nachman Glazer,299
Calhoun,Amendment No. 1: Limitation On Assessment of Real Property Used For Residential Purposes,NA,NA,OverVotes,2
Calhoun,Amendment No. 1: Limitation On Assessment of Real Property Used For Residential Purposes,NA,NA,UnderVotes,386
Calhoun,Amendment No. 1: Limitation On Assessment of Real Property Used For Residential Purposes,NA,NOP,No for Rejection,2092
Calhoun,Amendment No. 1: Limitation On Assessment of Real Property Used For Residential Purposes,NA,NOP,Yes for Approval,2388
Calhoun,Amendment No. 2: Abolishing the Constitution Revision Commission,NA,NA,OverVotes,2
Calhoun,Amendment No. 2: Abolishing the Constitution Revision Commission,NA,NA,UnderVotes,414
Calhoun,Amendment No. 2: Abolishing the Constitution Revision Commission,NA,NOP,No for Rejection,2060
Calhoun,Amendment No. 2: Abolishing the Constitution Revision Commission,NA,NOP,Yes for Approval,2392
Calhoun,Amendment No. 3: Additional Homestead Property Tax Exemption For Specified Critical Public Services Workforce,NA,NA,OverVotes,2
Calhoun,Amendment No. 3: Additional Homestead Property Tax Exemption For Specified Critical Public Services Workforce,NA,NA,UnderVotes,283
Calhoun,Amendment No. 3: Additional Homestead Property Tax Exemption For Specified Critical Public Services Workforce,NA,NOP,No for Rejection,1937
Calhoun,Amendment No. 3: Additional Homestead Property Tax Exemption For Specified Critical Public Services Workforce,NA,NOP,Yes for Approval,2646
Calhoun,Attorney General,NA,DEM,Aramis Ayala,652
Calhoun,Attorney General,NA,NA,OverVotes,2
Calhoun,Attorney General,NA,NA,UnderVotes,35
Calhoun,Attorney General,NA,REP,Ashley Moody,4179
Calhoun,Chief Financial Officer,NA,DEM,Adam Hattersley,680
Calhoun,Chief Financial Officer,NA,NA,OverVotes,0
Calhoun,Chief Financial Officer,NA,NA,UnderVotes,37
Calhoun,Chief Financial Officer,NA,REP,Jimmy Patronis,4151
Calhoun,Commissioner of Agriculture,NA,DEM,Naomi Esther Blemur,741
Calhoun,Commissioner of Agriculture,NA,NA,OverVotes,1
Calhoun,Commissioner of Agriculture,NA,NA,UnderVotes,82
Calhoun,Commissioner of Agriculture,NA,REP,Wilton Simpson,4044
Calhoun,County Commissioner,2,DEM,Earl Hunt,469
Calhoun,County Commissioner,2,NA,OverVotes,3
Calhoun,County Commissioner,2,NA,UnderVotes,8
Calhoun,County Commissioner,2,REP,Aaron Carter,751
Calhoun,County Commissioner,5,DEM,Harold Pickron,182
Calhoun,County Commissioner,5,NA,OverVotes,0
Calhoun,County Commissioner,5,NA,UnderVotes,12
Calhoun,County Commissioner,5,REP,Gene Bailey,743
Calhoun,Governor,NA,DEM,Crist / Hernandez,657
Calhoun,Governor,NA,LPF,Roos / Rorabaugh,7
Calhoun,Governor,NA,NA,OverVotes,1
Calhoun,Governor,NA,NA,UnderVotes,9
Calhoun,Governor,NA,NPA,Gimenez / Gibson,14
Calhoun,Governor,NA,REP,DeSantis / Nuñez,4180
Calhoun,Registered Voters,NA,NA,NA,8255
Calhoun,Retention of Bo Winokur,First District Court of Appeal,NA,OverVotes,1
Calhoun,Retention of Bo Winokur,First District Court of Appeal,NA,UnderVotes,509
Calhoun,Retention of Bo Winokur,First District Court of Appeal,NOP,No,1582
Calhoun,Retention of Bo Winokur,First District Court of Appeal,NOP,Yes,2776
Calhoun,Retention of Bobby Long,First District Court of Appeal,NA,OverVotes,4
Calhoun,Retention of Bobby Long,First District Court of Appeal,NA,UnderVotes,519
Calhoun,Retention of Bobby Long,First District Court of Appeal,NOP,No,1481
Calhoun,Retention of Bobby Long,First District Court of Appeal,NOP,Yes,2864
Calhoun,Retention of Charles T. Canady,Justice of the Supreme Court,NA,OverVotes,4
Calhoun,Retention of Charles T. Canady,Justice of the Supreme Court,NA,UnderVotes,454
Calhoun,Retention of Charles T. Canady,Justice of the Supreme Court,NOP,No,1529
Calhoun,Retention of Charles T. Canady,Justice of the Supreme Court,NOP,Yes,2881
Calhoun,Retention of Jamie Grosshans,Justice of the Supreme Court,NA,OverVotes,3
Calhoun,Retention of Jamie Grosshans,Justice of the Supreme Court,NA,UnderVotes,485
Calhoun,Retention of Jamie Grosshans,Justice of the Supreme Court,NOP,No,1520
Calhoun,Retention of Jamie Grosshans,Justice of the Supreme Court,NOP,Yes,2860
Calhoun,Retention of John D. Couriel,Justice of the Supreme Court,NA,OverVotes,2
Calhoun,Retention of John D. Couriel,Justice of the Supreme Court,NA,UnderVotes,480
Calhoun,Retention of John D. Couriel,Justice of the Supreme Court,NOP,No,1494
Calhoun,Retention of John D. Couriel,Justice of the Supreme Court,NOP,Yes,2892
Calhoun,Retention of Jorge Labarga,Justice of the Supreme Court,NA,OverVotes,5
Calhoun,Retention of Jorge Labarga,Justice of the Supreme Court,NA,UnderVotes,476
Calhoun,Retention of Jorge Labarga,Justice of the Supreme Court,NOP,No,2227
Calhoun,Retention of Jorge Labarga,Justice of the Supreme Court,NOP,Yes,2160
Calhoun,Retention of Lori S. Rowe,First District Court of Appeal,NA,OverVotes,5
Calhoun,Retention of Lori S. Rowe,First District Court of Appeal,NA,UnderVotes,513
Calhoun,Retention of Lori S. Rowe,First District Court of Appeal,NOP,No,1615
Calhoun,Retention of Lori S. Rowe,First District Court of Appeal,NOP,Yes,2735
Calhoun,Retention of Ricky Polston,Justice of the Supreme Court,NA,OverVotes,0
Calhoun,Retention of Ricky Polston,Justice of the Supreme Court,NA,UnderVotes,479
Calhoun,Retention of Ricky Polston,Justice of the Supreme Court,NOP,No,1555
Calhoun,Retention of Ricky Polston,Justice of the Supreme Court,NOP,Yes,2834
Calhoun,Retention of Ross L. Bilbrey,First District Court of Appeal,NA,OverVotes,5
Calhoun,Retention of Ross L. Bilbrey,First District Court of Appeal,NA,UnderVotes,502
Calhoun,Retention of Ross L. Bilbrey,First District Court of Appeal,NOP,No,1527
Calhoun,Retention of Ross L. Bilbrey,First District Court of Appeal,NOP,Yes,2834
Calhoun,Retention of Susan Kelsey,First District Court of Appeal,NA,OverVotes,1
Calhoun,Retention of Susan Kelsey,First District Court of Appeal,NA,UnderVotes,518
Calhoun,Retention of Susan Kelsey,First District Court of Appeal,NOP,No,1560
Calhoun,Retention of Susan Kelsey,First District Court of Appeal,NOP,Yes,2789
Calhoun,State Senate,2,DEM,Carolynn Zonia,704
Calhoun,State Senate,2,NA,OverVotes,1
Calhoun,State Senate,2,NA,UnderVotes,84
Calhoun,State Senate,2,REP,Jay Trumbull,4079
Calhoun,U.S. House,2,DEM,Al Lawson,768
Calhoun,U.S. House,2,NA,OverVotes,0
Calhoun,U.S. House,2,NA,UnderVotes,32
Calhoun,U.S. House,2,REP,Neal Dunn,4068
Calhoun,U.S. Senate,NA,DEM,Val Demings,700
Calhoun,U.S. Senate,NA,LPF,Dennis Misigoy,13
Calhoun,U.S. Senate,NA,NA,OverVotes,1
Calhoun,U.S. Senate,NA,NA,UnderVotes,32
Calhoun,U.S. Senate,NA,NA,WriteinVotes,3
Calhoun,U.S. Senate,NA,NPA,Steven B. Grant,40
Calhoun,U.S. Senate,NA,NPA,Tuan TQ Nguyen,12
Calhoun,U.S. Senate,NA,REP,Marco Rubio,4067
Charlotte,Amendment No. 1: Limitation On Assessment of Real Property Used For Residential Purposes,NA,NA,OverVotes,38
Charlotte,Amendment No. 1: Limitation On Assessment of Real Property Used For Residential Purposes,NA,NA,UnderVotes,9103
Charlotte,Amendment No. 1: Limitation On Assessment of Real Property Used For Residential Purposes,NA,NOP,No for Rejection,31474
Charlotte,Amendment No. 1: Limitation On Assessment of Real Property Used For Residential Purposes,NA,NOP,Yes for Approval,52318
Charlotte,Amendment No. 2: Abolishing the Constitution Revision Commission,NA,NA,OverVotes,41
Charlotte,Amendment No. 2: Abolishing the Constitution Revision Commission,NA,NA,UnderVotes,10631
Charlotte,Amendment No. 2: Abolishing the Constitution Revision Commission,NA,NOP,No for Rejection,32117
Charlotte,Amendment No. 2: Abolishing the Constitution Revision Commission,NA,NOP,Yes for Approval,50144
Charlotte,Amendment No. 3: Additional Homestead Property Tax Exemption For Specified Critical Public Services Workforce,NA,NA,OverVotes,34
Charlotte,Amendment No. 3: Additional Homestead Property Tax Exemption For Specified Critical Public Services Workforce,NA,NA,UnderVotes,6180
Charlotte,Amendment No. 3: Additional Homestead Property Tax Exemption For Specified Critical Public Services Workforce,NA,NOP,No for Rejection,32632
Charlotte,Amendment No. 3: Additional Homestead Property Tax Exemption For Specified Critical Public Services Workforce,NA,NOP,Yes for Approval,54087
Charlotte,Attorney General,NA,DEM,Aramis Ayala,26285
Charlotte,Attorney General,NA,NA,OverVotes,13
Charlotte,Attorney General,NA,NA,UnderVotes,1582
Charlotte,Attorney General,NA,REP,Ashley Moody,65053
Charlotte,Chief Financial Officer,NA,DEM,Adam Hattersley,26661
Charlotte,Chief Financial Officer,NA,NA,OverVotes,11
Charlotte,Chief Financial Officer,NA,NA,UnderVotes,2615
Charlotte,Chief Financial Officer,NA,REP,Jimmy Patronis,63646
Charlotte,Commissioner of Agriculture,NA,DEM,Naomi Esther Blemur,27142
Charlotte,Commissioner of Agriculture,NA,NA,OverVotes,14
Charlotte,Commissioner of Agriculture,NA,NA,UnderVotes,2167
Charlotte,Commissioner of Agriculture,NA,REP,Wilton Simpson,63610
Charlotte,Englewood Water District,Seat 4,NA,OverVotes,6
Charlotte,Englewood Water District,Seat 4,NA,UnderVotes,1005
Charlotte,Englewood Water District,Seat 4,NOP,Dennis Allen Pinkiewicz Jr,545
Charlotte,Englewood Water District,Seat 4,NOP,Mitchell A. Moe,840
Charlotte,Englewood Water District,Seat 4,NOP,Phyllis E. Wright,2179
Charlotte,Governor,NA,DEM,Crist / Hernandez,27005
Charlotte,Governor,NA,LPF,Roos / Rorabaugh,125
Charlotte,Governor,NA,NA,OverVotes,25
Charlotte,Governor,NA,NA,UnderVotes,202
Charlotte,Governor,NA,NPA,Gimenez / Gibson,219
Charlotte,Governor,NA,REP,DeSantis / Nuñez,65357
Charlotte,Heritage Oak Park Community Development District,Seat 4,NA,OverVotes,0
Charlotte,Heritage Oak Park Community Development District,Seat 4,NA,UnderVotes,39
Charlotte,Heritage Oak Park Community Development District,Seat 4,NOP,Jeanne Teter,327
Charlotte,Heritage Oak Park Community Development District,Seat 4,NOP,John E Sanders,198
Charlotte,Registered Voters,NA,NA,NA,153332
Charlotte,Retention of Charles T. Canady,Justice of the Supreme Court,NA,OverVotes,34
Charlotte,Retention of Charles T. Canady,Justice of the Supreme Court,NA,UnderVotes,14784
Charlotte,Retention of Charles T. Canady,Justice of the Supreme Court,NOP,No,22803
Charlotte,Retention of Charles T. Canady,Justice of the Supreme Court,NOP,Yes,55312
Charlotte,Retention of Craig C. Villanti,Second District Court of Appeal,NA,OverVotes,12
Charlotte,Retention of Craig C. Villanti,Second District Court of Appeal,NA,UnderVotes,17724
Charlotte,Retention of Craig C. Villanti,Second District Court of Appeal,NOP,No,22120
Charlotte,Retention of Craig C. Villanti,Second District Court of Appeal,NOP,Yes,53077
Charlotte,Retention of Jamie Grosshans,Justice of the Supreme Court,NA,OverVotes,29
Charlotte,Retention of Jamie Grosshans,Justice of the Supreme Court,NA,UnderVotes,15753
Charlotte,Retention of Jamie Grosshans,Justice of the Supreme Court,NOP,No,22025
Charlotte,Retention of Jamie Grosshans,Justice of the Supreme Court,NOP,Yes,55126
Charlotte,Retention of John D. Couriel,Justice of the Supreme Court,NA,OverVotes,22
Charlotte,Retention of John D. Couriel,Justice of the Supreme Court,NA,UnderVotes,15856
Charlotte,Retention of John D. Couriel,Justice of the Supreme Court,NOP,No,22037
Charlotte,Retention of John D. Couriel,Justice of the Supreme Court,NOP,Yes,55018
Charlotte,Retention of John K. Stargel,Second District Court of Appeal,NA,OverVotes,50
Charlotte,Retention of John K. Stargel,Second District Court of Appeal,NA,UnderVotes,17725
Charlotte,Retention of John K. Stargel,Second District Court of Appeal,NOP,No,21543
Charlotte,Retention of John K. Stargel,Second District Court of Appeal,NOP,Yes,53615
Charlotte,Retention of Jorge Labarga,Justice of the Supreme Court,NA,OverVotes,61
Charlotte,Retention of Jorge Labarga,Justice of the Supreme Court,NA,UnderVotes,15899
Charlotte,Retention of Jorge Labarga,Justice of the Supreme Court,NOP,No,26094
Charlotte,Retention of Jorge Labarga,Justice of the Supreme Court,NOP,Yes,50879
Charlotte,Retention of Matt Lucas,Second District Court of Appeal,NA,OverVotes,31
Charlotte,Retention of Matt Lucas,Second District Court of Appeal,NA,UnderVotes,17659
Charlotte,Retention of Matt Lucas,Second District Court of Appeal,NOP,No,21043
Charlotte,Retention of Matt Lucas,Second District Court of Appeal,NOP,Yes,54200
Charlotte,Retention of Nelly N. Khouzam,Second District Court of Appeal,NA,OverVotes,46
Charlotte,Retention of Nelly N. Khouzam,Second District Court of Appeal,NA,UnderVotes,17257
Charlotte,Retention of Nelly N. Khouzam,Second District Court of Appeal,NOP,No,21990
Charlotte,Retention of Nelly N. Khouzam,Second District Court of Appeal,NOP,Yes,53640
Charlotte,Retention of Patricia Joan Kelly,Second District Court of Appeal,NA,OverVotes,24
Charlotte,Retention of Patricia Joan Kelly,Second District Court of Appeal,NA,UnderVotes,16216
Charlotte,Retention of Patricia Joan Kelly,Second District Court of Appeal,NOP,No,21216
Charlotte,Retention of Patricia Joan Kelly,Second District Court of Appeal,NOP,Yes,55477
Charlotte,Retention of Ricky Polston,Justice of the Supreme Court,NA,OverVotes,31
Charlotte,Retention of Ricky Polston,Justice of the Supreme Court,NA,UnderVotes,16518
Charlotte,Retention of Ricky Polston,Justice of the Supreme Court,NOP,No,23396
Charlotte,Retention of Ricky Polston,Justice of the Supreme Court,NOP,Yes,52988
Charlotte,Retention of Robert Morris,Second District Court of Appeal,NA,OverVotes,32
Charlotte,Retention of Robert Morris,Second District Court of Appeal,NA,UnderVotes,17811
Charlotte,Retention of Robert Morris,Second District Court of Appeal,NOP,No,23084
Charlotte,Retention of Robert Morris,Second District Court of Appeal,NOP,Yes,52006
Charlotte,Retention of Stevan Travis Northcutt,Second District Court of Appeal,NA,OverVotes,50
Charlotte,Retention of Stevan Travis Northcutt,Second District Court of Appeal,NA,UnderVotes,17704
Charlotte,Retention of Stevan Travis Northcutt,Second District Court of Appeal,NOP,No,25553
Charlotte,Retention of Stevan Travis Northcutt,Second District Court of Appeal,NOP,Yes,49626
Charlotte,Retention of Suzanne Y. Labrit,Second District Court of Appeal,NA,OverVotes,29
Charlotte,Retention of Suzanne Y. Labrit,Second District Court of Appeal,NA,UnderVotes,17443
Charlotte,Retention of Suzanne Y. Labrit,Second District Court of Appeal,NOP,No,20525
Charlotte,Retention of Suzanne Y. Labrit,Second District Court of Appeal,NOP,Yes,54936
Charlotte,Riverwood Community Development District,Seat 5,NA,OverVotes,0
Charlotte,Riverwood Community Development District,Seat 5,NA,UnderVotes,73
Charlotte,Riverwood Community Development District,Seat 5,NOP,Cameron C McKee,654
Charlotte,Riverwood Community Development District,Seat 5,NOP,Dennis E Knaub,562
Charlotte,State Senate,27,DEM,Christopher Proia,26925
Charlotte,State Senate,27,NA,OverVotes,9
Charlotte,State Senate,27,NA,UnderVotes,2495
Charlotte,State Senate,27,REP,Ben Albritton Jr,63504
Charlotte,U.S. House,17,DEM,Andrea Doria Kale,27343
Charlotte,U.S. House,17,NA,OverVotes,10
Charlotte,U.S. House,17,NA,UnderVotes,1069
Charlotte,U.S. House,17,NPA,"Theodore ""Pink Tie"" Murray",611
Charlotte,U.S. House,17,REP,Greg Steube,63900
Charlotte,U.S. Senate,NA,DEM,Val Demings,27757
Charlotte,U.S. Senate,NA,LPF,Dennis Misigoy,254
Charlotte,U.S. Senate,NA,NA,OverVotes,24
Charlotte,U.S. Senate,NA,NA,UnderVotes,427
Charlotte,U.S. Senate,NA,NA,WriteinVotes,36
Charlotte,U.S. Senate,NA,NPA,Steven B. Grant,452
Charlotte,U.S. Senate,NA,NPA,Tuan TQ Nguyen,138
Charlotte,U.S. Senate,NA,REP,Marco Rubio,63845
Citrus,Amendment No. 1: Limitation On Assessment of Real Property Used For Residential Purposes,NA,NA,OverVotes,32
Citrus,Amendment No. 1: Limitation On Assessment of Real Property Used For Residential Purposes,NA,NA,UnderVotes,6268
Citrus,Amendment No. 1: Limitation On Assessment of Real Property Used For Residential Purposes,NA,NOP,No for Rejection,30601
Citrus,Amendment No. 1: Limitation On Assessment of Real Property Used For Residential Purposes,NA,NOP,Yes for Approval,39084
Citrus,Amendment No. 2: Abolishing the Constitution Revision Commission,NA,NA,OverVotes,34
Citrus,Amendment No. 2: Abolishing the Constitution Revision Commission,NA,NA,UnderVotes,6705
Citrus,Amendment No. 2: Abolishing the Constitution Revision Commission,NA,NOP,No for Rejection,30466
Citrus,Amendment No. 2: Abolishing the Constitution Revision Commission,NA,NOP,Yes for Approval,38780
Citrus,Amendment No. 3: Additional Homestead Property Tax Exemption For Specified Critical Public Services Workforce,NA,NA,OverVotes,23
Citrus,Amendment No. 3: Additional Homestead Property Tax Exemption For Specified Critical Public Services Workforce,NA,NA,UnderVotes,4408
Citrus,Amendment No. 3: Additional Homestead Property Tax Exemption For Specified Critical Public Services Workforce,NA,NOP,No for Rejection,34190
Citrus,Amendment No. 3: Additional Homestead Property Tax Exemption For Specified Critical Public Services Workforce,NA,NOP,Yes for Approval,37364
Citrus,Attorney General,NA,DEM,Aramis Ayala,17584
Citrus,Attorney General,NA,NA,OverVotes,13
Citrus,Attorney General,NA,NA,UnderVotes,814
Citrus,Attorney General,NA,REP,Ashley Moody,57574
Citrus,Chief Financial Officer,NA,DEM,Adam Hattersley,19001
Citrus,Chief Financial Officer,NA,NA,OverVotes,6
Citrus,Chief Financial Officer,NA,NA,UnderVotes,1497
Citrus,Chief Financial Officer,NA,REP,Jimmy Patronis,55481
Citrus,Citrus County Mosquito Control District,Seat 3,NA,OverVotes,31
Citrus,Citrus County Mosquito Control District,Seat 3,NA,UnderVotes,11785
Citrus,Citrus County Mosquito Control District,Seat 3,NOP,Joe Adams,31946
Citrus,Citrus County Mosquito Control District,Seat 3,NOP,Steve Pochis,13733
Citrus,Citrus County Mosquito Control District,Seat 3,NOP,Tracy K. Lord,18490
Citrus,Commissioner of Agriculture,NA,DEM,Naomi Esther Blemur,17835
Citrus,Commissioner of Agriculture,NA,NA,OverVotes,8
Citrus,Commissioner of Agriculture,NA,NA,UnderVotes,1482
Citrus,Commissioner of Agriculture,NA,REP,Wilton Simpson,56660
Citrus,County Commissioner,2,NA,OverVotes,13
Citrus,County Commissioner,2,NA,UnderVotes,3181
Citrus,County Commissioner,2,NPA,Paul Grogan,15994
Citrus,County Commissioner,2,REP,Diana Finegan,56797
Citrus,Governor,NA,DEM,Crist / Hernandez,19100
Citrus,Governor,NA,LPF,Roos / Rorabaugh,167
Citrus,Governor,NA,NA,OverVotes,31
Citrus,Governor,NA,NA,UnderVotes,128
Citrus,Governor,NA,NPA,Gimenez / Gibson,276
Citrus,Governor,NA,REP,DeSantis / Nuñez,56283
Citrus,Homosassa Special Water District,Seat 4,NA,OverVotes,0
Citrus,Homosassa Special Water District,Seat 4,NA,UnderVotes,295
Citrus,Homosassa Special Water District,Seat 4,NOP,Jessica Ann MacRae,1426
Citrus,Homosassa Special Water District,Seat 4,NOP,Teresa Olds,385
Citrus,Registered Voters,NA,NA,NA,122182
Citrus,Retention of Brian D. Lambert,Fifth District Court of Appeal,NA,OverVotes,11
Citrus,Retention of Brian D. Lambert,Fifth District Court of Appeal,NA,UnderVotes,9746
Citrus,Retention of Brian D. Lambert,Fifth District Court of Appeal,NOP,No,18503
Citrus,Retention of Brian D. Lambert,Fifth District Court of Appeal,NOP,Yes,47725
Citrus,Retention of Carrie Ann Wozniak,Fifth District Court of Appeal,NA,OverVotes,12
Citrus,Retention of Carrie Ann Wozniak,Fifth District Court of Appeal,NA,UnderVotes,10506
Citrus,Retention of Carrie Ann Wozniak,Fifth District Court of Appeal,NOP,No,17463
Citrus,Retention of Carrie Ann Wozniak,Fifth District Court of Appeal,NOP,Yes,48004
Citrus,Retention of Charles T. Canady,Justice of the Supreme Court,NA,OverVotes,44
Citrus,Retention of Charles T. Canady,Justice of the Supreme Court,NA,UnderVotes,8824
Citrus,Retention of Charles T. Canady,Justice of the Supreme Court,NOP,No,20504
Citrus,Retention of Charles T. Canady,Justice of the Supreme Court,NOP,Yes,46613
Citrus,Retention of Dan Traver,Fifth District Court of Appeal,NA,OverVotes,11
Citrus,Retention of Dan Traver,Fifth District Court of Appeal,NA,UnderVotes,10431
Citrus,Retention of Dan Traver,Fifth District Court of Appeal,NOP,No,17636
Citrus,Retention of Dan Traver,Fifth District Court of Appeal,NOP,Yes,47907
Citrus,Retention of James A. Edwards,Fifth District Court of Appeal,NA,OverVotes,25
Citrus,Retention of James A. Edwards,Fifth District Court of Appeal,NA,UnderVotes,9771
Citrus,Retention of James A. Edwards,Fifth District Court of Appeal,NOP,No,18344
Citrus,Retention of James A. Edwards,Fifth District Court of Appeal,NOP,Yes,47845
Citrus,Retention of Jamie Grosshans,Justice of the Supreme Court,NA,OverVotes,18
Citrus,Retention of Jamie Grosshans,Justice of the Supreme Court,NA,UnderVotes,8983
Citrus,Retention of Jamie Grosshans,Justice of the Supreme Court,NOP,No,18870
Citrus,Retention of Jamie Grosshans,Justice of the Supreme Court,NOP,Yes,48114
Citrus,Retention of Jay Cohen,Fifth District Court of Appeal,NA,OverVotes,17
Citrus,Retention of Jay Cohen,Fifth District Court of Appeal,NA,UnderVotes,9755
Citrus,Retention of Jay Cohen,Fifth District Court of Appeal,NOP,No,22926
Citrus,Retention of Jay Cohen,Fifth District Court of Appeal,NOP,Yes,43287
Citrus,Retention of John D. Couriel,Justice of the Supreme Court,NA,OverVotes,19
Citrus,Retention of John D. Couriel,Justice of the Supreme Court,NA,UnderVotes,9098
Citrus,Retention of John D. Couriel,Justice of the Supreme Court,NOP,No,18835
Citrus,Retention of John D. Couriel,Justice of the Supreme Court,NOP,Yes,48033
Citrus,Retention of Jorge Labarga,Justice of the Supreme Court,NA,OverVotes,32
Citrus,Retention of Jorge Labarga,Justice of the Supreme Court,NA,UnderVotes,9226
Citrus,Retention of Jorge Labarga,Justice of the Supreme Court,NOP,No,25030
Citrus,Retention of Jorge Labarga,Justice of the Supreme Court,NOP,Yes,41697
Citrus,Retention of Mary Nardella,Fifth District Court of Appeal,NA,OverVotes,24
Citrus,Retention of Mary Nardella,Fifth District Court of Appeal,NA,UnderVotes,10100
Citrus,Retention of Mary Nardella,Fifth District Court of Appeal,NOP,No,17910
Citrus,Retention of Mary Nardella,Fifth District Court of Appeal,NOP,Yes,47951
Citrus,Retention of Ricky Polston,Justice of the Supreme Court,NA,OverVotes,18
Citrus,Retention of Ricky Polston,Justice of the Supreme Court,NA,UnderVotes,9445
Citrus,Retention of Ricky Polston,Justice of the Supreme Court,NOP,No,21974
Citrus,Retention of Ricky Polston,Justice of the Supreme Court,NOP,Yes,44548
Citrus,School Board,5,NA,OverVotes,28
Citrus,School Board,5,NA,UnderVotes,9627
Citrus,School Board,5,NOP,"Joseph ""Joe"" Faherty",38090
Citrus,School Board,5,NOP,Linda B. Powers,28240
Citrus,State Senate,11,GRE,Brian Patrick Moore,17102
Citrus,State Senate,11,NA,OverVotes,3
Citrus,State Senate,11,NA,UnderVotes,4098
Citrus,State Senate,11,REP,Blaise Ingoglia,54782
Citrus,U.S. House,12,DEM,Kimberly Walker,19245
Citrus,U.S. House,12,NA,OverVotes,8
Citrus,U.S. House,12,NA,UnderVotes,835
Citrus,U.S. House,12,NA,WriteinVotes,70
Citrus,U.S. House,12,REP,Gus Michael Bilirakis,55827
Citrus,U.S. Senate,NA,DEM,Val Demings,19634
Citrus,U.S. Senate,NA,LPF,Dennis Misigoy,295
Citrus,U.S. Senate,NA,NA,OverVotes,14
Citrus,U.S. Senate,NA,NA,UnderVotes,275
Citrus,U.S. Senate,NA,NA,WriteinVotes,31
Citrus,U.S. Senate,NA,NPA,Steven B. Grant,491
Citrus,U.S. Senate,NA,NPA,Tuan TQ Nguyen,158
Citrus,U.S. Senate,NA,REP,Marco Rubio,55087
Clay,Amendment No. 1: Limitation On Assessment of Real Property Used For Residential Purposes,NA,NA,OverVotes,50
Clay,Amendment No. 1: Limitation On Assessment of Real Property Used For Residential Purposes,NA,NA,UnderVotes,7841
Clay,Amendment No. 1: Limitation On Assessment of Real Property Used For Residential Purposes,NA,NOP,No for Rejection,36852
Clay,Amendment No. 1: Limitation On Assessment of Real Property Used For Residential Purposes,NA,NOP,Yes for Approval,45590
Clay,Amendment No. 2: Abolishing the Constitution Revision Commission,NA,NA,OverVotes,38
Clay,Amendment No. 2: Abolishing the Constitution Revision Commission,NA,NA,UnderVotes,8317
Clay,Amendment No. 2: Abolishing the Constitution Revision Commission,NA,NOP,No for Rejection,39179
Clay,Amendment No. 2: Abolishing the Constitution Revision Commission,NA,NOP,Yes for Approval,42799
Clay,Amendment No. 3: Additional Homestead Property Tax Exemption For Specified Critical Public Services Workforce,NA,NA,OverVotes,36
Clay,Amendment No. 3: Additional Homestead Property Tax Exemption For Specified Critical Public Services Workforce,NA,NA,UnderVotes,6114
Clay,Amendment No. 3: Additional Homestead Property Tax Exemption For Specified Critical Public Services Workforce,NA,NOP,No for Rejection,34421
Clay,Amendment No. 3: Additional Homestead Property Tax Exemption For Specified Critical Public Services Workforce,NA,NOP,Yes for Approval,49762
Clay,Attorney General,NA,DEM,Aramis Ayala,21369
Clay,Attorney General,NA,NA,OverVotes,5
Clay,Attorney General,NA,NA,UnderVotes,885
Clay,Attorney General,NA,REP,Ashley Moody,68074
Clay,Chief Financial Officer,NA,DEM,Adam Hattersley,22248
Clay,Chief Financial Officer,NA,NA,OverVotes,6
Clay,Chief Financial Officer,NA,NA,UnderVotes,1348
Clay,Chief Financial Officer,NA,REP,Jimmy Patronis,66731
Clay,Commissioner of Agriculture,NA,DEM,Naomi Esther Blemur,22383
Clay,Commissioner of Agriculture,NA,NA,OverVotes,8
Clay,Commissioner of Agriculture,NA,NA,UnderVotes,1379
Clay,Commissioner of Agriculture,NA,REP,Wilton Simpson,66563
Clay,County Commissioner,2,DEM,Leroy Edwards,5533
Clay,County Commissioner,2,NA,OverVotes,3
Clay,County Commissioner,2,NA,UnderVotes,164
Clay,County Commissioner,2,REP,Alexandra Compere,9081
Clay,Fleming Island Plantation Community Development District,Seat 5,NA,OverVotes,0
Clay,Fleming Island Plantation Community Development District,Seat 5,NA,UnderVotes,514
Clay,Fleming Island Plantation Community Development District,Seat 5,NOP,Anna-Kaye Beckett,722
Clay,Fleming Island Plantation Community Development District,Seat 5,NOP,L. Eric Sheppard,827
Clay,Fleming Island Plantation Community Development District,Seat 5,NOP,Michelle Szafranski,916
Clay,Governor,NA,DEM,Crist / Hernandez,22187
Clay,Governor,NA,LPF,Roos / Rorabaugh,279
Clay,Governor,NA,NA,OverVotes,31
Clay,Governor,NA,NA,UnderVotes,183
Clay,Governor,NA,NPA,Gimenez / Gibson,361
Clay,Governor,NA,REP,DeSantis / Nuñez,67292
Clay,Lake Asbury Municipal Service Benefit District,Seat 4,NA,OverVotes,0
Clay,Lake Asbury Municipal Service Benefit District,Seat 4,NA,UnderVotes,72
Clay,Lake Asbury Municipal Service Benefit District,Seat 4,NOP,Carl E. Kocher,246
Clay,Lake Asbury Municipal Service Benefit District,Seat 4,NOP,Diane Poidevant,351
Clay,Registered Voters,NA,NA,NA,163573
Clay,Retention of Bo Winokur,First District Court of Appeal,NA,OverVotes,11
Clay,Retention of Bo Winokur,First District Court of Appeal,NA,UnderVotes,10397
Clay,Retention of Bo Winokur,First District Court of Appeal,NOP,No,25766
Clay,Retention of Bo Winokur,First District Court of Appeal,NOP,Yes,54159
Clay,Retention of Bobby Long,First District Court of Appeal,NA,OverVotes,39
Clay,Retention of Bobby Long,First District Court of Appeal,NA,UnderVotes,10428
Clay,Retention of Bobby Long,First District Court of Appeal,NOP,No,24493
Clay,Retention of Bobby Long,First District Court of Appeal,NOP,Yes,55373
Clay,Retention of Charles T. Canady,Justice of the Supreme Court,NA,OverVotes,34
Clay,Retention of Charles T. Canady,Justice of the Supreme Court,NA,UnderVotes,9145
Clay,Retention of Charles T. Canady,Justice of the Supreme Court,NOP,No,27066
Clay,Retention of Charles T. Canady,Justice of the Supreme Court,NOP,Yes,54088
Clay,Retention of Jamie Grosshans,Justice of the Supreme Court,NA,OverVotes,36
Clay,Retention of Jamie Grosshans,Justice of the Supreme Court,NA,UnderVotes,9775
Clay,Retention of Jamie Grosshans,Justice of the Supreme Court,NOP,No,24941
Clay,Retention of Jamie Grosshans,Justice of the Supreme Court,NOP,Yes,55581
Clay,Retention of John D. Couriel,Justice of the Supreme Court,NA,OverVotes,24
Clay,Retention of John D. Couriel,Justice of the Supreme Court,NA,UnderVotes,9751
Clay,Retention of John D. Couriel,Justice of the Supreme Court,NOP,No,24979
Clay,Retention of John D. Couriel,Justice of the Supreme Court,NOP,Yes,55579
Clay,Retention of Jorge Labarga,Justice of the Supreme Court,NA,OverVotes,51
Clay,Retention of Jorge Labarga,Justice of the Supreme Court,NA,UnderVotes,10039
Clay,Retention of Jorge Labarga,Justice of the Supreme Court,NOP,No,34167
Clay,Retention of Jorge Labarga,Justice of the Supreme Court,NOP,Yes,46076
Clay,Retention of Lori S. Rowe,First District Court of Appeal,NA,OverVotes,41
Clay,Retention of Lori S. Rowe,First District Court of Appeal,NA,UnderVotes,10475
Clay,Retention of Lori S. Rowe,First District Court of Appeal,NOP,No,27639
Clay,Retention of Lori S. Rowe,First District Court of Appeal,NOP,Yes,52178
Clay,Retention of Ricky Polston,Justice of the Supreme Court,NA,OverVotes,17
Clay,Retention of Ricky Polston,Justice of the Supreme Court,NA,UnderVotes,9724
Clay,Retention of Ricky Polston,Justice of the Supreme Court,NOP,No,28944
Clay,Retention of Ricky Polston,Justice of the Supreme Court,NOP,Yes,51648
Clay,Retention of Ross L. Bilbrey,First District Court of Appeal,NA,OverVotes,49
Clay,Retention of Ross L. Bilbrey,First District Court of Appeal,NA,UnderVotes,10232
Clay,Retention of Ross L. Bilbrey,First District Court of Appeal,NOP,No,25992
Clay,Retention of Ross L. Bilbrey,First District Court of Appeal,NOP,Yes,54060
Clay,Retention of Susan Kelsey,First District Court of Appeal,NA,OverVotes,29
Clay,Retention of Susan Kelsey,First District Court of Appeal,NA,UnderVotes,10431
Clay,Retention of Susan Kelsey,First District Court of Appeal,NOP,No,24978
Clay,Retention of Susan Kelsey,First District Court of Appeal,NOP,Yes,54895
Clay,Rolling Hills Community Development District,Seat 4,NA,OverVotes,1
Clay,Rolling Hills Community Development District,Seat 4,NA,UnderVotes,27
Clay,Rolling Hills Community Development District,Seat 4,NOP,David Church,186
Clay,Rolling Hills Community Development District,Seat 4,NOP,Jeffrey J. Rhein,193
Clay,South Village Community Development District,Seat 1,NA,OverVotes,0
Clay,South Village Community Development District,Seat 1,NA,UnderVotes,220
Clay,South Village Community Development District,Seat 1,NOP,Charles Anderson,757
Clay,South Village Community Development District,Seat 1,NOP,Jennifer Osbeck,951
Clay,State House,11,DEM,Cornelius Jones,18392
Clay,State House,11,NA,OverVotes,7
Clay,State House,11,NA,UnderVotes,1076
Clay,State House,11,REP,Sam Garrison,51146
Clay,U.S. House,4,DEM,"LaShonda ""L.J."" Holloway",22530
Clay,U.S. House,4,NA,OverVotes,7
Clay,U.S. House,4,NA,UnderVotes,712
Clay,U.S. House,4,NA,WriteinVotes,101
Clay,U.S. House,4,REP,Aaron Bean,66983
Clay,U.S. Senate,NA,DEM,Val Demings,23054
Clay,U.S. Senate,NA,LPF,Dennis Misigoy,441
Clay,U.S. Senate,NA,NA,OverVotes,8
Clay,U.S. Senate,NA,NA,UnderVotes,242
Clay,U.S. Senate,NA,NA,WriteinVotes,38
Clay,U.S. Senate,NA,NPA,Steven B. Grant,377
Clay,U.S. Senate,NA,NPA,Tuan TQ Nguyen,201
Clay,U.S. Senate,NA,REP,Marco Rubio,65972
Collier,Amendment No. 1: Limitation On Assessment of Real Property Used For Residential Purposes,NA,NA,OverVotes,60
Collier,Amendment No. 1: Limitation On Assessment of Real Property Used For Residential Purposes,NA,NA,UnderVotes,19284
Collier,Amendment No. 1: Limitation On Assessment of Real Property Used For Residential Purposes,NA,NOP,No for Rejection,50405
Collier,Amendment No. 1: Limitation On Assessment of Real Property Used For Residential Purposes,NA,NOP,Yes for Approval,94516
Collier,Amendment No. 2: Abolishing the Constitution Revision Commission,NA,NA,OverVotes,68
Collier,Amendment No. 2: Abolishing the Constitution Revision Commission,NA,NA,UnderVotes,21076
Collier,Amendment No. 2: Abolishing the Constitution Revision Commission,NA,NOP,No for Rejection,56304
Collier,Amendment No. 2: Abolishing the Constitution Revision Commission,NA,NOP,Yes for Approval,86817
Collier,Amendment No. 3: Additional Homestead Property Tax Exemption For Specified Critical Public Services Workforce,NA,NA,OverVotes,40
Collier,Amendment No. 3: Additional Homestead Property Tax Exemption For Specified Critical Public Services Workforce,NA,NA,UnderVotes,15596
Collier,Amendment No. 3: Additional Homestead Property Tax Exemption For Specified Critical Public Services Workforce,NA,NOP,No for Rejection,60516
Collier,Amendment No. 3: Additional Homestead Property Tax Exemption For Specified Critical Public Services Workforce,NA,NOP,Yes for Approval,88113
Collier,Attorney General,NA,DEM,Aramis Ayala,44781
Collier,Attorney General,NA,NA,OverVotes,16
Collier,Attorney General,NA,NA,UnderVotes,3048
Collier,Attorney General,NA,REP,Ashley Moody,116420
Collier,Cedar Hammock Community Development District,Seat 1,NA,OverVotes,1
Collier,Cedar Hammock Community Development District,Seat 1,NA,UnderVotes,51
Collier,Cedar Hammock Community Development District,Seat 1,NOP,John Martino,243
Collier,Cedar Hammock Community Development District,Seat 1,NOP,Norman James Day,189
Collier,Cedar Hammock Community Development District,Seat 2,NA,OverVotes,1
Collier,Cedar Hammock Community Development District,Seat 2,NA,UnderVotes,58
Collier,Cedar Hammock Community Development District,Seat 2,NOP,Domiamo Passalaqua,186
Collier,Cedar Hammock Community Development District,Seat 2,NOP,Don Eliasek,239
Collier,Cedar Hammock Community Development District,Seat 3,NA,OverVotes,0
Collier,Cedar Hammock Community Development District,Seat 3,NA,UnderVotes,72
Collier,Cedar Hammock Community Development District,Seat 3,NOP,John Mertz,161
Collier,Cedar Hammock Community Development District,Seat 3,NOP,Robert Berke,251
Collier,Chief Financial Officer,NA,DEM,Adam Hattersley,44736
Collier,Chief Financial Officer,NA,NA,OverVotes,20
Collier,Chief Financial Officer,NA,NA,UnderVotes,4064
Collier,Chief Financial Officer,NA,REP,Jimmy Patronis,115445
Collier,Collier Mosquito Control District,Seat 2,NA,OverVotes,18
Collier,Collier Mosquito Control District,Seat 2,NA,UnderVotes,40628
Collier,Collier Mosquito Control District,Seat 2,NOP,Elizabeth Yiachos,30179
Collier,Collier Mosquito Control District,Seat 2,NOP,Sandra Lee Buxton,87395
Collier,Collier Mosquito Control District,Seat 3,NA,OverVotes,19
Collier,Collier Mosquito Control District,Seat 3,NA,UnderVotes,41450
Collier,Collier Mosquito Control District,Seat 3,NOP,Ed Brandt,75947
Collier,Collier Mosquito Control District,Seat 3,NOP,Emily Dalto,40804
Collier,Commissioner of Agriculture,NA,DEM,Naomi Esther Blemur,45380
Collier,Commissioner of Agriculture,NA,NA,OverVotes,9
Collier,Commissioner of Agriculture,NA,NA,UnderVotes,4498
Collier,Commissioner of Agriculture,NA,REP,Wilton Simpson,114378
Collier,County Commissioner,2,DEM,Bebe Kanter,11520
Collier,County Commissioner,2,NA,OverVotes,3
Collier,County Commissioner,2,NA,UnderVotes,1610
Collier,County Commissioner,2,REP,Chris Hall,27069
Collier,Governor,NA,DEM,Crist / Hernandez,45815
Collier,Governor,NA,LPF,Roos / Rorabaugh,214
Collier,Governor,NA,NA,OverVotes,47
Collier,Governor,NA,NA,UnderVotes,459
Collier,Governor,NA,NPA,Gimenez / Gibson,253
Collier,Governor,NA,REP,DeSantis / Nuñez,117477
Collier,Greater Naples Fire Rescue District,Seat 1,NA,OverVotes,12
Collier,Greater Naples Fire Rescue District,Seat 1,NA,UnderVotes,10770
Collier,Greater Naples Fire Rescue District,Seat 1,NOP,Charlie Cottiers,8419
Collier,Greater Naples Fire Rescue District,Seat 1,NOP,David W Boothby,8518
Collier,Greater Naples Fire Rescue District,Seat 1,NOP,Mark Cherney,11282
Collier,Greater Naples Fire Rescue District,Seat 3,NA,OverVotes,8
Collier,Greater Naples Fire Rescue District,Seat 3,NA,UnderVotes,18460
Collier,Greater Naples Fire Rescue District,Seat 3,NOP,Brian O Cross,33384
Collier,Greater Naples Fire Rescue District,Seat 3,NOP,William Douglass,18028
Collier,Greater Naples Fire Rescue District,Seat 4,NA,OverVotes,3
Collier,Greater Naples Fire Rescue District,Seat 4,NA,UnderVotes,6267
Collier,Greater Naples Fire Rescue District,Seat 4,NOP,Kevin Gerrity,10739
Collier,Greater Naples Fire Rescue District,Seat 4,NOP,Patrick Dearborn,13870
Collier,Hacienda Lakes Community Development District,Seat 4,NA,OverVotes,0
Collier,Hacienda Lakes Community Development District,Seat 4,NA,UnderVotes,191
Collier,Hacienda Lakes Community Development District,Seat 4,NOP,Jason Tomassetti,196
Collier,Hacienda Lakes Community Development District,Seat 4,NOP,Wayne J Martin,517
Collier,North Collier Fire Control and Rescue District,Seat 1,NA,OverVotes,15
Collier,North Collier Fire Control and Rescue District,Seat 1,NA,UnderVotes,16921
Collier,North Collier Fire Control and Rescue District,Seat 1,NOP,Christopher Lee Crossan,30622
Collier,North Collier Fire Control and Rescue District,Seat 1,NOP,Tony Scire,17827
Collier,North Collier Fire Control and Rescue District,Seat 2,NA,OverVotes,12
Collier,North Collier Fire Control and Rescue District,Seat 2,NA,UnderVotes,16756
Collier,North Collier Fire Control and Rescue District,Seat 2,NOP,Jim Burke,32295
Collier,North Collier Fire Control and Rescue District,Seat 2,NOP,Tyler W. Hardt,16322
Collier,Port of the Islands Community Improvement District,Seat 2,NA,OverVotes,0
Collier,Port of the Islands Community Improvement District,Seat 2,NA,UnderVotes,40
Collier,Port of the Islands Community Improvement District,Seat 2,NOP,Dan Truckey,300
Collier,Port of the Islands Community Improvement District,Seat 2,NOP,Samuel A Leishear,175
Collier,Port of the Islands Community Improvement District,Seat 4,NA,OverVotes,0
Collier,Port of the Islands Community Improvement District,Seat 4,NA,UnderVotes,31
Collier,Port of the Islands Community Improvement District,Seat 4,NOP,Steve McNamee,317
Collier,Port of the Islands Community Improvement District,Seat 4,NOP,Teri O'Connell,167
Collier,Registered Voters,NA,NA,NA,253830
Collier,Retention of Charles T. Canady,Justice of the Supreme Court,NA,OverVotes,35
Collier,Retention of Charles T. Canady,Justice of the Supreme Court,NA,UnderVotes,26861
Collier,Retention of Charles T. Canady,Justice of the Supreme Court,NOP,No,36379
Collier,Retention of Charles T. Canady,Justice of the Supreme Court,NOP,Yes,100990
Collier,Retention of Craig C. Villanti,Second District Court of Appeal,NA,OverVotes,16
Collier,Retention of Craig C. Villanti,Second District Court of Appeal,NA,UnderVotes,35345
Collier,Retention of Craig C. Villanti,Second District Court of Appeal,NOP,No,35845
Collier,Retention of Craig C. Villanti,Second District Court of Appeal,NOP,Yes,93059
Collier,Retention of Jamie Grosshans,Justice of the Supreme Court,NA,OverVotes,37
Collier,Retention of Jamie Grosshans,Justice of the Supreme Court,NA,UnderVotes,28452
Collier,Retention of Jamie Grosshans,Justice of the Supreme Court,NOP,No,35373
Collier,Retention of Jamie Grosshans,Justice of the Supreme Court,NOP,Yes,100403
Collier,Retention of John D. Couriel,Justice of the Supreme Court,NA,OverVotes,26
Collier,Retention of John D. Couriel,Justice of the Supreme Court,NA,UnderVotes,27992
Collier,Retention of John D. Couriel,Justice of the Supreme Court,NOP,No,35068
Collier,Retention of John D. Couriel,Justice of the Supreme Court,NOP,Yes,101179
Collier,Retention of John K. Stargel,Second District Court of Appeal,NA,OverVotes,23
Collier,Retention of John K. Stargel,Second District Court of Appeal,NA,UnderVotes,33215
Collier,Retention of John K. Stargel,Second District Court of Appeal,NOP,No,33817
Collier,Retention of John K. Stargel,Second District Court of Appeal,NOP,Yes,97210
Collier,Retention of Jorge Labarga,Justice of the Supreme Court,NA,OverVotes,77
Collier,Retention of Jorge Labarga,Justice of the Supreme Court,NA,UnderVotes,28841
Collier,Retention of Jorge Labarga,Justice of the Supreme Court,NOP,No,41998
Collier,Retention of Jorge Labarga,Justice of the Supreme Court,NOP,Yes,93349
Collier,Retention of Matt Lucas,Second District Court of Appeal,NA,OverVotes,38
Collier,Retention of Matt Lucas,Second District Court of Appeal,NA,UnderVotes,32525
Collier,Retention of Matt Lucas,Second District Court of Appeal,NOP,No,31957
Collier,Retention of Matt Lucas,Second District Court of Appeal,NOP,Yes,99745
Collier,Retention of Nelly N. Khouzam,Second District Court of Appeal,NA,OverVotes,51
Collier,Retention of Nelly N. Khouzam,Second District Court of Appeal,NA,UnderVotes,31852
Collier,Retention of Nelly N. Khouzam,Second District Court of Appeal,NOP,No,40062
Collier,Retention of Nelly N. Khouzam,Second District Court of Appeal,NOP,Yes,92300
Collier,Retention of Patricia Joan Kelly,Second District Court of Appeal,NA,OverVotes,34
Collier,Retention of Patricia Joan Kelly,Second District Court of Appeal,NA,UnderVotes,30647
Collier,Retention of Patricia Joan Kelly,Second District Court of Appeal,NOP,No,35816
Collier,Retention of Patricia Joan Kelly,Second District Court of Appeal,NOP,Yes,97768
Collier,Retention of Ricky Polston,Justice of the Supreme Court,NA,OverVotes,33
Collier,Retention of Ricky Polston,Justice of the Supreme Court,NA,UnderVotes,29150
Collier,Retention of Ricky Polston,Justice of the Supreme Court,NOP,No,39472
Collier,Retention of Ricky Polston,Justice of the Supreme Court,NOP,Yes,95610
Collier,Retention of Robert Morris,Second District Court of Appeal,NA,OverVotes,45
Collier,Retention of Robert Morris,Second District Court of Appeal,NA,UnderVotes,32693
Collier,Retention of Robert Morris,Second District Court of Appeal,NOP,No,44070
Collier,Retention of Robert Morris,Second District Court of Appeal,NOP,Yes,87457
Collier,Retention of Stevan Travis Northcutt,Second District Court of Appeal,NA,OverVotes,51
Collier,Retention of Stevan Travis Northcutt,Second District Court of Appeal,NA,UnderVotes,32697
Collier,Retention of Stevan Travis Northcutt,Second District Court of Appeal,NOP,No,49731
Collier,Retention of Stevan Travis Northcutt,Second District Court of Appeal,NOP,Yes,81786
Collier,Retention of Suzanne Y. Labrit,Second District Court of Appeal,NA,OverVotes,35
Collier,Retention of Suzanne Y. Labrit,Second District Court of Appeal,NA,UnderVotes,32058
Collier,Retention of Suzanne Y. Labrit,Second District Court of Appeal,NOP,No,32169
Collier,Retention of Suzanne Y. Labrit,Second District Court of Appeal,NOP,Yes,100003
Collier,School Board,1,NA,OverVotes,46
Collier,School Board,1,NA,UnderVotes,25473
Collier,School Board,1,NOP,Jerry D Rutherford,90766
Collier,School Board,1,NOP,Jory Westberry,47980
Collier,School Board,3,NA,OverVotes,71
Collier,School Board,3,NA,UnderVotes,25447
Collier,School Board,3,NOP,Jen Mitchell,57923
Collier,School Board,3,NOP,Kelly Lichter,80824
Collier,School Board,5,NA,OverVotes,19
Collier,School Board,5,NA,UnderVotes,26812
Collier,School Board,5,NOP,Roy M Terry,54257
Collier,School Board,5,NOP,Timothy Donald Moshier,83177
Collier,State House,80,DEM,Mitchel Schlayer,7524
Collier,State House,80,NA,OverVotes,5
Collier,State House,80,NA,UnderVotes,850
Collier,State House,80,REP,Adam Botana,19500
Collier,U.S. House,18,NA,OverVotes,1
Collier,U.S. House,18,NA,UnderVotes,53
Collier,U.S. House,18,NA,WriteinVotes,5
Collier,U.S. House,18,NPA,Keith R. Hayden Jr,135
Collier,U.S. House,18,REP,Scott Franklin,150
Collier,U.S. House,19,DEM,Cindy Banyai,24199
Collier,U.S. House,19,NA,OverVotes,16
Collier,U.S. House,19,NA,UnderVotes,1215
Collier,U.S. House,19,NA,WriteinVotes,73
Collier,U.S. House,19,REP,Byron Donalds,57456
Collier,U.S. House,26,DEM,Christine Alexandria Olivo,22242
Collier,U.S. House,26,NA,OverVotes,7
Collier,U.S. House,26,NA,UnderVotes,1181
Collier,U.S. House,26,REP,Mario Diaz-Balart,57532
Collier,U.S. Senate,NA,DEM,Val Demings,46537
Collier,U.S. Senate,NA,LPF,Dennis Misigoy,387
Collier,U.S. Senate,NA,NA,OverVotes,57
Collier,U.S. Senate,NA,NA,UnderVotes,662
Collier,U.S. Senate,NA,NA,WriteinVotes,61
Collier,U.S. Senate,NA,NPA,Steven B. Grant,340
Collier,U.S. Senate,NA,NPA,Tuan TQ Nguyen,171
Collier,U.S. Senate,NA,REP,Marco Rubio,116050
Collier,Winding Cypress Community Development District,Seat 1,NA,OverVotes,1
Collier,Winding Cypress Community Development District,Seat 1,NA,UnderVotes,97
Collier,Winding Cypress Community Development District,Seat 1,NOP,Alex Joseph Petrovsky,410
Collier,Winding Cypress Community Development District,Seat 1,NOP,James P Verbist,219
Columbia,Amendment No. 1: Limitation On Assessment of Real Property Used For Residential Purposes,NA,NA,OverVotes,11
Columbia,Amendment No. 1: Limitation On Assessment of Real Property Used For Residential Purposes,NA,NA,UnderVotes,1911
Columbia,Amendment No. 1: Limitation On Assessment of Real Property Used For Residential Purposes,NA,NOP,No for Rejection,10156
Columbia,Amendment No. 1: Limitation On Assessment of Real Property Used For Residential Purposes,NA,NOP,Yes for Approval,11691
Columbia,Amendment No. 2: Abolishing the Constitution Revision Commission,NA,NA,OverVotes,11
Columbia,Amendment No. 2: Abolishing the Constitution Revision Commission,NA,NA,UnderVotes,2020
Columbia,Amendment No. 2: Abolishing the Constitution Revision Commission,NA,NOP,No for Rejection,10160
Columbia,Amendment No. 2: Abolishing the Constitution Revision Commission,NA,NOP,Yes for Approval,11578
Columbia,Amendment No. 3: Additional Homestead Property Tax Exemption For Specified Critical Public Services Workforce,NA,NA,OverVotes,10
Columbia,Amendment No. 3: Additional Homestead Property Tax Exemption For Specified Critical Public Services Workforce,NA,NA,UnderVotes,1331
Columbia,Amendment No. 3: Additional Homestead Property Tax Exemption For Specified Critical Public Services Workforce,NA,NOP,No for Rejection,9902
Columbia,Amendment No. 3: Additional Homestead Property Tax Exemption For Specified Critical Public Services Workforce,NA,NOP,Yes for Approval,12526
Columbia,Attorney General,NA,DEM,Aramis Ayala,4706
Columbia,Attorney General,NA,NA,OverVotes,1
Columbia,Attorney General,NA,NA,UnderVotes,300
Columbia,Attorney General,NA,REP,Ashley Moody,18762
Columbia,Chief Financial Officer,NA,DEM,Adam Hattersley,5002
Columbia,Chief Financial Officer,NA,NA,OverVotes,0
Columbia,Chief Financial Officer,NA,NA,UnderVotes,418
Columbia,Chief Financial Officer,NA,REP,Jimmy Patronis,18349
Columbia,Commissioner of Agriculture,NA,DEM,Naomi Esther Blemur,4974
Columbia,Commissioner of Agriculture,NA,NA,OverVotes,0
Columbia,Commissioner of Agriculture,NA,NA,UnderVotes,396
Columbia,Commissioner of Agriculture,NA,REP,Wilton Simpson,18399
Columbia,Governor,NA,DEM,Crist / Hernandez,4789
Columbia,Governor,NA,LPF,Roos / Rorabaugh,59
Columbia,Governor,NA,NA,OverVotes,0
Columbia,Governor,NA,NA,UnderVotes,42
Columbia,Governor,NA,NPA,Gimenez / Gibson,89
Columbia,Governor,NA,REP,DeSantis / Nuñez,18790
Columbia,Registered Voters,NA,NA,NA,42683
Columbia,Retention of Bo Winokur,First District Court of Appeal,NA,OverVotes,4
Columbia,Retention of Bo Winokur,First District Court of Appeal,NA,UnderVotes,2802
Columbia,Retention of Bo Winokur,First District Court of Appeal,NOP,No,7456
Columbia,Retention of Bo Winokur,First District Court of Appeal,NOP,Yes,13507
Columbia,Retention of Bobby Long,First District Court of Appeal,NA,OverVotes,8
Columbia,Retention of Bobby Long,First District Court of Appeal,NA,UnderVotes,2776
Columbia,Retention of Bobby Long,First District Court of Appeal,NOP,No,6987
Columbia,Retention of Bobby Long,First District Court of Appeal,NOP,Yes,13998
Columbia,Retention of Charles T. Canady,Justice of the Supreme Court,NA,OverVotes,14
Columbia,Retention of Charles T. Canady,Justice of the Supreme Court,NA,UnderVotes,2427
Columbia,Retention of Charles T. Canady,Justice of the Supreme Court,NOP,No,7819
Columbia,Retention of Charles T. Canady,Justice of the Supreme Court,NOP,Yes,13509
Columbia,Retention of Jamie Grosshans,Justice of the Supreme Court,NA,OverVotes,2
Columbia,Retention of Jamie Grosshans,Justice of the Supreme Court,NA,UnderVotes,2642
Columbia,Retention of Jamie Grosshans,Justice of the Supreme Court,NOP,No,7192
Columbia,Retention of Jamie Grosshans,Justice of the Supreme Court,NOP,Yes,13933
Columbia,Retention of John D. Couriel,Justice of the Supreme Court,NA,OverVotes,3
Columbia,Retention of John D. Couriel,Justice of the Supreme Court,NA,UnderVotes,2555
Columbia,Retention of John D. Couriel,Justice of the Supreme Court,NOP,No,7200
Columbia,Retention of John D. Couriel,Justice of the Supreme Court,NOP,Yes,14011
Columbia,Retention of Jorge Labarga,Justice of the Supreme Court,NA,OverVotes,8
Columbia,Retention of Jorge Labarga,Justice of the Supreme Court,NA,UnderVotes,2650
Columbia,Retention of Jorge Labarga,Justice of the Supreme Court,NOP,No,9824
Columbia,Retention of Jorge Labarga,Justice of the Supreme Court,NOP,Yes,11287
Columbia,Retention of Lori S. Rowe,First District Court of Appeal,NA,OverVotes,5
Columbia,Retention of Lori S. Rowe,First District Court of Appeal,NA,UnderVotes,2786
Columbia,Retention of Lori S. Rowe,First District Court of Appeal,NOP,No,7927
Columbia,Retention of Lori S. Rowe,First District Court of Appeal,NOP,Yes,13051
Columbia,Retention of Ricky Polston,Justice of the Supreme Court,NA,OverVotes,6
Columbia,Retention of Ricky Polston,Justice of the Supreme Court,NA,UnderVotes,2674
Columbia,Retention of Ricky Polston,Justice of the Supreme Court,NOP,No,8100
Columbia,Retention of Ricky Polston,Justice of the Supreme Court,NOP,Yes,12989
Columbia,Retention of Ross L. Bilbrey,First District Court of Appeal,NA,OverVotes,4
Columbia,Retention of Ross L. Bilbrey,First District Court of Appeal,NA,UnderVotes,2713
Columbia,Retention of Ross L. Bilbrey,First District Court of Appeal,NOP,No,7484
Columbia,Retention of Ross L. Bilbrey,First District Court of Appeal,NOP,Yes,13568
Columbia,Retention of Susan Kelsey,First District Court of Appeal,NA,OverVotes,6
Columbia,Retention of Susan Kelsey,First District Court of Appeal,NA,UnderVotes,2719
Columbia,Retention of Susan Kelsey,First District Court of Appeal,NOP,No,7108
Columbia,Retention of Susan Kelsey,First District Court of Appeal,NOP,Yes,13936
Columbia,School Board,5,NA,OverVotes,2
Columbia,School Board,5,NA,UnderVotes,237
Columbia,School Board,5,NOP,Elizabeth Porter,2199
Columbia,School Board,5,NOP,Hunter Peeler,2398
Columbia,U.S. House,3,DEM,Danielle Hawk,4961
Columbia,U.S. House,3,NA,OverVotes,3
Columbia,U.S. House,3,NA,UnderVotes,211
Columbia,U.S. House,3,NPA,Linda S. Brooks,262
Columbia,U.S. House,3,REP,Kat Cammack,18332
Columbia,U.S. Senate,NA,DEM,Val Demings,5070
Columbia,U.S. Senate,NA,LPF,Dennis Misigoy,93
Columbia,U.S. Senate,NA,NA,OverVotes,4
Columbia,U.S. Senate,NA,NA,UnderVotes,100
Columbia,U.S. Senate,NA,NA,WriteinVotes,10
Columbia,U.S. Senate,NA,NPA,Steven B. Grant,103
Columbia,U.S. Senate,NA,NPA,Tuan TQ Nguyen,45
Columbia,U.S. Senate,NA,REP,Marco Rubio,18344
Desoto,Amendment No. 1: Limitation On Assessment of Real Property Used For Residential Purposes,NA,NA,OverVotes,2
Desoto,Amendment No. 1: Limitation On Assessment of Real Property Used For Residential Purposes,NA,NA,UnderVotes,854
Desoto,Amendment No. 1: Limitation On Assessment of Real Property Used For Residential Purposes,NA,NOP,No for Rejection,3118
Desoto,Amendment No. 1: Limitation On Assessment of Real Property Used For Residential Purposes,NA,NOP,Yes for Approval,4740
Desoto,Amendment No. 2: Abolishing the Constitution Revision Commission,NA,NA,OverVotes,1
Desoto,Amendment No. 2: Abolishing the Constitution Revision Commission,NA,NA,UnderVotes,947
Desoto,Amendment No. 2: Abolishing the Constitution Revision Commission,NA,NOP,No for Rejection,3275
Desoto,Amendment No. 2: Abolishing the Constitution Revision Commission,NA,NOP,Yes for Approval,4491
Desoto,Amendment No. 3: Additional Homestead Property Tax Exemption For Specified Critical Public Services Workforce,NA,NA,OverVotes,1
Desoto,Amendment No. 3: Additional Homestead Property Tax Exemption For Specified Critical Public Services Workforce,NA,NA,UnderVotes,682
Desoto,Amendment No. 3: Additional Homestead Property Tax Exemption For Specified Critical Public Services Workforce,NA,NOP,No for Rejection,3135
Desoto,Amendment No. 3: Additional Homestead Property Tax Exemption For Specified Critical Public Services Workforce,NA,NOP,Yes for Approval,4896
Desoto,Attorney General,NA,DEM,Aramis Ayala,2006
Desoto,Attorney General,NA,NA,OverVotes,0
Desoto,Attorney General,NA,NA,UnderVotes,134
Desoto,Attorney General,NA,REP,Ashley Moody,6574
Desoto,Chief Financial Officer,NA,DEM,Adam Hattersley,2137
Desoto,Chief Financial Officer,NA,NA,OverVotes,1
Desoto,Chief Financial Officer,NA,NA,UnderVotes,205
Desoto,Chief Financial Officer,NA,REP,Jimmy Patronis,6371
Desoto,Commissioner of Agriculture,NA,DEM,Naomi Esther Blemur,2105
Desoto,Commissioner of Agriculture,NA,NA,OverVotes,0
Desoto,Commissioner of Agriculture,NA,NA,UnderVotes,180
Desoto,Commissioner of Agriculture,NA,REP,Wilton Simpson,6429
Desoto,County Commissioner,1,DEM,Kandis Drymon,2286
Desoto,County Commissioner,1,NA,OverVotes,0
Desoto,County Commissioner,1,NA,UnderVotes,186
Desoto,County Commissioner,1,REP,Jerod Gross,6242
Desoto,Governor,NA,DEM,Crist / Hernandez,2023
Desoto,Governor,NA,LPF,Roos / Rorabaugh,11
Desoto,Governor,NA,NA,OverVotes,0
Desoto,Governor,NA,NA,UnderVotes,13
Desoto,Governor,NA,NPA,Gimenez / Gibson,30
Desoto,Governor,NA,REP,DeSantis / Nuñez,6637
Desoto,Registered Voters,NA,NA,NA,18285
Desoto,Retention of Charles T. Canady,Justice of the Supreme Court,NA,OverVotes,1
Desoto,Retention of Charles T. Canady,Justice of the Supreme Court,NA,UnderVotes,1140
Desoto,Retention of Charles T. Canady,Justice of the Supreme Court,NOP,No,2131
Desoto,Retention of Charles T. Canady,Justice of the Supreme Court,NOP,Yes,5442
Desoto,Retention of Craig C. Villanti,Second District Court of Appeal,NA,OverVotes,0
Desoto,Retention of Craig C. Villanti,Second District Court of Appeal,NA,UnderVotes,1326
Desoto,Retention of Craig C. Villanti,Second District Court of Appeal,NOP,No,2507
Desoto,Retention of Craig C. Villanti,Second District Court of Appeal,NOP,Yes,4881
Desoto,Retention of Jamie Grosshans,Justice of the Supreme Court,NA,OverVotes,0
Desoto,Retention of Jamie Grosshans,Justice of the Supreme Court,NA,UnderVotes,1258
Desoto,Retention of Jamie Grosshans,Justice of the Supreme Court,NOP,No,1986
Desoto,Retention of Jamie Grosshans,Justice of the Supreme Court,NOP,Yes,5470
Desoto,Retention of John D. Couriel,Justice of the Supreme Court,NA,OverVotes,1
Desoto,Retention of John D. Couriel,Justice of the Supreme Court,NA,UnderVotes,1233
Desoto,Retention of John D. Couriel,Justice of the Supreme Court,NOP,No,2034
Desoto,Retention of John D. Couriel,Justice of the Supreme Court,NOP,Yes,5446
Desoto,Retention of John K. Stargel,Second District Court of Appeal,NA,OverVotes,2
Desoto,Retention of John K. Stargel,Second District Court of Appeal,NA,UnderVotes,1325
Desoto,Retention of John K. Stargel,Second District Court of Appeal,NOP,No,2004
Desoto,Retention of John K. Stargel,Second District Court of Appeal,NOP,Yes,5383
Desoto,Retention of Jorge Labarga,Justice of the Supreme Court,NA,OverVotes,1
Desoto,Retention of Jorge Labarga,Justice of the Supreme Court,NA,UnderVotes,1270
Desoto,Retention of Jorge Labarga,Justice of the Supreme Court,NOP,No,2945
Desoto,Retention of Jorge Labarga,Justice of the Supreme Court,NOP,Yes,4498
Desoto,Retention of Matt Lucas,Second District Court of Appeal,NA,OverVotes,0
Desoto,Retention of Matt Lucas,Second District Court of Appeal,NA,UnderVotes,1329
Desoto,Retention of Matt Lucas,Second District Court of Appeal,NOP,No,2046
Desoto,Retention of Matt Lucas,Second District Court of Appeal,NOP,Yes,5339
Desoto,Retention of Nelly N. Khouzam,Second District Court of Appeal,NA,OverVotes,0
Desoto,Retention of Nelly N. Khouzam,Second District Court of Appeal,NA,UnderVotes,1290
Desoto,Retention of Nelly N. Khouzam,Second District Court of Appeal,NOP,No,2316
Desoto,Retention of Nelly N. Khouzam,Second District Court of Appeal,NOP,Yes,5108
Desoto,Retention of Patricia Joan Kelly,Second District Court of Appeal,NA,OverVotes,2
Desoto,Retention of Patricia Joan Kelly,Second District Court of Appeal,NA,UnderVotes,1255
Desoto,Retention of Patricia Joan Kelly,Second District Court of Appeal,NOP,No,2357
Desoto,Retention of Patricia Joan Kelly,Second District Court of Appeal,NOP,Yes,5100
Desoto,Retention of Ricky Polston,Justice of the Supreme Court,NA,OverVotes,1
Desoto,Retention of Ricky Polston,Justice of the Supreme Court,NA,UnderVotes,1304
Desoto,Retention of Ricky Polston,Justice of the Supreme Court,NOP,No,2326
Desoto,Retention of Ricky Polston,Justice of the Supreme Court,NOP,Yes,5083
Desoto,Retention of Robert Morris,Second District Court of Appeal,NA,OverVotes,1
Desoto,Retention of Robert Morris,Second District Court of Appeal,NA,UnderVotes,1328
Desoto,Retention of Robert Morris,Second District Court of Appeal,NOP,No,2563
Desoto,Retention of Robert Morris,Second District Court of Appeal,NOP,Yes,4822
Desoto,Retention of Stevan Travis Northcutt,Second District Court of Appeal,NA,OverVotes,2
Desoto,Retention of Stevan Travis Northcutt,Second District Court of Appeal,NA,UnderVotes,1322
Desoto,Retention of Stevan Travis Northcutt,Second District Court of Appeal,NOP,No,2923
Desoto,Retention of Stevan Travis Northcutt,Second District Court of Appeal,NOP,Yes,4467
Desoto,Retention of Suzanne Y. Labrit,Second District Court of Appeal,NA,OverVotes,0
Desoto,Retention of Suzanne Y. Labrit,Second District Court of Appeal,NA,UnderVotes,1321
Desoto,Retention of Suzanne Y. Labrit,Second District Court of Appeal,NOP,No,1997
Desoto,Retention of Suzanne Y. Labrit,Second District Court of Appeal,NOP,Yes,5396
Desoto,State Senate,27,DEM,Christopher Proia,2008
Desoto,State Senate,27,NA,OverVotes,0
Desoto,State Senate,27,NA,UnderVotes,169
Desoto,State Senate,27,REP,Ben Albritton Jr,6537
Desoto,U.S. House,18,NA,OverVotes,0
Desoto,U.S. House,18,NA,UnderVotes,512
Desoto,U.S. House,18,NA,WriteinVotes,21
Desoto,U.S. House,18,NPA,Keith R. Hayden Jr,1677
Desoto,U.S. House,18,REP,Scott Franklin,6504
Desoto,U.S. Senate,NA,DEM,Val Demings,2097
Desoto,U.S. Senate,NA,LPF,Dennis Misigoy,27
Desoto,U.S. Senate,NA,NA,OverVotes,0
Desoto,U.S. Senate,NA,NA,UnderVotes,52
Desoto,U.S. Senate,NA,NA,WriteinVotes,3
Desoto,U.S. Senate,NA,NPA,Steven B. Grant,51
Desoto,U.S. Senate,NA,NPA,Tuan TQ Nguyen,15
Desoto,U.S. Senate,NA,REP,Marco Rubio,6469
Dixie,Amendment No. 1: Limitation On Assessment of Real Property Used For Residential Purposes,NA,NA,OverVotes,3
Dixie,Amendment No. 1: Limitation On Assessment of Real Property Used For Residential Purposes,NA,NA,UnderVotes,552
Dixie,Amendment No. 1: Limitation On Assessment of Real Property Used For Residential Purposes,NA,NOP,No for Rejection,2598
Dixie,Amendment No. 1: Limitation On Assessment of Real Property Used For Residential Purposes,NA,NOP,Yes for Approval,3040
Dixie,Amendment No. 2: Abolishing the Constitution Revision Commission,NA,NA,OverVotes,3
Dixie,Amendment No. 2: Abolishing the Constitution Revision Commission,NA,NA,UnderVotes,580
Dixie,Amendment No. 2: Abolishing the Constitution Revision Commission,NA,NOP,No for Rejection,2530
Dixie,Amendment No. 2: Abolishing the Constitution Revision Commission,NA,NOP,Yes for Approval,3080
Dixie,Amendment No. 3: Additional Homestead Property Tax Exemption For Specified Critical Public Services Workforce,NA,NA,OverVotes,2
Dixie,Amendment No. 3: Additional Homestead Property Tax Exemption For Specified Critical Public Services Workforce,NA,NA,UnderVotes,351
Dixie,Amendment No. 3: Additional Homestead Property Tax Exemption For Specified Critical Public Services Workforce,NA,NOP,No for Rejection,2637
Dixie,Amendment No. 3: Additional Homestead Property Tax Exemption For Specified Critical Public Services Workforce,NA,NOP,Yes for Approval,3203
Dixie,Attorney General,NA,DEM,Aramis Ayala,747
Dixie,Attorney General,NA,NA,OverVotes,0
Dixie,Attorney General,NA,NA,UnderVotes,71
Dixie,Attorney General,NA,REP,Ashley Moody,5375
Dixie,Chief Financial Officer,NA,DEM,Adam Hattersley,826
Dixie,Chief Financial Officer,NA,NA,OverVotes,0
Dixie,Chief Financial Officer,NA,NA,UnderVotes,301
Dixie,Chief Financial Officer,NA,REP,Jimmy Patronis,5066
Dixie,Commissioner of Agriculture,NA,DEM,Naomi Esther Blemur,814
Dixie,Commissioner of Agriculture,NA,NA,OverVotes,0
Dixie,Commissioner of Agriculture,NA,NA,UnderVotes,109
Dixie,Commissioner of Agriculture,NA,REP,Wilton Simpson,5270
Dixie,County Commissioner,2,DEM,Jaffry L Crawl,852
Dixie,County Commissioner,2,NA,OverVotes,4
Dixie,County Commissioner,2,NA,UnderVotes,263
Dixie,County Commissioner,2,NA,WriteinVotes,1192
Dixie,County Commissioner,2,REP,Daniel Wood III,3882
Dixie,Governor,NA,DEM,Crist / Hernandez,735
Dixie,Governor,NA,LPF,Roos / Rorabaugh,14
Dixie,Governor,NA,NA,OverVotes,1
Dixie,Governor,NA,NA,UnderVotes,13
Dixie,Governor,NA,NPA,Gimenez / Gibson,36
Dixie,Governor,NA,REP,DeSantis / Nuñez,5394
Dixie,Registered Voters,NA,NA,NA,10617
Dixie,Retention of Bo Winokur,First District Court of Appeal,NA,OverVotes,1
Dixie,Retention of Bo Winokur,First District Court of Appeal,NA,UnderVotes,900
Dixie,Retention of Bo Winokur,First District Court of Appeal,NOP,No,1957
Dixie,Retention of Bo Winokur,First District Court of Appeal,NOP,Yes,3335
Dixie,Retention of Bobby Long,First District Court of Appeal,NA,OverVotes,2
Dixie,Retention of Bobby Long,First District Court of Appeal,NA,UnderVotes,833
Dixie,Retention of Bobby Long,First District Court of Appeal,NOP,No,1771
Dixie,Retention of Bobby Long,First District Court of Appeal,NOP,Yes,3587
Dixie,Retention of Charles T. Canady,Justice of the Supreme Court,NA,OverVotes,3
Dixie,Retention of Charles T. Canady,Justice of the Supreme Court,NA,UnderVotes,649
Dixie,Retention of Charles T. Canady,Justice of the Supreme Court,NOP,No,2169
Dixie,Retention of Charles T. Canady,Justice of the Supreme Court,NOP,Yes,3372
Dixie,Retention of Jamie Grosshans,Justice of the Supreme Court,NA,OverVotes,2
Dixie,Retention of Jamie Grosshans,Justice of the Supreme Court,NA,UnderVotes,695
Dixie,Retention of Jamie Grosshans,Justice of the Supreme Court,NOP,No,1827
Dixie,Retention of Jamie Grosshans,Justice of the Supreme Court,NOP,Yes,3669
Dixie,Retention of John D. Couriel,Justice of the Supreme Court,NA,OverVotes,1
Dixie,Retention of John D. Couriel,Justice of the Supreme Court,NA,UnderVotes,679
Dixie,Retention of John D. Couriel,Justice of the Supreme Court,NOP,No,1836
Dixie,Retention of John D. Couriel,Justice of the Supreme Court,NOP,Yes,3677
Dixie,Retention of Jorge Labarga,Justice of the Supreme Court,NA,OverVotes,1
Dixie,Retention of Jorge Labarga,Justice of the Supreme Court,NA,UnderVotes,700
Dixie,Retention of Jorge Labarga,Justice of the Supreme Court,NOP,No,2649
Dixie,Retention of Jorge Labarga,Justice of the Supreme Court,NOP,Yes,2843
Dixie,Retention of Lori S. Rowe,First District Court of Appeal,NA,OverVotes,2
Dixie,Retention of Lori S. Rowe,First District Court of Appeal,NA,UnderVotes,840
Dixie,Retention of Lori S. Rowe,First District Court of Appeal,NOP,No,2207
Dixie,Retention of Lori S. Rowe,First District Court of Appeal,NOP,Yes,3144
Dixie,Retention of Ricky Polston,Justice of the Supreme Court,NA,OverVotes,2
Dixie,Retention of Ricky Polston,Justice of the Supreme Court,NA,UnderVotes,797
Dixie,Retention of Ricky Polston,Justice of the Supreme Court,NOP,No,2243
Dixie,Retention of Ricky Polston,Justice of the Supreme Court,NOP,Yes,3151
Dixie,Retention of Ross L. Bilbrey,First District Court of Appeal,NA,OverVotes,2
Dixie,Retention of Ross L. Bilbrey,First District Court of Appeal,NA,UnderVotes,843
Dixie,Retention of Ross L. Bilbrey,First District Court of Appeal,NOP,No,1933
Dixie,Retention of Ross L. Bilbrey,First District Court of Appeal,NOP,Yes,3415
Dixie,Retention of Susan Kelsey,First District Court of Appeal,NA,OverVotes,2
Dixie,Retention of Susan Kelsey,First District Court of Appeal,NA,UnderVotes,840
Dixie,Retention of Susan Kelsey,First District Court of Appeal,NOP,No,1876
Dixie,Retention of Susan Kelsey,First District Court of Appeal,NOP,Yes,3475
Dixie,State Senate,3,DEM,Loranne Ausley,825
Dixie,State Senate,3,NA,OverVotes,0
Dixie,State Senate,3,NA,UnderVotes,144
Dixie,State Senate,3,REP,Corey Simon,5224
Dixie,U.S. House,3,DEM,Danielle Hawk,793
Dixie,U.S. House,3,NA,OverVotes,0
Dixie,U.S. House,3,NA,UnderVotes,57
Dixie,U.S. House,3,NPA,Linda S. Brooks,85
Dixie,U.S. House,3,REP,Kat Cammack,5258
Dixie,U.S. Senate,NA,DEM,Val Demings,826
Dixie,U.S. Senate,NA,LPF,Dennis Misigoy,21
Dixie,U.S. Senate,NA,NA,OverVotes,2
Dixie,U.S. Senate,NA,NA,UnderVotes,47
Dixie,U.S. Senate,NA,NA,WriteinVotes,10
Dixie,U.S. Senate,NA,NPA,Steven B. Grant,52
Dixie,U.S. Senate,NA,NPA,Tuan TQ Nguyen,10
Dixie,U.S. Senate,NA,REP,Marco Rubio,5225
Duval,Amendment No. 1: Limitation On Assessment of Real Property Used For Residential Purposes,NA,NA,OverVotes,0
Duval,Amendment No. 1: Limitation On Assessment of Real Property Used For Residential Purposes,NA,NA,UnderVotes,29892
Duval,Amendment No. 1: Limitation On Assessment of Real Property Used For Residential Purposes,NA,NOP,No for Rejection,137514
Duval,Amendment No. 1: Limitation On Assessment of Real Property Used For Residential Purposes,NA,NOP,Yes for Approval,162897
Duval,Amendment No. 2: Abolishing the Constitution Revision Commission,NA,NA,OverVotes,0
Duval,Amendment No. 2: Abolishing the Constitution Revision Commission,NA,NA,UnderVotes,32938
Duval,Amendment No. 2: Abolishing the Constitution Revision Commission,NA,NOP,No for Rejection,137974
Duval,Amendment No. 2: Abolishing the Constitution Revision Commission,NA,NOP,Yes for Approval,159391
Duval,Amendment No. 3: Additional Homestead Property Tax Exemption For Specified Critical Public Services Workforce,NA,NA,OverVotes,0
Duval,Amendment No. 3: Additional Homestead Property Tax Exemption For Specified Critical Public Services Workforce,NA,NA,UnderVotes,24296
Duval,Amendment No. 3: Additional Homestead Property Tax Exemption For Specified Critical Public Services Workforce,NA,NOP,No for Rejection,123843
Duval,Amendment No. 3: Additional Homestead Property Tax Exemption For Specified Critical Public Services Workforce,NA,NOP,Yes for Approval,182164
Duval,Attorney General,NA,DEM,Aramis Ayala,139677
Duval,Attorney General,NA,NA,OverVotes,0
Duval,Attorney General,NA,NA,UnderVotes,3998
Duval,Attorney General,NA,REP,Ashley Moody,186628
Duval,Bartram Springs Community Development District,Seat 2,NA,OverVotes,0
Duval,Bartram Springs Community Development District,Seat 2,NA,UnderVotes,331
Duval,Bartram Springs Community Development District,Seat 2,NOP,Chris Swift,840
Duval,Bartram Springs Community Development District,Seat 2,NOP,Taner Nierengarten,845
Duval,Bartram Springs Community Development District,Seat 4,NA,OverVotes,0
Duval,Bartram Springs Community Development District,Seat 4,NA,UnderVotes,271
Duval,Bartram Springs Community Development District,Seat 4,NOP,E. Kevin Colcord,781
Duval,Bartram Springs Community Development District,Seat 4,NOP,Lacy Reynolds,965
Duval,Chief Financial Officer,NA,DEM,Adam Hattersley,142996
Duval,Chief Financial Officer,NA,NA,OverVotes,0
Duval,Chief Financial Officer,NA,NA,UnderVotes,6112
Duval,Chief Financial Officer,NA,REP,Jimmy Patronis,181195
Duval,Commissioner of Agriculture,NA,DEM,Naomi Esther Blemur,145624
Duval,Commissioner of Agriculture,NA,NA,OverVotes,0
Duval,Commissioner of Agriculture,NA,NA,UnderVotes,7180
Duval,Commissioner of Agriculture,NA,REP,Wilton Simpson,177499
Duval,Duval Soil and Water Conservation District,Group 3,NA,OverVotes,0
Duval,Duval Soil and Water Conservation District,Group 3,NA,UnderVotes,56227
Duval,Duval Soil and Water Conservation District,Group 3,NOP,Demetris Harrison,122021
Duval,Duval Soil and Water Conservation District,Group 3,NOP,Eugene Ford III,152055
Duval,Duval Soil and Water Conservation District,Group 5,NA,OverVotes,0
Duval,Duval Soil and Water Conservation District,Group 5,NA,UnderVotes,58929
Duval,Duval Soil and Water Conservation District,Group 5,NOP,Bryson Kade Morgan,111253
Duval,Duval Soil and Water Conservation District,Group 5,NOP,"Ray ""R.J."" Deacon Jr",160121
Duval,Governor,NA,DEM,Crist / Hernandez,143837
Duval,Governor,NA,LPF,Roos / Rorabaugh,1093
Duval,Governor,NA,NA,OverVotes,0
Duval,Governor,NA,NA,UnderVotes,984
Duval,Governor,NA,NPA,Gimenez / Gibson,1820
Duval,Governor,NA,REP,DeSantis / Nuñez,182569
Duval,Registered Voters,NA,NA,NA,655820
Duval,Retention of Bo Winokur,First District Court of Appeal,NA,OverVotes,0
Duval,Retention of Bo Winokur,First District Court of Appeal,NA,UnderVotes,38430
Duval,Retention of Bo Winokur,First District Court of Appeal,NOP,No,117820
Duval,Retention of Bo Winokur,First District Court of Appeal,NOP,Yes,174053
Duval,Retention of Bobby Long,First District Court of Appeal,NA,OverVotes,0
Duval,Retention of Bobby Long,First District Court of Appeal,NA,UnderVotes,37281
Duval,Retention of Bobby Long,First District Court of Appeal,NOP,No,113077
Duval,Retention of Bobby Long,First District Court of Appeal,NOP,Yes,179945
Duval,Retention of Charles T. Canady,Justice of the Supreme Court,NA,OverVotes,0
Duval,Retention of Charles T. Canady,Justice of the Supreme Court,NA,UnderVotes,32153
Duval,Retention of Charles T. Canady,Justice of the Supreme Court,NOP,No,117628
Duval,Retention of Charles T. Canady,Justice of the Supreme Court,NOP,Yes,180522
Duval,Retention of Jamie Grosshans,Justice of the Supreme Court,NA,OverVotes,0
Duval,Retention of Jamie Grosshans,Justice of the Supreme Court,NA,UnderVotes,34363
Duval,Retention of Jamie Grosshans,Justice of the Supreme Court,NOP,No,116735
Duval,Retention of Jamie Grosshans,Justice of the Supreme Court,NOP,Yes,179205
Duval,Retention of John D. Couriel,Justice of the Supreme Court,NA,OverVotes,0
Duval,Retention of John D. Couriel,Justice of the Supreme Court,NA,UnderVotes,33512
Duval,Retention of John D. Couriel,Justice of the Supreme Court,NOP,No,118344
Duval,Retention of John D. Couriel,Justice of the Supreme Court,NOP,Yes,178447
Duval,Retention of Jorge Labarga,Justice of the Supreme Court,NA,OverVotes,0
Duval,Retention of Jorge Labarga,Justice of the Supreme Court,NA,UnderVotes,34754
Duval,Retention of Jorge Labarga,Justice of the Supreme Court,NOP,No,117746
Duval,Retention of Jorge Labarga,Justice of the Supreme Court,NOP,Yes,177803
Duval,Retention of Lori S. Rowe,First District Court of Appeal,NA,OverVotes,0
Duval,Retention of Lori S. Rowe,First District Court of Appeal,NA,UnderVotes,37657
Duval,Retention of Lori S. Rowe,First District Court of Appeal,NOP,No,109608
Duval,Retention of Lori S. Rowe,First District Court of Appeal,NOP,Yes,183038
Duval,Retention of Ricky Polston,Justice of the Supreme Court,NA,OverVotes,0
Duval,Retention of Ricky Polston,Justice of the Supreme Court,NA,UnderVotes,34814
Duval,Retention of Ricky Polston,Justice of the Supreme Court,NOP,No,119163
Duval,Retention of Ricky Polston,Justice of the Supreme Court,NOP,Yes,176326
Duval,Retention of Ross L. Bilbrey,First District Court of Appeal,NA,OverVotes,0
Duval,Retention of Ross L. Bilbrey,First District Court of Appeal,NA,UnderVotes,36324
Duval,Retention of Ross L. Bilbrey,First District Court of Appeal,NOP,No,112384
Duval,Retention of Ross L. Bilbrey,First District Court of Appeal,NOP,Yes,181595
Duval,Retention of Susan Kelsey,First District Court of Appeal,NA,OverVotes,0
Duval,Retention of Susan Kelsey,First District Court of Appeal,NA,UnderVotes,36514
Duval,Retention of Susan Kelsey,First District Court of Appeal,NOP,No,106398
Duval,Retention of Susan Kelsey,First District Court of Appeal,NOP,Yes,187391
Duval,State House,13,DEM,Angie Nixon,34059
Duval,State House,13,NA,OverVotes,0
Duval,State House,13,NA,UnderVotes,4505
Duval,State House,13,NPA,LaCiara Masline,14035
Duval,State House,15,NA,OverVotes,0
Duval,State House,15,NA,UnderVotes,6666
Duval,State House,15,NA,WriteinVotes,2794
Duval,State House,15,REP,Dean Black,25039
Duval,State House,16,NA,OverVotes,0
Duval,State House,16,NA,UnderVotes,14513
Duval,State House,16,NA,WriteinVotes,4194
Duval,State House,16,REP,Kiyan Michael,52145
Duval,State House,17,DEM,Michael Anderson,24303
Duval,State House,17,NA,OverVotes,0
Duval,State House,17,NA,UnderVotes,1280
Duval,State House,17,REP,Jessica Baker,37989
Duval,State Senate,4,DEM,Sharmin Smith,60844
Duval,State Senate,4,NA,OverVotes,0
Duval,State Senate,4,NA,UnderVotes,2752
Duval,State Senate,4,REP,Clay Yarborough,112778
Duval,State Senate,5,DEM,Tracie Davis,86784
Duval,State Senate,5,NA,OverVotes,0
Duval,State Senate,5,NA,UnderVotes,2667
Duval,State Senate,5,NA,WriteinVotes,450
Duval,State Senate,5,REP,Binod Kumar,64028
Duval,U.S. House,4,DEM,"LaShonda ""L.J."" Holloway",75485
Duval,U.S. House,4,NA,OverVotes,0
Duval,U.S. House,4,NA,UnderVotes,1434
Duval,U.S. House,4,NA,WriteinVotes,169
Duval,U.S. House,4,REP,Aaron Bean,61692
Duval,U.S. Senate,NA,DEM,Val Demings,147646
Duval,U.S. Senate,NA,LPF,Dennis Misigoy,1567
Duval,U.S. Senate,NA,NA,OverVotes,0
Duval,U.S. Senate,NA,NA,UnderVotes,1294
Duval,U.S. Senate,NA,NA,WriteinVotes,170
Duval,U.S. Senate,NA,NPA,Steven B. Grant,1268
Duval,U.S. Senate,NA,NPA,Tuan TQ Nguyen,957
Duval,U.S. Senate,NA,REP,Marco Rubio,177401
Duval,Villages of Westport Community Development District,Seat 2,NA,OverVotes,0
Duval,Villages of Westport Community Development District,Seat 2,NA,UnderVotes,34
Duval,Villages of Westport Community Development District,Seat 2,NOP,Carl Hawkins,148
Duval,Villages of Westport Community Development District,Seat 2,NOP,Samuel Cooper Smith,160
Duval,Villages of Westport Community Development District,Seat 2,NOP,Sharon Lonix,134
Duval,Villages of Westport Community Development District,Seat 3,NA,OverVotes,0
Duval,Villages of Westport Community Development District,Seat 3,NA,UnderVotes,51
Duval,Villages of Westport Community Development District,Seat 3,NOP,Alexander L. Haugabook,196
Duval,Villages of Westport Community Development District,Seat 3,NOP,Melissa Ritter,229
Duval,Villages of Westport Community Development District,Seat 4,NA,OverVotes,0
Duval,Villages of Westport Community Development District,Seat 4,NA,UnderVotes,45
Duval,Villages of Westport Community Development District,Seat 4,NOP,Jalonda Shanice Dexter,319
Duval,Villages of Westport Community Development District,Seat 4,NOP,Randall Merideth,112
Escambia,Amendment No. 1: Limitation On Assessment of Real Property Used For Residential Purposes,NA,NA,OverVotes,66
Escambia,Amendment No. 1: Limitation On Assessment of Real Property Used For Residential Purposes,NA,NA,UnderVotes,8609
Escambia,Amendment No. 1: Limitation On Assessment of Real Property Used For Residential Purposes,NA,NOP,No for Rejection,45542
Escambia,Amendment No. 1: Limitation On Assessment of Real Property Used For Residential Purposes,NA,NOP,Yes for Approval,61873
Escambia,Amendment No. 2: Abolishing the Constitution Revision Commission,NA,NA,OverVotes,65
Escambia,Amendment No. 2: Abolishing the Constitution Revision Commission,NA,NA,UnderVotes,9515
Escambia,Amendment No. 2: Abolishing the Constitution Revision Commission,NA,NOP,No for Rejection,49804
Escambia,Amendment No. 2: Abolishing the Constitution Revision Commission,NA,NOP,Yes for Approval,56706
Escambia,Amendment No. 3: Additional Homestead Property Tax Exemption For Specified Critical Public Services Workforce,NA,NA,OverVotes,52
Escambia,Amendment No. 3: Additional Homestead Property Tax Exemption For Specified Critical Public Services Workforce,NA,NA,UnderVotes,6855
Escambia,Amendment No. 3: Additional Homestead Property Tax Exemption For Specified Critical Public Services Workforce,NA,NOP,No for Rejection,40920
Escambia,Amendment No. 3: Additional Homestead Property Tax Exemption For Specified Critical Public Services Workforce,NA,NOP,Yes for Approval,68263
Escambia,Attorney General,NA,DEM,Aramis Ayala,39243
Escambia,Attorney General,NA,NA,OverVotes,12
Escambia,Attorney General,NA,NA,UnderVotes,1238
Escambia,Attorney General,NA,REP,Ashley Moody,75597
Escambia,Chief Financial Officer,NA,DEM,Adam Hattersley,39825
Escambia,Chief Financial Officer,NA,NA,OverVotes,7
Escambia,Chief Financial Officer,NA,NA,UnderVotes,2511
Escambia,Chief Financial Officer,NA,REP,Jimmy Patronis,73747
Escambia,Commissioner of Agriculture,NA,DEM,Naomi Esther Blemur,40454
Escambia,Commissioner of Agriculture,NA,NA,OverVotes,5
Escambia,Commissioner of Agriculture,NA,NA,UnderVotes,2132
Escambia,Commissioner of Agriculture,NA,REP,Wilton Simpson,73499
Escambia,County Commissioner,4,DEM,Myra J Van Hoose,9745
Escambia,County Commissioner,4,NA,OverVotes,4
Escambia,County Commissioner,4,NA,UnderVotes,533
Escambia,County Commissioner,4,REP,Robert Bender,17007
Escambia,Emerald Coast Utilities Authority,2,DEM,"Chase Anderson ""Andy"" Romagnano",5796
Escambia,Emerald Coast Utilities Authority,2,NA,OverVotes,2
Escambia,Emerald Coast Utilities Authority,2,NA,UnderVotes,407
Escambia,Emerald Coast Utilities Authority,2,REP,Lois Benson,12220
Escambia,Governor,NA,DEM,Crist / Hernandez,40076
Escambia,Governor,NA,LPF,Roos / Rorabaugh,398
Escambia,Governor,NA,NA,OverVotes,26
Escambia,Governor,NA,NA,UnderVotes,327
Escambia,Governor,NA,NPA,Gimenez / Gibson,655
Escambia,Governor,NA,REP,DeSantis / Nuñez,74608
Escambia,Registered Voters,NA,NA,NA,224099
Escambia,Retention of Bo Winokur,First District Court of Appeal,NA,OverVotes,17
Escambia,Retention of Bo Winokur,First District Court of Appeal,NA,UnderVotes,14958
Escambia,Retention of Bo Winokur,First District Court of Appeal,NOP,No,36658
Escambia,Retention of Bo Winokur,First District Court of Appeal,NOP,Yes,64457
Escambia,Retention of Bobby Long,First District Court of Appeal,NA,OverVotes,23
Escambia,Retention of Bobby Long,First District Court of Appeal,NA,UnderVotes,14203
Escambia,Retention of Bobby Long,First District Court of Appeal,NOP,No,35285
Escambia,Retention of Bobby Long,First District Court of Appeal,NOP,Yes,66579
Escambia,Retention of Charles T. Canady,Justice of the Supreme Court,NA,OverVotes,47
Escambia,Retention of Charles T. Canady,Justice of the Supreme Court,NA,UnderVotes,12620
Escambia,Retention of Charles T. Canady,Justice of the Supreme Court,NOP,No,36876
Escambia,Retention of Charles T. Canady,Justice of the Supreme Court,NOP,Yes,66547
Escambia,Retention of Jamie Grosshans,Justice of the Supreme Court,NA,OverVotes,31
Escambia,Retention of Jamie Grosshans,Justice of the Supreme Court,NA,UnderVotes,13602
Escambia,Retention of Jamie Grosshans,Justice of the Supreme Court,NOP,No,36014
Escambia,Retention of Jamie Grosshans,Justice of the Supreme Court,NOP,Yes,66443
Escambia,Retention of John D. Couriel,Justice of the Supreme Court,NA,OverVotes,33
Escambia,Retention of John D. Couriel,Justice of the Supreme Court,NA,UnderVotes,13419
Escambia,Retention of John D. Couriel,Justice of the Supreme Court,NOP,No,36702
Escambia,Retention of John D. Couriel,Justice of the Supreme Court,NOP,Yes,65936
Escambia,Retention of Jorge Labarga,Justice of the Supreme Court,NA,OverVotes,52
Escambia,Retention of Jorge Labarga,Justice of the Supreme Court,NA,UnderVotes,13739
Escambia,Retention of Jorge Labarga,Justice of the Supreme Court,NOP,No,39817
Escambia,Retention of Jorge Labarga,Justice of the Supreme Court,NOP,Yes,62482
Escambia,Retention of Lori S. Rowe,First District Court of Appeal,NA,OverVotes,53
Escambia,Retention of Lori S. Rowe,First District Court of Appeal,NA,UnderVotes,14040
Escambia,Retention of Lori S. Rowe,First District Court of Appeal,NOP,No,32910
Escambia,Retention of Lori S. Rowe,First District Court of Appeal,NOP,Yes,69087
Escambia,Retention of Ricky Polston,Justice of the Supreme Court,NA,OverVotes,24
Escambia,Retention of Ricky Polston,Justice of the Supreme Court,NA,UnderVotes,13996
Escambia,Retention of Ricky Polston,Justice of the Supreme Court,NOP,No,37395
Escambia,Retention of Ricky Polston,Justice of the Supreme Court,NOP,Yes,64675
Escambia,Retention of Ross L. Bilbrey,First District Court of Appeal,NA,OverVotes,32
Escambia,Retention of Ross L. Bilbrey,First District Court of Appeal,NA,UnderVotes,13804
Escambia,Retention of Ross L. Bilbrey,First District Court of Appeal,NOP,No,35195
Escambia,Retention of Ross L. Bilbrey,First District Court of Appeal,NOP,Yes,67059
Escambia,Retention of Susan Kelsey,First District Court of Appeal,NA,OverVotes,30
Escambia,Retention of Susan Kelsey,First District Court of Appeal,NA,UnderVotes,14036
Escambia,Retention of Susan Kelsey,First District Court of Appeal,NOP,No,31568
Escambia,Retention of Susan Kelsey,First District Court of Appeal,NOP,Yes,70456
Escambia,Santa Rosa Island Authority,NA,NA,OverVotes,2
Escambia,Santa Rosa Island Authority,NA,NA,UnderVotes,92
Escambia,Santa Rosa Island Authority,NA,NOP,Jeremy Johnson,922
Escambia,Santa Rosa Island Authority,NA,NOP,Thomas A Campanella,850
Escambia,School Board,2,NA,OverVotes,8
Escambia,School Board,2,NA,UnderVotes,2098
Escambia,School Board,2,NOP,Paul Fetsko,9705
Escambia,School Board,2,NOP,Ray Guillory,6614
Escambia,State House,1,DEM,Franscine C. Mathis,19087
Escambia,State House,1,NA,OverVotes,4
Escambia,State House,1,NA,UnderVotes,650
Escambia,State House,1,REP,Michelle Salzman,43026
Escambia,State House,2,DEM,Carollyn Rabeca Taylor,21116
Escambia,State House,2,NA,OverVotes,5
Escambia,State House,2,NA,UnderVotes,834
Escambia,State House,2,REP,Alex Andrade,31368
Escambia,State Senate,1,DEM,Charlie Nichols,40200
Escambia,State Senate,1,NA,OverVotes,10
Escambia,State Senate,1,NA,UnderVotes,1317
Escambia,State Senate,1,REP,Doug Broxson,74563
Escambia,U.S. House,1,DEM,Rebekah Jones,46764
Escambia,U.S. House,1,NA,OverVotes,20
Escambia,U.S. House,1,NA,UnderVotes,1969
Escambia,U.S. House,1,REP,Matt Gaetz,67337
Escambia,U.S. Senate,NA,DEM,Val Demings,40790
Escambia,U.S. Senate,NA,LPF,Dennis Misigoy,598
Escambia,U.S. Senate,NA,NA,OverVotes,18
Escambia,U.S. Senate,NA,NA,UnderVotes,520
Escambia,U.S. Senate,NA,NA,WriteinVotes,60
Escambia,U.S. Senate,NA,NPA,Steven B. Grant,459
Escambia,U.S. Senate,NA,NPA,Tuan TQ Nguyen,420
Escambia,U.S. Senate,NA,REP,Marco Rubio,73225
Flagler,Amendment No. 1: Limitation On Assessment of Real Property Used For Residential Purposes,NA,NA,OverVotes,23
Flagler,Amendment No. 1: Limitation On Assessment of Real Property Used For Residential Purposes,NA,NA,UnderVotes,5734
Flagler,Amendment No. 1: Limitation On Assessment of Real Property Used For Residential Purposes,NA,NOP,No for Rejection,21070
Flagler,Amendment No. 1: Limitation On Assessment of Real Property Used For Residential Purposes,NA,NOP,Yes for Approval,32055
Flagler,Amendment No. 2: Abolishing the Constitution Revision Commission,NA,NA,OverVotes,19
Flagler,Amendment No. 2: Abolishing the Constitution Revision Commission,NA,NA,UnderVotes,6436
Flagler,Amendment No. 2: Abolishing the Constitution Revision Commission,NA,NOP,No for Rejection,20584
Flagler,Amendment No. 2: Abolishing the Constitution Revision Commission,NA,NOP,Yes for Approval,31843
Flagler,Amendment No. 3: Additional Homestead Property Tax Exemption For Specified Critical Public Services Workforce,NA,NA,OverVotes,31
Flagler,Amendment No. 3: Additional Homestead Property Tax Exemption For Specified Critical Public Services Workforce,NA,NA,UnderVotes,4074
Flagler,Amendment No. 3: Additional Homestead Property Tax Exemption For Specified Critical Public Services Workforce,NA,NOP,No for Rejection,20904
Flagler,Amendment No. 3: Additional Homestead Property Tax Exemption For Specified Critical Public Services Workforce,NA,NOP,Yes for Approval,33873
Flagler,Attorney General,NA,DEM,Aramis Ayala,18418
Flagler,Attorney General,NA,NA,OverVotes,4
Flagler,Attorney General,NA,NA,UnderVotes,771
Flagler,Attorney General,NA,REP,Ashley Moody,39689
Flagler,Chief Financial Officer,NA,DEM,Adam Hattersley,19281
Flagler,Chief Financial Officer,NA,NA,OverVotes,6
Flagler,Chief Financial Officer,NA,NA,UnderVotes,1297
Flagler,Chief Financial Officer,NA,REP,Jimmy Patronis,38298
Flagler,Commissioner of Agriculture,NA,DEM,Naomi Esther Blemur,19249
Flagler,Commissioner of Agriculture,NA,NA,OverVotes,3
Flagler,Commissioner of Agriculture,NA,NA,UnderVotes,1383
Flagler,Commissioner of Agriculture,NA,REP,Wilton Simpson,38247
Flagler,County Commissioner,4,NA,OverVotes,6
Flagler,County Commissioner,4,NA,UnderVotes,3669
Flagler,County Commissioner,4,NPA,Jane Gentile-Youd,14667
Flagler,County Commissioner,4,REP,Leann Pennington,40540
Flagler,Deer Run Community Development District,Seat 1,NA,OverVotes,0
Flagler,Deer Run Community Development District,Seat 1,NA,UnderVotes,87
Flagler,Deer Run Community Development District,Seat 1,NOP,Darrell Broom,213
Flagler,Deer Run Community Development District,Seat 1,NOP,Gregory David Dean,193
Flagler,Governor,NA,DEM,Crist / Hernandez,19177
Flagler,Governor,NA,LPF,Roos / Rorabaugh,142
Flagler,Governor,NA,NA,OverVotes,52
Flagler,Governor,NA,NA,UnderVotes,134
Flagler,Governor,NA,NPA,Gimenez / Gibson,194
Flagler,Governor,NA,REP,DeSantis / Nuñez,39183
Flagler,Registered Voters,NA,NA,NA,95306
Flagler,Retention of Brian D. Lambert,Fifth District Court of Appeal,NA,OverVotes,19
Flagler,Retention of Brian D. Lambert,Fifth District Court of Appeal,NA,UnderVotes,9850
Flagler,Retention of Brian D. Lambert,Fifth District Court of Appeal,NOP,No,12756
Flagler,Retention of Brian D. Lambert,Fifth District Court of Appeal,NOP,Yes,36257
Flagler,Retention of Carrie Ann Wozniak,Fifth District Court of Appeal,NA,OverVotes,7
Flagler,Retention of Carrie Ann Wozniak,Fifth District Court of Appeal,NA,UnderVotes,10224
Flagler,Retention of Carrie Ann Wozniak,Fifth District Court of Appeal,NOP,No,15143
Flagler,Retention of Carrie Ann Wozniak,Fifth District Court of Appeal,NOP,Yes,33508
Flagler,Retention of Charles T. Canady,Justice of the Supreme Court,NA,OverVotes,32
Flagler,Retention of Charles T. Canady,Justice of the Supreme Court,NA,UnderVotes,8548
Flagler,Retention of Charles T. Canady,Justice of the Supreme Court,NOP,No,17805
Flagler,Retention of Charles T. Canady,Justice of the Supreme Court,NOP,Yes,32497
Flagler,Retention of Dan Traver,Fifth District Court of Appeal,NA,OverVotes,8
Flagler,Retention of Dan Traver,Fifth District Court of Appeal,NA,UnderVotes,10220
Flagler,Retention of Dan Traver,Fifth District Court of Appeal,NOP,No,15825
Flagler,Retention of Dan Traver,Fifth District Court of Appeal,NOP,Yes,32829
Flagler,Retention of James A. Edwards,Fifth District Court of Appeal,NA,OverVotes,7
Flagler,Retention of James A. Edwards,Fifth District Court of Appeal,NA,UnderVotes,9946
Flagler,Retention of James A. Edwards,Fifth District Court of Appeal,NOP,No,15732
Flagler,Retention of James A. Edwards,Fifth District Court of Appeal,NOP,Yes,33197
Flagler,Retention of Jamie Grosshans,Justice of the Supreme Court,NA,OverVotes,17
Flagler,Retention of Jamie Grosshans,Justice of the Supreme Court,NA,UnderVotes,9233
Flagler,Retention of Jamie Grosshans,Justice of the Supreme Court,NOP,No,16256
Flagler,Retention of Jamie Grosshans,Justice of the Supreme Court,NOP,Yes,33376
Flagler,Retention of Jay Cohen,Fifth District Court of Appeal,NA,OverVotes,28
Flagler,Retention of Jay Cohen,Fifth District Court of Appeal,NA,UnderVotes,9591
Flagler,Retention of Jay Cohen,Fifth District Court of Appeal,NOP,No,15684
Flagler,Retention of Jay Cohen,Fifth District Court of Appeal,NOP,Yes,33579
Flagler,Retention of John D. Couriel,Justice of the Supreme Court,NA,OverVotes,14
Flagler,Retention of John D. Couriel,Justice of the Supreme Court,NA,UnderVotes,9193
Flagler,Retention of John D. Couriel,Justice of the Supreme Court,NOP,No,16426
Flagler,Retention of John D. Couriel,Justice of the Supreme Court,NOP,Yes,33249
Flagler,Retention of Jorge Labarga,Justice of the Supreme Court,NA,OverVotes,16
Flagler,Retention of Jorge Labarga,Justice of the Supreme Court,NA,UnderVotes,9465
Flagler,Retention of Jorge Labarga,Justice of the Supreme Court,NOP,No,16566
Flagler,Retention of Jorge Labarga,Justice of the Supreme Court,NOP,Yes,32835
Flagler,Retention of Mary Nardella,Fifth District Court of Appeal,NA,OverVotes,9
Flagler,Retention of Mary Nardella,Fifth District Court of Appeal,NA,UnderVotes,9959
Flagler,Retention of Mary Nardella,Fifth District Court of Appeal,NOP,No,15459
Flagler,Retention of Mary Nardella,Fifth District Court of Appeal,NOP,Yes,33455
Flagler,Retention of Ricky Polston,Justice of the Supreme Court,NA,OverVotes,15
Flagler,Retention of Ricky Polston,Justice of the Supreme Court,NA,UnderVotes,9541
Flagler,Retention of Ricky Polston,Justice of the Supreme Court,NOP,No,18204
Flagler,Retention of Ricky Polston,Justice of the Supreme Court,NOP,Yes,31122
Flagler,School Board,2,NA,OverVotes,16
Flagler,School Board,2,NA,UnderVotes,5832
Flagler,School Board,2,NOP,Courtney VandeBunte,22073
Flagler,School Board,2,NOP,Will Furry,30961
Flagler,State House,19,DEM,Adam Morley,19223
Flagler,State House,19,NA,OverVotes,3
Flagler,State House,19,NA,UnderVotes,1328
Flagler,State House,19,REP,Paul Renner,38328
Flagler,U.S. House,6,LPF,"Joseph ""Joe"" Hannoush",13812
Flagler,U.S. House,6,NA,OverVotes,3
Flagler,U.S. House,6,NA,UnderVotes,5053
Flagler,U.S. House,6,REP,Michael Waltz,40018
Flagler,U.S. Senate,NA,DEM,Val Demings,20204
Flagler,U.S. Senate,NA,LPF,Dennis Misigoy,204
Flagler,U.S. Senate,NA,NA,OverVotes,18
Flagler,U.S. Senate,NA,NA,UnderVotes,231
Flagler,U.S. Senate,NA,NA,WriteinVotes,18
Flagler,U.S. Senate,NA,NPA,Steven B. Grant,191
Flagler,U.S. Senate,NA,NPA,Tuan TQ Nguyen,86
Flagler,U.S. Senate,NA,REP,Marco Rubio,37934
Franklin,Amendment No. 1: Limitation On Assessment of Real Property Used For Residential Purposes,NA,NA,OverVotes,2
Franklin,Amendment No. 1: Limitation On Assessment of Real Property Used For Residential Purposes,NA,NA,UnderVotes,578
Franklin,Amendment No. 1: Limitation On Assessment of Real Property Used For Residential Purposes,NA,NOP,No for Rejection,2083
Franklin,Amendment No. 1: Limitation On Assessment of Real Property Used For Residential Purposes,NA,NOP,Yes for Approval,2801
Franklin,Amendment No. 2: Abolishing the Constitution Revision Commission,NA,NA,OverVotes,4
Franklin,Amendment No. 2: Abolishing the Constitution Revision Commission,NA,NA,UnderVotes,643
Franklin,Amendment No. 2: Abolishing the Constitution Revision Commission,NA,NOP,No for Rejection,2106
Franklin,Amendment No. 2: Abolishing the Constitution Revision Commission,NA,NOP,Yes for Approval,2710
Franklin,Amendment No. 3: Additional Homestead Property Tax Exemption For Specified Critical Public Services Workforce,NA,NA,OverVotes,0
Franklin,Amendment No. 3: Additional Homestead Property Tax Exemption For Specified Critical Public Services Workforce,NA,NA,UnderVotes,410
Franklin,Amendment No. 3: Additional Homestead Property Tax Exemption For Specified Critical Public Services Workforce,NA,NOP,No for Rejection,2046
Franklin,Amendment No. 3: Additional Homestead Property Tax Exemption For Specified Critical Public Services Workforce,NA,NOP,Yes for Approval,3008
Franklin,Attorney General,NA,DEM,Aramis Ayala,1371
Franklin,Attorney General,NA,NA,OverVotes,0
Franklin,Attorney General,NA,NA,UnderVotes,84
Franklin,Attorney General,NA,REP,Ashley Moody,4010
Franklin,Chief Financial Officer,NA,DEM,Adam Hattersley,1354
Franklin,Chief Financial Officer,NA,NA,OverVotes,0
Franklin,Chief Financial Officer,NA,NA,UnderVotes,80
Franklin,Chief Financial Officer,NA,REP,Jimmy Patronis,4031
Franklin,Commissioner of Agriculture,NA,DEM,Naomi Esther Blemur,1452
Franklin,Commissioner of Agriculture,NA,NA,OverVotes,0
Franklin,Commissioner of Agriculture,NA,NA,UnderVotes,105
Franklin,Commissioner of Agriculture,NA,REP,Wilton Simpson,3908
Franklin,County Commissioner,4,DEM,Joseph Smokey Parrish,256
Franklin,County Commissioner,4,NA,OverVotes,1
Franklin,County Commissioner,4,NA,UnderVotes,13
Franklin,County Commissioner,4,REP,Ottice D Amison,652
Franklin,Governor,NA,DEM,Crist / Hernandez,1406
Franklin,Governor,NA,LPF,Roos / Rorabaugh,18
Franklin,Governor,NA,NA,OverVotes,3
Franklin,Governor,NA,NA,UnderVotes,20
Franklin,Governor,NA,NPA,Gimenez / Gibson,15
Franklin,Governor,NA,REP,DeSantis / Nuñez,4003
Franklin,Registered Voters,NA,NA,NA,7977
Franklin,Retention of Bo Winokur,First District Court of Appeal,NA,OverVotes,1
Franklin,Retention of Bo Winokur,First District Court of Appeal,NA,UnderVotes,868
Franklin,Retention of Bo Winokur,First District Court of Appeal,NOP,No,1692
Franklin,Retention of Bo Winokur,First District Court of Appeal,NOP,Yes,2901
Franklin,Retention of Bobby Long,First District Court of Appeal,NA,OverVotes,1
Franklin,Retention of Bobby Long,First District Court of Appeal,NA,UnderVotes,871
Franklin,Retention of Bobby Long,First District Court of Appeal,NOP,No,1650
Franklin,Retention of Bobby Long,First District Court of Appeal,NOP,Yes,2945
Franklin,Retention of Charles T. Canady,Justice of the Supreme Court,NA,OverVotes,2
Franklin,Retention of Charles T. Canady,Justice of the Supreme Court,NA,UnderVotes,747
Franklin,Retention of Charles T. Canady,Justice of the Supreme Court,NOP,No,1683
Franklin,Retention of Charles T. Canady,Justice of the Supreme Court,NOP,Yes,3031
Franklin,Retention of Jamie Grosshans,Justice of the Supreme Court,NA,OverVotes,3
Franklin,Retention of Jamie Grosshans,Justice of the Supreme Court,NA,UnderVotes,790
Franklin,Retention of Jamie Grosshans,Justice of the Supreme Court,NOP,No,1694
Franklin,Retention of Jamie Grosshans,Justice of the Supreme Court,NOP,Yes,2976
Franklin,Retention of John D. Couriel,Justice of the Supreme Court,NA,OverVotes,4
Franklin,Retention of John D. Couriel,Justice of the Supreme Court,NA,UnderVotes,768
Franklin,Retention of John D. Couriel,Justice of the Supreme Court,NOP,No,1696
Franklin,Retention of John D. Couriel,Justice of the Supreme Court,NOP,Yes,2995
Franklin,Retention of Jorge Labarga,Justice of the Supreme Court,NA,OverVotes,2
Franklin,Retention of Jorge Labarga,Justice of the Supreme Court,NA,UnderVotes,791
Franklin,Retention of Jorge Labarga,Justice of the Supreme Court,NOP,No,1831
Franklin,Retention of Jorge Labarga,Justice of the Supreme Court,NOP,Yes,2842
Franklin,Retention of Lori S. Rowe,First District Court of Appeal,NA,OverVotes,5
Franklin,Retention of Lori S. Rowe,First District Court of Appeal,NA,UnderVotes,874
Franklin,Retention of Lori S. Rowe,First District Court of Appeal,NOP,No,1679
Franklin,Retention of Lori S. Rowe,First District Court of Appeal,NOP,Yes,2904
Franklin,Retention of Ricky Polston,Justice of the Supreme Court,NA,OverVotes,0
Franklin,Retention of Ricky Polston,Justice of the Supreme Court,NA,UnderVotes,774
Franklin,Retention of Ricky Polston,Justice of the Supreme Court,NOP,No,1750
Franklin,Retention of Ricky Polston,Justice of the Supreme Court,NOP,Yes,2942
Franklin,Retention of Ross L. Bilbrey,First District Court of Appeal,NA,OverVotes,1
Franklin,Retention of Ross L. Bilbrey,First District Court of Appeal,NA,UnderVotes,860
Franklin,Retention of Ross L. Bilbrey,First District Court of Appeal,NOP,No,1660
Franklin,Retention of Ross L. Bilbrey,First District Court of Appeal,NOP,Yes,2945
Franklin,Retention of Susan Kelsey,First District Court of Appeal,NA,OverVotes,1
Franklin,Retention of Susan Kelsey,First District Court of Appeal,NA,UnderVotes,869
Franklin,Retention of Susan Kelsey,First District Court of Appeal,NOP,No,1639
Franklin,Retention of Susan Kelsey,First District Court of Appeal,NOP,Yes,2957
Franklin,State Senate,3,DEM,Loranne Ausley,1574
Franklin,State Senate,3,NA,OverVotes,1
Franklin,State Senate,3,NA,UnderVotes,80
Franklin,State Senate,3,REP,Corey Simon,3810
Franklin,U.S. House,2,DEM,Al Lawson,1563
Franklin,U.S. House,2,NA,OverVotes,1
Franklin,U.S. House,2,NA,UnderVotes,55
Franklin,U.S. House,2,REP,Neal Dunn,3846
Franklin,U.S. Senate,NA,DEM,Val Demings,1471
Franklin,U.S. Senate,NA,LPF,Dennis Misigoy,23
Franklin,U.S. Senate,NA,NA,OverVotes,1
Franklin,U.S. Senate,NA,NA,UnderVotes,45
Franklin,U.S. Senate,NA,NA,WriteinVotes,1
Franklin,U.S. Senate,NA,NPA,Steven B. Grant,29
Franklin,U.S. Senate,NA,NPA,Tuan TQ Nguyen,10
Franklin,U.S. Senate,NA,REP,Marco Rubio,3885
Gadsden,Amendment No. 1: Limitation On Assessment of Real Property Used For Residential Purposes,NA,NA,OverVotes,8
Gadsden,Amendment No. 1: Limitation On Assessment of Real Property Used For Residential Purposes,NA,NA,UnderVotes,1114
Gadsden,Amendment No. 1: Limitation On Assessment of Real Property Used For Residential Purposes,NA,NOP,No for Rejection,7984
Gadsden,Amendment No. 1: Limitation On Assessment of Real Property Used For Residential Purposes,NA,NOP,Yes for Approval,8357
Gadsden,Amendment No. 2: Abolishing the Constitution Revision Commission,NA,NA,OverVotes,10
Gadsden,Amendment No. 2: Abolishing the Constitution Revision Commission,NA,NA,UnderVotes,1212
Gadsden,Amendment No. 2: Abolishing the Constitution Revision Commission,NA,NOP,No for Rejection,8480
Gadsden,Amendment No. 2: Abolishing the Constitution Revision Commission,NA,NOP,Yes for Approval,7761
Gadsden,Amendment No. 3: Additional Homestead Property Tax Exemption For Specified Critical Public Services Workforce,NA,NA,OverVotes,2
Gadsden,Amendment No. 3: Additional Homestead Property Tax Exemption For Specified Critical Public Services Workforce,NA,NA,UnderVotes,949
Gadsden,Amendment No. 3: Additional Homestead Property Tax Exemption For Specified Critical Public Services Workforce,NA,NOP,No for Rejection,6835
Gadsden,Amendment No. 3: Additional Homestead Property Tax Exemption For Specified Critical Public Services Workforce,NA,NOP,Yes for Approval,9677
Gadsden,Attorney General,NA,DEM,Aramis Ayala,10099
Gadsden,Attorney General,NA,NA,OverVotes,4
Gadsden,Attorney General,NA,NA,UnderVotes,158
Gadsden,Attorney General,NA,REP,Ashley Moody,7202
Gadsden,Chief Financial Officer,NA,DEM,Adam Hattersley,10542
Gadsden,Chief Financial Officer,NA,NA,OverVotes,1
Gadsden,Chief Financial Officer,NA,NA,UnderVotes,226
Gadsden,Chief Financial Officer,NA,REP,Jimmy Patronis,6694
Gadsden,Commissioner of Agriculture,NA,DEM,Naomi Esther Blemur,10672
Gadsden,Commissioner of Agriculture,NA,NA,OverVotes,1
Gadsden,Commissioner of Agriculture,NA,NA,UnderVotes,312
Gadsden,Commissioner of Agriculture,NA,REP,Wilton Simpson,6478
Gadsden,County Commissioner,2,DEM,Alonzetta Johnson-Simpkins,2378
Gadsden,County Commissioner,2,NA,OverVotes,1
Gadsden,County Commissioner,2,NA,UnderVotes,76
Gadsden,County Commissioner,2,REP,Larry Clayton,1953
Gadsden,County Commissioner,4,DEM,Brenda Holt,1979
Gadsden,County Commissioner,4,NA,OverVotes,0
Gadsden,County Commissioner,4,NA,UnderVotes,351
Gadsden,County Commissioner,4,NA,WriteinVotes,12
Gadsden,Gadsden Soil and Water Conservation District,Group 4,NA,OverVotes,5
Gadsden,Gadsden Soil and Water Conservation District,Group 4,NA,UnderVotes,1440
Gadsden,Gadsden Soil and Water Conservation District,Group 4,NOP,Michael Brown,8175
Gadsden,Gadsden Soil and Water Conservation District,Group 4,NOP,Sterling Lance Watson Jr.,7843
Gadsden,Governor,NA,DEM,Crist / Hernandez,10805
Gadsden,Governor,NA,LPF,Roos / Rorabaugh,30
Gadsden,Governor,NA,NA,OverVotes,6
Gadsden,Governor,NA,NA,UnderVotes,31
Gadsden,Governor,NA,NPA,Gimenez / Gibson,80
Gadsden,Governor,NA,REP,DeSantis / Nuñez,6511
Gadsden,Registered Voters,NA,NA,NA,29752
Gadsden,Retention of Bo Winokur,First District Court of Appeal,NA,OverVotes,2
Gadsden,Retention of Bo Winokur,First District Court of Appeal,NA,UnderVotes,1433
Gadsden,Retention of Bo Winokur,First District Court of Appeal,NOP,No,6441
Gadsden,Retention of Bo Winokur,First District Court of Appeal,NOP,Yes,9587
Gadsden,Retention of Bobby Long,First District Court of Appeal,NA,OverVotes,1
Gadsden,Retention of Bobby Long,First District Court of Appeal,NA,UnderVotes,1421
Gadsden,Retention of Bobby Long,First District Court of Appeal,NOP,No,6119
Gadsden,Retention of Bobby Long,First District Court of Appeal,NOP,Yes,9922
Gadsden,Retention of Charles T. Canady,Justice of the Supreme Court,NA,OverVotes,9
Gadsden,Retention of Charles T. Canady,Justice of the Supreme Court,NA,UnderVotes,1191
Gadsden,Retention of Charles T. Canady,Justice of the Supreme Court,NOP,No,6160
Gadsden,Retention of Charles T. Canady,Justice of the Supreme Court,NOP,Yes,10103
Gadsden,Retention of Jamie Grosshans,Justice of the Supreme Court,NA,OverVotes,8
Gadsden,Retention of Jamie Grosshans,Justice of the Supreme Court,NA,UnderVotes,1333
Gadsden,Retention of Jamie Grosshans,Justice of the Supreme Court,NOP,No,6352
Gadsden,Retention of Jamie Grosshans,Justice of the Supreme Court,NOP,Yes,9770
Gadsden,Retention of John D. Couriel,Justice of the Supreme Court,NA,OverVotes,5
Gadsden,Retention of John D. Couriel,Justice of the Supreme Court,NA,UnderVotes,1301
Gadsden,Retention of John D. Couriel,Justice of the Supreme Court,NOP,No,6529
Gadsden,Retention of John D. Couriel,Justice of the Supreme Court,NOP,Yes,9628
Gadsden,Retention of Jorge Labarga,Justice of the Supreme Court,NA,OverVotes,4
Gadsden,Retention of Jorge Labarga,Justice of the Supreme Court,NA,UnderVotes,1331
Gadsden,Retention of Jorge Labarga,Justice of the Supreme Court,NOP,No,6333
Gadsden,Retention of Jorge Labarga,Justice of the Supreme Court,NOP,Yes,9795
Gadsden,Retention of Lori S. Rowe,First District Court of Appeal,NA,OverVotes,5
Gadsden,Retention of Lori S. Rowe,First District Court of Appeal,NA,UnderVotes,1414
Gadsden,Retention of Lori S. Rowe,First District Court of Appeal,NOP,No,5608
Gadsden,Retention of Lori S. Rowe,First District Court of Appeal,NOP,Yes,10436
Gadsden,Retention of Ricky Polston,Justice of the Supreme Court,NA,OverVotes,4
Gadsden,Retention of Ricky Polston,Justice of the Supreme Court,NA,UnderVotes,1265
Gadsden,Retention of Ricky Polston,Justice of the Supreme Court,NOP,No,6175
Gadsden,Retention of Ricky Polston,Justice of the Supreme Court,NOP,Yes,10019
Gadsden,Retention of Ross L. Bilbrey,First District Court of Appeal,NA,OverVotes,6
Gadsden,Retention of Ross L. Bilbrey,First District Court of Appeal,NA,UnderVotes,1312
Gadsden,Retention of Ross L. Bilbrey,First District Court of Appeal,NOP,No,6109
Gadsden,Retention of Ross L. Bilbrey,First District Court of Appeal,NOP,Yes,10036
Gadsden,Retention of Susan Kelsey,First District Court of Appeal,NA,OverVotes,5
Gadsden,Retention of Susan Kelsey,First District Court of Appeal,NA,UnderVotes,1383
Gadsden,Retention of Susan Kelsey,First District Court of Appeal,NOP,No,5780
Gadsden,Retention of Susan Kelsey,First District Court of Appeal,NOP,Yes,10295
Gadsden,School Board,2,NA,OverVotes,1
Gadsden,School Board,2,NA,UnderVotes,274
Gadsden,School Board,2,NOP,Rodney Moore,1856
Gadsden,School Board,2,NOP,Steve Scott,2277
Gadsden,School Board,4,NA,OverVotes,0
Gadsden,School Board,4,NA,UnderVotes,104
Gadsden,School Board,4,NOP,Charlie Frost,1289
Gadsden,School Board,4,NOP,Cynthia Hayes-Riley,1193
Gadsden,State House,8,DEM,Gallop P. Franklin,11110
Gadsden,State House,8,NA,OverVotes,1
Gadsden,State House,8,NA,UnderVotes,256
Gadsden,State House,8,REP,Curt Bender,6096
Gadsden,State Senate,3,DEM,Loranne Ausley,10990
Gadsden,State Senate,3,NA,OverVotes,0
Gadsden,State Senate,3,NA,UnderVotes,116
Gadsden,State Senate,3,REP,Corey Simon,6357
Gadsden,U.S. House,2,DEM,Al Lawson,11314
Gadsden,U.S. House,2,NA,OverVotes,0
Gadsden,U.S. House,2,NA,UnderVotes,101
Gadsden,U.S. House,2,REP,Neal Dunn,6048
Gadsden,U.S. Senate,NA,DEM,Val Demings,11113
Gadsden,U.S. Senate,NA,LPF,Dennis Misigoy,63
Gadsden,U.S. Senate,NA,NA,OverVotes,1
Gadsden,U.S. Senate,NA,NA,UnderVotes,74
Gadsden,U.S. Senate,NA,NA,WriteinVotes,0
Gadsden,U.S. Senate,NA,NPA,Steven B. Grant,99
Gadsden,U.S. Senate,NA,NPA,Tuan TQ Nguyen,23
Gadsden,U.S. Senate,NA,REP,Marco Rubio,6086
Gilchrist,Amendment No. 1: Limitation On Assessment of Real Property Used For Residential Purposes,NA,NA,OverVotes,3
Gilchrist,Amendment No. 1: Limitation On Assessment of Real Property Used For Residential Purposes,NA,NA,UnderVotes,498
Gilchrist,Amendment No. 1: Limitation On Assessment of Real Property Used For Residential Purposes,NA,NOP,No for Rejection,3260
Gilchrist,Amendment No. 1: Limitation On Assessment of Real Property Used For Residential Purposes,NA,NOP,Yes for Approval,4128
Gilchrist,Amendment No. 2: Abolishing the Constitution Revision Commission,NA,NA,OverVotes,3
Gilchrist,Amendment No. 2: Abolishing the Constitution Revision Commission,NA,NA,UnderVotes,554
Gilchrist,Amendment No. 2: Abolishing the Constitution Revision Commission,NA,NOP,No for Rejection,3164
Gilchrist,Amendment No. 2: Abolishing the Constitution Revision Commission,NA,NOP,Yes for Approval,4168
Gilchrist,Amendment No. 3: Additional Homestead Property Tax Exemption For Specified Critical Public Services Workforce,NA,NA,OverVotes,3
Gilchrist,Amendment No. 3: Additional Homestead Property Tax Exemption For Specified Critical Public Services Workforce,NA,NA,UnderVotes,319
Gilchrist,Amendment No. 3: Additional Homestead Property Tax Exemption For Specified Critical Public Services Workforce,NA,NOP,No for Rejection,3351
Gilchrist,Amendment No. 3: Additional Homestead Property Tax Exemption For Specified Critical Public Services Workforce,NA,NOP,Yes for Approval,4216
Gilchrist,Attorney General,NA,DEM,Aramis Ayala,988
Gilchrist,Attorney General,NA,NA,OverVotes,2
Gilchrist,Attorney General,NA,NA,UnderVotes,87
Gilchrist,Attorney General,NA,REP,Ashley Moody,6812
Gilchrist,Chief Financial Officer,NA,DEM,Adam Hattersley,1081
Gilchrist,Chief Financial Officer,NA,NA,OverVotes,1
Gilchrist,Chief Financial Officer,NA,NA,UnderVotes,256
Gilchrist,Chief Financial Officer,NA,REP,Jimmy Patronis,6551
Gilchrist,Circuit Judge,"8th Judicial Circuit, Group 12",NA,OverVotes,1
Gilchrist,Circuit Judge,"8th Judicial Circuit, Group 12",NA,UnderVotes,857
Gilchrist,Circuit Judge,"8th Judicial Circuit, Group 12",NOP,AuBroncee Martin,831
Gilchrist,Circuit Judge,"8th Judicial Circuit, Group 12",NOP,Sean Brewer,6200
Gilchrist,Commissioner of Agriculture,NA,DEM,Naomi Esther Blemur,1026
Gilchrist,Commissioner of Agriculture,NA,NA,OverVotes,1
Gilchrist,Commissioner of Agriculture,NA,NA,UnderVotes,126
Gilchrist,Commissioner of Agriculture,NA,REP,Wilton Simpson,6736
Gilchrist,County Commissioner,4,NA,OverVotes,1
Gilchrist,County Commissioner,4,NA,UnderVotes,650
Gilchrist,County Commissioner,4,NA,WriteinVotes,829
Gilchrist,County Commissioner,4,REP,Tommy Langford,6409
Gilchrist,Governor,NA,DEM,Crist / Hernandez,1017
Gilchrist,Governor,NA,LPF,Roos / Rorabaugh,18
Gilchrist,Governor,NA,NA,OverVotes,0
Gilchrist,Governor,NA,NA,UnderVotes,21
Gilchrist,Governor,NA,NPA,Gimenez / Gibson,27
Gilchrist,Governor,NA,REP,DeSantis / Nuñez,6806
Gilchrist,Registered Voters,NA,NA,NA,12050
Gilchrist,Retention of Bo Winokur,First District Court of Appeal,NA,OverVotes,0
Gilchrist,Retention of Bo Winokur,First District Court of Appeal,NA,UnderVotes,990
Gilchrist,Retention of Bo Winokur,First District Court of Appeal,NOP,No,2145
Gilchrist,Retention of Bo Winokur,First District Court of Appeal,NOP,Yes,4754
Gilchrist,Retention of Bobby Long,First District Court of Appeal,NA,OverVotes,1
Gilchrist,Retention of Bobby Long,First District Court of Appeal,NA,UnderVotes,959
Gilchrist,Retention of Bobby Long,First District Court of Appeal,NOP,No,1927
Gilchrist,Retention of Bobby Long,First District Court of Appeal,NOP,Yes,5002
Gilchrist,Retention of Charles T. Canady,Justice of the Supreme Court,NA,OverVotes,8
Gilchrist,Retention of Charles T. Canady,Justice of the Supreme Court,NA,UnderVotes,765
Gilchrist,Retention of Charles T. Canady,Justice of the Supreme Court,NOP,No,2239
Gilchrist,Retention of Charles T. Canady,Justice of the Supreme Court,NOP,Yes,4877
Gilchrist,Retention of Jamie Grosshans,Justice of the Supreme Court,NA,OverVotes,1
Gilchrist,Retention of Jamie Grosshans,Justice of the Supreme Court,NA,UnderVotes,816
Gilchrist,Retention of Jamie Grosshans,Justice of the Supreme Court,NOP,No,2003
Gilchrist,Retention of Jamie Grosshans,Justice of the Supreme Court,NOP,Yes,5069
Gilchrist,Retention of John D. Couriel,Justice of the Supreme Court,NA,OverVotes,0
Gilchrist,Retention of John D. Couriel,Justice of the Supreme Court,NA,UnderVotes,807
Gilchrist,Retention of John D. Couriel,Justice of the Supreme Court,NOP,No,2008
Gilchrist,Retention of John D. Couriel,Justice of the Supreme Court,NOP,Yes,5074
Gilchrist,Retention of Jorge Labarga,Justice of the Supreme Court,NA,OverVotes,2
Gilchrist,Retention of Jorge Labarga,Justice of the Supreme Court,NA,UnderVotes,832
Gilchrist,Retention of Jorge Labarga,Justice of the Supreme Court,NOP,No,3298
Gilchrist,Retention of Jorge Labarga,Justice of the Supreme Court,NOP,Yes,3757
Gilchrist,Retention of Lori S. Rowe,First District Court of Appeal,NA,OverVotes,1
Gilchrist,Retention of Lori S. Rowe,First District Court of Appeal,NA,UnderVotes,964
Gilchrist,Retention of Lori S. Rowe,First District Court of Appeal,NOP,No,2423
Gilchrist,Retention of Lori S. Rowe,First District Court of Appeal,NOP,Yes,4501
Gilchrist,Retention of Ricky Polston,Justice of the Supreme Court,NA,OverVotes,2
Gilchrist,Retention of Ricky Polston,Justice of the Supreme Court,NA,UnderVotes,822
Gilchrist,Retention of Ricky Polston,Justice of the Supreme Court,NOP,No,2488
Gilchrist,Retention of Ricky Polston,Justice of the Supreme Court,NOP,Yes,4577
Gilchrist,Retention of Ross L. Bilbrey,First District Court of Appeal,NA,OverVotes,1
Gilchrist,Retention of Ross L. Bilbrey,First District Court of Appeal,NA,UnderVotes,937
Gilchrist,Retention of Ross L. Bilbrey,First District Court of Appeal,NOP,No,2182
Gilchrist,Retention of Ross L. Bilbrey,First District Court of Appeal,NOP,Yes,4769
Gilchrist,Retention of Susan Kelsey,First District Court of Appeal,NA,OverVotes,0
Gilchrist,Retention of Susan Kelsey,First District Court of Appeal,NA,UnderVotes,959
Gilchrist,Retention of Susan Kelsey,First District Court of Appeal,NOP,No,2091
Gilchrist,Retention of Susan Kelsey,First District Court of Appeal,NOP,Yes,4839
Gilchrist,State House,22,DEM,Brandon Peters,1022
Gilchrist,State House,22,NA,OverVotes,0
Gilchrist,State House,22,NA,UnderVotes,101
Gilchrist,State House,22,REP,Chuck Clemons,6766
Gilchrist,U.S. House,3,DEM,Danielle Hawk,1067
Gilchrist,U.S. House,3,NA,OverVotes,0
Gilchrist,U.S. House,3,NA,UnderVotes,58
Gilchrist,U.S. House,3,NPA,Linda S. Brooks,97
Gilchrist,U.S. House,3,REP,Kat Cammack,6667
Gilchrist,U.S. Senate,NA,DEM,Val Demings,1087
Gilchrist,U.S. Senate,NA,LPF,Dennis Misigoy,40
Gilchrist,U.S. Senate,NA,NA,OverVotes,0
Gilchrist,U.S. Senate,NA,NA,UnderVotes,38
Gilchrist,U.S. Senate,NA,NA,WriteinVotes,6
Gilchrist,U.S. Senate,NA,NPA,Steven B. Grant,47
Gilchrist,U.S. Senate,NA,NPA,Tuan TQ Nguyen,14
Gilchrist,U.S. Senate,NA,REP,Marco Rubio,6657
Glades,Amendment No. 1: Limitation On Assessment of Real Property Used For Residential Purposes,NA,NA,OverVotes,0
Glades,Amendment No. 1: Limitation On Assessment of Real Property Used For Residential Purposes,NA,NA,UnderVotes,317
Glades,Amendment No. 1: Limitation On Assessment of Real Property Used For Residential Purposes,NA,NOP,No for Rejection,1441
Glades,Amendment No. 1: Limitation On Assessment of Real Property Used For Residential Purposes,NA,NOP,Yes for Approval,2081
Glades,Amendment No. 2: Abolishing the Constitution Revision Commission,NA,NA,OverVotes,0
Glades,Amendment No. 2: Abolishing the Constitution Revision Commission,NA,NA,UnderVotes,350
Glades,Amendment No. 2: Abolishing the Constitution Revision Commission,NA,NOP,No for Rejection,1528
Glades,Amendment No. 2: Abolishing the Constitution Revision Commission,NA,NOP,Yes for Approval,1961
Glades,Amendment No. 3: Additional Homestead Property Tax Exemption For Specified Critical Public Services Workforce,NA,NA,OverVotes,4
Glades,Amendment No. 3: Additional Homestead Property Tax Exemption For Specified Critical Public Services Workforce,NA,NA,UnderVotes,214
Glades,Amendment No. 3: Additional Homestead Property Tax Exemption For Specified Critical Public Services Workforce,NA,NOP,No for Rejection,1375
Glades,Amendment No. 3: Additional Homestead Property Tax Exemption For Specified Critical Public Services Workforce,NA,NOP,Yes for Approval,2246
Glades,Attorney General,NA,DEM,Aramis Ayala,742
Glades,Attorney General,NA,NA,OverVotes,0
Glades,Attorney General,NA,NA,UnderVotes,56
Glades,Attorney General,NA,REP,Ashley Moody,3041
Glades,Chief Financial Officer,NA,DEM,Adam Hattersley,779
Glades,Chief Financial Officer,NA,NA,OverVotes,0
Glades,Chief Financial Officer,NA,NA,UnderVotes,97
Glades,Chief Financial Officer,NA,REP,Jimmy Patronis,2963
Glades,Commissioner of Agriculture,NA,DEM,Naomi Esther Blemur,740
Glades,Commissioner of Agriculture,NA,NA,OverVotes,0
Glades,Commissioner of Agriculture,NA,NA,UnderVotes,76
Glades,Commissioner of Agriculture,NA,REP,Wilton Simpson,3023
Glades,County Commissioner,4,DEM,RaShondra Croskey,826
Glades,County Commissioner,4,NA,OverVotes,1
Glades,County Commissioner,4,NA,UnderVotes,65
Glades,County Commissioner,4,REP,Hattie Taylor,2947
Glades,Governor,NA,DEM,Crist / Hernandez,721
Glades,Governor,NA,LPF,Roos / Rorabaugh,4
Glades,Governor,NA,NA,OverVotes,1
Glades,Governor,NA,NA,UnderVotes,9
Glades,Governor,NA,NPA,Gimenez / Gibson,13
Glades,Governor,NA,REP,DeSantis / Nuñez,3091
Glades,Port Labelle Community Development District,Seat 1,NA,OverVotes,0
Glades,Port Labelle Community Development District,Seat 1,NA,UnderVotes,45
Glades,Port Labelle Community Development District,Seat 1,NOP,Liz Garcia,83
Glades,Port Labelle Community Development District,Seat 1,NOP,Nancy V. Imhoff,162
Glades,Registered Voters,NA,NA,NA,6959
Glades,Retention of Charles T. Canady,Justice of the Supreme Court,NA,OverVotes,5
Glades,Retention of Charles T. Canady,Justice of the Supreme Court,NA,UnderVotes,532
Glades,Retention of Charles T. Canady,Justice of the Supreme Court,NOP,No,915
Glades,Retention of Charles T. Canady,Justice of the Supreme Court,NOP,Yes,2387
Glades,Retention of Craig C. Villanti,Second District Court of Appeal,NA,OverVotes,0
Glades,Retention of Craig C. Villanti,Second District Court of Appeal,NA,UnderVotes,631
Glades,Retention of Craig C. Villanti,Second District Court of Appeal,NOP,No,1105
Glades,Retention of Craig C. Villanti,Second District Court of Appeal,NOP,Yes,2103
Glades,Retention of Jamie Grosshans,Justice of the Supreme Court,NA,OverVotes,1
Glades,Retention of Jamie Grosshans,Justice of the Supreme Court,NA,UnderVotes,585
Glades,Retention of Jamie Grosshans,Justice of the Supreme Court,NOP,No,886
Glades,Retention of Jamie Grosshans,Justice of the Supreme Court,NOP,Yes,2367
Glades,Retention of John D. Couriel,Justice of the Supreme Court,NA,OverVotes,1
Glades,Retention of John D. Couriel,Justice of the Supreme Court,NA,UnderVotes,576
Glades,Retention of John D. Couriel,Justice of the Supreme Court,NOP,No,915
Glades,Retention of John D. Couriel,Justice of the Supreme Court,NOP,Yes,2347
Glades,Retention of John K. Stargel,Second District Court of Appeal,NA,OverVotes,4
Glades,Retention of John K. Stargel,Second District Court of Appeal,NA,UnderVotes,635
Glades,Retention of John K. Stargel,Second District Court of Appeal,NOP,No,909
Glades,Retention of John K. Stargel,Second District Court of Appeal,NOP,Yes,2291
Glades,Retention of Jorge Labarga,Justice of the Supreme Court,NA,OverVotes,1
Glades,Retention of Jorge Labarga,Justice of the Supreme Court,NA,UnderVotes,590
Glades,Retention of Jorge Labarga,Justice of the Supreme Court,NOP,No,1228
Glades,Retention of Jorge Labarga,Justice of the Supreme Court,NOP,Yes,2020
Glades,Retention of Matt Lucas,Second District Court of Appeal,NA,OverVotes,1
Glades,Retention of Matt Lucas,Second District Court of Appeal,NA,UnderVotes,635
Glades,Retention of Matt Lucas,Second District Court of Appeal,NOP,No,892
Glades,Retention of Matt Lucas,Second District Court of Appeal,NOP,Yes,2311
Glades,Retention of Nelly N. Khouzam,Second District Court of Appeal,NA,OverVotes,3
Glades,Retention of Nelly N. Khouzam,Second District Court of Appeal,NA,UnderVotes,616
Glades,Retention of Nelly N. Khouzam,Second District Court of Appeal,NOP,No,1014
Glades,Retention of Nelly N. Khouzam,Second District Court of Appeal,NOP,Yes,2206
Glades,Retention of Patricia Joan Kelly,Second District Court of Appeal,NA,OverVotes,1
Glades,Retention of Patricia Joan Kelly,Second District Court of Appeal,NA,UnderVotes,580
Glades,Retention of Patricia Joan Kelly,Second District Court of Appeal,NOP,No,1003
Glades,Retention of Patricia Joan Kelly,Second District Court of Appeal,NOP,Yes,2255
Glades,Retention of Ricky Polston,Justice of the Supreme Court,NA,OverVotes,0
Glades,Retention of Ricky Polston,Justice of the Supreme Court,NA,UnderVotes,597
Glades,Retention of Ricky Polston,Justice of the Supreme Court,NOP,No,965
Glades,Retention of Ricky Polston,Justice of the Supreme Court,NOP,Yes,2277
Glades,Retention of Robert Morris,Second District Court of Appeal,NA,OverVotes,1
Glades,Retention of Robert Morris,Second District Court of Appeal,NA,UnderVotes,637
Glades,Retention of Robert Morris,Second District Court of Appeal,NOP,No,1092
Glades,Retention of Robert Morris,Second District Court of Appeal,NOP,Yes,2109
Glades,Retention of Stevan Travis Northcutt,Second District Court of Appeal,NA,OverVotes,1
Glades,Retention of Stevan Travis Northcutt,Second District Court of Appeal,NA,UnderVotes,646
Glades,Retention of Stevan Travis Northcutt,Second District Court of Appeal,NOP,No,1126
Glades,Retention of Stevan Travis Northcutt,Second District Court of Appeal,NOP,Yes,2066
Glades,Retention of Suzanne Y. Labrit,Second District Court of Appeal,NA,OverVotes,0
Glades,Retention of Suzanne Y. Labrit,Second District Court of Appeal,NA,UnderVotes,622
Glades,Retention of Suzanne Y. Labrit,Second District Court of Appeal,NOP,No,933
Glades,Retention of Suzanne Y. Labrit,Second District Court of Appeal,NOP,Yes,2284
Glades,U.S. House,18,NA,OverVotes,0
Glades,U.S. House,18,NA,UnderVotes,185
Glades,U.S. House,18,NA,WriteinVotes,11
Glades,U.S. House,18,NPA,Keith R. Hayden Jr,643
Glades,U.S. House,18,REP,Scott Franklin,3000
Glades,U.S. Senate,NA,DEM,Val Demings,764
Glades,U.S. Senate,NA,LPF,Dennis Misigoy,10
Glades,U.S. Senate,NA,NA,OverVotes,0
Glades,U.S. Senate,NA,NA,UnderVotes,19
Glades,U.S. Senate,NA,NA,WriteinVotes,2
Glades,U.S. Senate,NA,NPA,Steven B. Grant,16
Glades,U.S. Senate,NA,NPA,Tuan TQ Nguyen,2
Glades,U.S. Senate,NA,REP,Marco Rubio,3026
Gulf,Amendment No. 1: Limitation On Assessment of Real Property Used For Residential Purposes,NA,NA,OverVotes,7
Gulf,Amendment No. 1: Limitation On Assessment of Real Property Used For Residential Purposes,NA,NA,UnderVotes,463
Gulf,Amendment No. 1: Limitation On Assessment of Real Property Used For Residential Purposes,NA,NOP,No for Rejection,2488
Gulf,Amendment No. 1: Limitation On Assessment of Real Property Used For Residential Purposes,NA,NOP,Yes for Approval,3480
Gulf,Amendment No. 2: Abolishing the Constitution Revision Commission,NA,NA,OverVotes,1
Gulf,Amendment No. 2: Abolishing the Constitution Revision Commission,NA,NA,UnderVotes,478
Gulf,Amendment No. 2: Abolishing the Constitution Revision Commission,NA,NOP,No for Rejection,2633
Gulf,Amendment No. 2: Abolishing the Constitution Revision Commission,NA,NOP,Yes for Approval,3326
Gulf,Amendment No. 3: Additional Homestead Property Tax Exemption For Specified Critical Public Services Workforce,NA,NA,OverVotes,4
Gulf,Amendment No. 3: Additional Homestead Property Tax Exemption For Specified Critical Public Services Workforce,NA,NA,UnderVotes,317
Gulf,Amendment No. 3: Additional Homestead Property Tax Exemption For Specified Critical Public Services Workforce,NA,NOP,No for Rejection,2381
Gulf,Amendment No. 3: Additional Homestead Property Tax Exemption For Specified Critical Public Services Workforce,NA,NOP,Yes for Approval,3736
Gulf,Attorney General,NA,DEM,Aramis Ayala,1239
Gulf,Attorney General,NA,NA,OverVotes,1
Gulf,Attorney General,NA,NA,UnderVotes,53
Gulf,Attorney General,NA,REP,Ashley Moody,5145
Gulf,Chief Financial Officer,NA,DEM,Adam Hattersley,1179
Gulf,Chief Financial Officer,NA,NA,OverVotes,0
Gulf,Chief Financial Officer,NA,NA,UnderVotes,42
Gulf,Chief Financial Officer,NA,REP,Jimmy Patronis,5217
Gulf,Commissioner of Agriculture,NA,DEM,Naomi Esther Blemur,1335
Gulf,Commissioner of Agriculture,NA,NA,OverVotes,1
Gulf,Commissioner of Agriculture,NA,NA,UnderVotes,84
Gulf,Commissioner of Agriculture,NA,REP,Wilton Simpson,5018
Gulf,County Commissioner,2,DEM,Michael Riley Riley,291
Gulf,County Commissioner,2,NA,OverVotes,0
Gulf,County Commissioner,2,NA,UnderVotes,13
Gulf,County Commissioner,2,REP,Billy Traylor,977
Gulf,Governor,NA,DEM,Crist / Hernandez,1247
Gulf,Governor,NA,LPF,Roos / Rorabaugh,10
Gulf,Governor,NA,NA,OverVotes,4
Gulf,Governor,NA,NA,UnderVotes,9
Gulf,Governor,NA,NPA,Gimenez / Gibson,18
Gulf,Governor,NA,REP,DeSantis / Nuñez,5150
Gulf,Registered Voters,NA,NA,NA,10439
Gulf,Retention of Bo Winokur,First District Court of Appeal,NA,OverVotes,0
Gulf,Retention of Bo Winokur,First District Court of Appeal,NA,UnderVotes,891
Gulf,Retention of Bo Winokur,First District Court of Appeal,NOP,No,1944
Gulf,Retention of Bo Winokur,First District Court of Appeal,NOP,Yes,3603
Gulf,Retention of Bobby Long,First District Court of Appeal,NA,OverVotes,1
Gulf,Retention of Bobby Long,First District Court of Appeal,NA,UnderVotes,736
Gulf,Retention of Bobby Long,First District Court of Appeal,NOP,No,1901
Gulf,Retention of Bobby Long,First District Court of Appeal,NOP,Yes,3800
Gulf,Retention of Charles T. Canady,Justice of the Supreme Court,NA,OverVotes,3
Gulf,Retention of Charles T. Canady,Justice of the Supreme Court,NA,UnderVotes,668
Gulf,Retention of Charles T. Canady,Justice of the Supreme Court,NOP,No,2000
Gulf,Retention of Charles T. Canady,Justice of the Supreme Court,NOP,Yes,3767
Gulf,Retention of Jamie Grosshans,Justice of the Supreme Court,NA,OverVotes,2
Gulf,Retention of Jamie Grosshans,Justice of the Supreme Court,NA,UnderVotes,706
Gulf,Retention of Jamie Grosshans,Justice of the Supreme Court,NOP,No,1907
Gulf,Retention of Jamie Grosshans,Justice of the Supreme Court,NOP,Yes,3823
Gulf,Retention of John D. Couriel,Justice of the Supreme Court,NA,OverVotes,2
Gulf,Retention of John D. Couriel,Justice of the Supreme Court,NA,UnderVotes,691
Gulf,Retention of John D. Couriel,Justice of the Supreme Court,NOP,No,1917
Gulf,Retention of John D. Couriel,Justice of the Supreme Court,NOP,Yes,3828
Gulf,Retention of Jorge Labarga,Justice of the Supreme Court,NA,OverVotes,2
Gulf,Retention of Jorge Labarga,Justice of the Supreme Court,NA,UnderVotes,707
Gulf,Retention of Jorge Labarga,Justice of the Supreme Court,NOP,No,2458
Gulf,Retention of Jorge Labarga,Justice of the Supreme Court,NOP,Yes,3271
Gulf,Retention of Lori S. Rowe,First District Court of Appeal,NA,OverVotes,2
Gulf,Retention of Lori S. Rowe,First District Court of Appeal,NA,UnderVotes,738
Gulf,Retention of Lori S. Rowe,First District Court of Appeal,NOP,No,2107
Gulf,Retention of Lori S. Rowe,First District Court of Appeal,NOP,Yes,3591
Gulf,Retention of Ricky Polston,Justice of the Supreme Court,NA,OverVotes,6
Gulf,Retention of Ricky Polston,Justice of the Supreme Court,NA,UnderVotes,706
Gulf,Retention of Ricky Polston,Justice of the Supreme Court,NOP,No,2074
Gulf,Retention of Ricky Polston,Justice of the Supreme Court,NOP,Yes,3652
Gulf,Retention of Ross L. Bilbrey,First District Court of Appeal,NA,OverVotes,0
Gulf,Retention of Ross L. Bilbrey,First District Court of Appeal,NA,UnderVotes,725
Gulf,Retention of Ross L. Bilbrey,First District Court of Appeal,NOP,No,1979
Gulf,Retention of Ross L. Bilbrey,First District Court of Appeal,NOP,Yes,3734
Gulf,Retention of Susan Kelsey,First District Court of Appeal,NA,OverVotes,2
Gulf,Retention of Susan Kelsey,First District Court of Appeal,NA,UnderVotes,734
Gulf,Retention of Susan Kelsey,First District Court of Appeal,NOP,No,1979
Gulf,Retention of Susan Kelsey,First District Court of Appeal,NOP,Yes,3723
Gulf,State Senate,3,DEM,Loranne Ausley,1388
Gulf,State Senate,3,NA,OverVotes,1
Gulf,State Senate,3,NA,UnderVotes,89
Gulf,State Senate,3,REP,Corey Simon,4960
Gulf,U.S. House,2,DEM,Al Lawson,1358
Gulf,U.S. House,2,NA,OverVotes,0
Gulf,U.S. House,2,NA,UnderVotes,36
Gulf,U.S. House,2,REP,Neal Dunn,5044
Gulf,U.S. Senate,NA,DEM,Val Demings,1295
Gulf,U.S. Senate,NA,LPF,Dennis Misigoy,19
Gulf,U.S. Senate,NA,NA,OverVotes,0
Gulf,U.S. Senate,NA,NA,UnderVotes,18
Gulf,U.S. Senate,NA,NA,WriteinVotes,1
Gulf,U.S. Senate,NA,NPA,Steven B. Grant,24
Gulf,U.S. Senate,NA,NPA,Tuan TQ Nguyen,12
Gulf,U.S. Senate,NA,REP,Marco Rubio,5069
Hamilton,Amendment No. 1: Limitation On Assessment of Real Property Used For Residential Purposes,NA,NA,OverVotes,2
Hamilton,Amendment No. 1: Limitation On Assessment of Real Property Used For Residential Purposes,NA,NA,UnderVotes,637
Hamilton,Amendment No. 1: Limitation On Assessment of Real Property Used For Residential Purposes,NA,NOP,No for Rejection,1673
Hamilton,Amendment No. 1: Limitation On Assessment of Real Property Used For Residential Purposes,NA,NOP,Yes for Approval,2008
Hamilton,Amendment No. 2: Abolishing the Constitution Revision Commission,NA,NA,OverVotes,2
Hamilton,Amendment No. 2: Abolishing the Constitution Revision Commission,NA,NA,UnderVotes,684
Hamilton,Amendment No. 2: Abolishing the Constitution Revision Commission,NA,NOP,No for Rejection,1740
Hamilton,Amendment No. 2: Abolishing the Constitution Revision Commission,NA,NOP,Yes for Approval,1894
Hamilton,Amendment No. 3: Additional Homestead Property Tax Exemption For Specified Critical Public Services Workforce,NA,NA,OverVotes,1
Hamilton,Amendment No. 3: Additional Homestead Property Tax Exemption For Specified Critical Public Services Workforce,NA,NA,UnderVotes,569
Hamilton,Amendment No. 3: Additional Homestead Property Tax Exemption For Specified Critical Public Services Workforce,NA,NOP,No for Rejection,1605
Hamilton,Amendment No. 3: Additional Homestead Property Tax Exemption For Specified Critical Public Services Workforce,NA,NOP,Yes for Approval,2145
Hamilton,Attorney General,NA,DEM,Aramis Ayala,1090
Hamilton,Attorney General,NA,NA,OverVotes,2
Hamilton,Attorney General,NA,NA,UnderVotes,58
Hamilton,Attorney General,NA,REP,Ashley Moody,3170
Hamilton,Chief Financial Officer,NA,DEM,Adam Hattersley,1174
Hamilton,Chief Financial Officer,NA,NA,OverVotes,0
Hamilton,Chief Financial Officer,NA,NA,UnderVotes,91
Hamilton,Chief Financial Officer,NA,REP,Jimmy Patronis,3055
Hamilton,Commissioner of Agriculture,NA,DEM,Naomi Esther Blemur,1153
Hamilton,Commissioner of Agriculture,NA,NA,OverVotes,0
Hamilton,Commissioner of Agriculture,NA,NA,UnderVotes,88
Hamilton,Commissioner of Agriculture,NA,REP,Wilton Simpson,3079
Hamilton,County Commissioner,4,DEM,Kenny B. Morgan,286
Hamilton,County Commissioner,4,NA,OverVotes,0
Hamilton,County Commissioner,4,NA,UnderVotes,8
Hamilton,County Commissioner,4,NPA,Scott Gay,287
Hamilton,County Commissioner,4,REP,Travis Erixton,443
Hamilton,Governor,NA,DEM,Crist / Hernandez,1120
Hamilton,Governor,NA,LPF,Roos / Rorabaugh,11
Hamilton,Governor,NA,NA,OverVotes,5
Hamilton,Governor,NA,NA,UnderVotes,22
Hamilton,Governor,NA,NPA,Gimenez / Gibson,17
Hamilton,Governor,NA,REP,DeSantis / Nuñez,3145
Hamilton,Registered Voters,NA,NA,NA,7846
Hamilton,Retention of Bo Winokur,First District Court of Appeal,NA,OverVotes,2
Hamilton,Retention of Bo Winokur,First District Court of Appeal,NA,UnderVotes,505
Hamilton,Retention of Bo Winokur,First District Court of Appeal,NOP,No,1410
Hamilton,Retention of Bo Winokur,First District Court of Appeal,NOP,Yes,2403
Hamilton,Retention of Bobby Long,First District Court of Appeal,NA,OverVotes,1
Hamilton,Retention of Bobby Long,First District Court of Appeal,NA,UnderVotes,522
Hamilton,Retention of Bobby Long,First District Court of Appeal,NOP,No,1331
Hamilton,Retention of Bobby Long,First District Court of Appeal,NOP,Yes,2466
Hamilton,Retention of Charles T. Canady,Justice of the Supreme Court,NA,OverVotes,3
Hamilton,Retention of Charles T. Canady,Justice of the Supreme Court,NA,UnderVotes,437
Hamilton,Retention of Charles T. Canady,Justice of the Supreme Court,NOP,No,1372
Hamilton,Retention of Charles T. Canady,Justice of the Supreme Court,NOP,Yes,2508
Hamilton,Retention of Jamie Grosshans,Justice of the Supreme Court,NA,OverVotes,3
Hamilton,Retention of Jamie Grosshans,Justice of the Supreme Court,NA,UnderVotes,479
Hamilton,Retention of Jamie Grosshans,Justice of the Supreme Court,NOP,No,1339
Hamilton,Retention of Jamie Grosshans,Justice of the Supreme Court,NOP,Yes,2499
Hamilton,Retention of John D. Couriel,Justice of the Supreme Court,NA,OverVotes,3
Hamilton,Retention of John D. Couriel,Justice of the Supreme Court,NA,UnderVotes,482
Hamilton,Retention of John D. Couriel,Justice of the Supreme Court,NOP,No,1344
Hamilton,Retention of John D. Couriel,Justice of the Supreme Court,NOP,Yes,2491
Hamilton,Retention of Jorge Labarga,Justice of the Supreme Court,NA,OverVotes,5
Hamilton,Retention of Jorge Labarga,Justice of the Supreme Court,NA,UnderVotes,486
Hamilton,Retention of Jorge Labarga,Justice of the Supreme Court,NOP,No,1724
Hamilton,Retention of Jorge Labarga,Justice of the Supreme Court,NOP,Yes,2105
Hamilton,Retention of Lori S. Rowe,First District Court of Appeal,NA,OverVotes,4
Hamilton,Retention of Lori S. Rowe,First District Court of Appeal,NA,UnderVotes,522
Hamilton,Retention of Lori S. Rowe,First District Court of Appeal,NOP,No,1423
Hamilton,Retention of Lori S. Rowe,First District Court of Appeal,NOP,Yes,2371
Hamilton,Retention of Ricky Polston,Justice of the Supreme Court,NA,OverVotes,2
Hamilton,Retention of Ricky Polston,Justice of the Supreme Court,NA,UnderVotes,478
Hamilton,Retention of Ricky Polston,Justice of the Supreme Court,NOP,No,1430
Hamilton,Retention of Ricky Polston,Justice of the Supreme Court,NOP,Yes,2410
Hamilton,Retention of Ross L. Bilbrey,First District Court of Appeal,NA,OverVotes,5
Hamilton,Retention of Ross L. Bilbrey,First District Court of Appeal,NA,UnderVotes,512
Hamilton,Retention of Ross L. Bilbrey,First District Court of Appeal,NOP,No,1373
Hamilton,Retention of Ross L. Bilbrey,First District Court of Appeal,NOP,Yes,2430
Hamilton,Retention of Susan Kelsey,First District Court of Appeal,NA,OverVotes,2
Hamilton,Retention of Susan Kelsey,First District Court of Appeal,NA,UnderVotes,516
Hamilton,Retention of Susan Kelsey,First District Court of Appeal,NOP,No,1326
Hamilton,Retention of Susan Kelsey,First District Court of Appeal,NOP,Yes,2476
Hamilton,State Senate,3,DEM,Loranne Ausley,1180
Hamilton,State Senate,3,NA,OverVotes,1
Hamilton,State Senate,3,NA,UnderVotes,114
Hamilton,State Senate,3,REP,Corey Simon,3025
Hamilton,U.S. House,3,DEM,Danielle Hawk,1155
Hamilton,U.S. House,3,NA,OverVotes,1
Hamilton,U.S. House,3,NA,UnderVotes,75
Hamilton,U.S. House,3,NPA,Linda S. Brooks,36
Hamilton,U.S. House,3,REP,Kat Cammack,3053
Hamilton,U.S. Senate,NA,DEM,Val Demings,1215
Hamilton,U.S. Senate,NA,LPF,Dennis Misigoy,18
Hamilton,U.S. Senate,NA,NA,OverVotes,0
Hamilton,U.S. Senate,NA,NA,UnderVotes,37
Hamilton,U.S. Senate,NA,NA,WriteinVotes,1
Hamilton,U.S. Senate,NA,NPA,Steven B. Grant,15
Hamilton,U.S. Senate,NA,NPA,Tuan TQ Nguyen,4
Hamilton,U.S. Senate,NA,REP,Marco Rubio,3030
Hardee,Amendment No. 1: Limitation On Assessment of Real Property Used For Residential Purposes,NA,NA,OverVotes,0
Hardee,Amendment No. 1: Limitation On Assessment of Real Property Used For Residential Purposes,NA,NA,UnderVotes,537
Hardee,Amendment No. 1: Limitation On Assessment of Real Property Used For Residential Purposes,NA,NOP,No for Rejection,2123
Hardee,Amendment No. 1: Limitation On Assessment of Real Property Used For Residential Purposes,NA,NOP,Yes for Approval,2892
Hardee,Amendment No. 2: Abolishing the Constitution Revision Commission,NA,NA,OverVotes,1
Hardee,Amendment No. 2: Abolishing the Constitution Revision Commission,NA,NA,UnderVotes,573
Hardee,Amendment No. 2: Abolishing the Constitution Revision Commission,NA,NOP,No for Rejection,2117
Hardee,Amendment No. 2: Abolishing the Constitution Revision Commission,NA,NOP,Yes for Approval,2861
Hardee,Amendment No. 3: Additional Homestead Property Tax Exemption For Specified Critical Public Services Workforce,NA,NA,OverVotes,0
Hardee,Amendment No. 3: Additional Homestead Property Tax Exemption For Specified Critical Public Services Workforce,NA,NA,UnderVotes,437
Hardee,Amendment No. 3: Additional Homestead Property Tax Exemption For Specified Critical Public Services Workforce,NA,NOP,No for Rejection,2292
Hardee,Amendment No. 3: Additional Homestead Property Tax Exemption For Specified Critical Public Services Workforce,NA,NOP,Yes for Approval,2823
Hardee,Attorney General,NA,DEM,Aramis Ayala,894
Hardee,Attorney General,NA,NA,OverVotes,0
Hardee,Attorney General,NA,NA,UnderVotes,67
Hardee,Attorney General,NA,REP,Ashley Moody,4591
Hardee,Chief Financial Officer,NA,DEM,Adam Hattersley,999
Hardee,Chief Financial Officer,NA,NA,OverVotes,0
Hardee,Chief Financial Officer,NA,NA,UnderVotes,144
Hardee,Chief Financial Officer,NA,REP,Jimmy Patronis,4409
Hardee,Commissioner of Agriculture,NA,DEM,Naomi Esther Blemur,942
Hardee,Commissioner of Agriculture,NA,NA,OverVotes,0
Hardee,Commissioner of Agriculture,NA,NA,UnderVotes,188
Hardee,Commissioner of Agriculture,NA,REP,Wilton Simpson,4422
Hardee,Governor,NA,DEM,Crist / Hernandez,949
Hardee,Governor,NA,LPF,Roos / Rorabaugh,10
Hardee,Governor,NA,NA,OverVotes,2
Hardee,Governor,NA,NA,UnderVotes,14
Hardee,Governor,NA,NPA,Gimenez / Gibson,19
Hardee,Governor,NA,REP,DeSantis / Nuñez,4558
Hardee,Registered Voters,NA,NA,NA,12710
Hardee,Retention of Charles T. Canady,Justice of the Supreme Court,NA,OverVotes,0
Hardee,Retention of Charles T. Canady,Justice of the Supreme Court,NA,UnderVotes,681
Hardee,Retention of Charles T. Canady,Justice of the Supreme Court,NOP,No,1236
Hardee,Retention of Charles T. Canady,Justice of the Supreme Court,NOP,Yes,3635
Hardee,Retention of Craig C. Villanti,Second District Court of Appeal,NA,OverVotes,1
Hardee,Retention of Craig C. Villanti,Second District Court of Appeal,NA,UnderVotes,844
Hardee,Retention of Craig C. Villanti,Second District Court of Appeal,NOP,No,1718
Hardee,Retention of Craig C. Villanti,Second District Court of Appeal,NOP,Yes,2989
Hardee,Retention of Jamie Grosshans,Justice of the Supreme Court,NA,OverVotes,0
Hardee,Retention of Jamie Grosshans,Justice of the Supreme Court,NA,UnderVotes,748
Hardee,Retention of Jamie Grosshans,Justice of the Supreme Court,NOP,No,1335
Hardee,Retention of Jamie Grosshans,Justice of the Supreme Court,NOP,Yes,3469
Hardee,Retention of John D. Couriel,Justice of the Supreme Court,NA,OverVotes,1
Hardee,Retention of John D. Couriel,Justice of the Supreme Court,NA,UnderVotes,702
Hardee,Retention of John D. Couriel,Justice of the Supreme Court,NOP,No,1305
Hardee,Retention of John D. Couriel,Justice of the Supreme Court,NOP,Yes,3544
Hardee,Retention of John K. Stargel,Second District Court of Appeal,NA,OverVotes,3
Hardee,Retention of John K. Stargel,Second District Court of Appeal,NA,UnderVotes,840
Hardee,Retention of John K. Stargel,Second District Court of Appeal,NOP,No,1329
Hardee,Retention of John K. Stargel,Second District Court of Appeal,NOP,Yes,3380
Hardee,Retention of Jorge Labarga,Justice of the Supreme Court,NA,OverVotes,1
Hardee,Retention of Jorge Labarga,Justice of the Supreme Court,NA,UnderVotes,747
Hardee,Retention of Jorge Labarga,Justice of the Supreme Court,NOP,No,2166
Hardee,Retention of Jorge Labarga,Justice of the Supreme Court,NOP,Yes,2638
Hardee,Retention of Matt Lucas,Second District Court of Appeal,NA,OverVotes,0
Hardee,Retention of Matt Lucas,Second District Court of Appeal,NA,UnderVotes,827
Hardee,Retention of Matt Lucas,Second District Court of Appeal,NOP,No,1347
Hardee,Retention of Matt Lucas,Second District Court of Appeal,NOP,Yes,3378
Hardee,Retention of Nelly N. Khouzam,Second District Court of Appeal,NA,OverVotes,0
Hardee,Retention of Nelly N. Khouzam,Second District Court of Appeal,NA,UnderVotes,774
Hardee,Retention of Nelly N. Khouzam,Second District Court of Appeal,NOP,No,1572
Hardee,Retention of Nelly N. Khouzam,Second District Court of Appeal,NOP,Yes,3206
Hardee,Retention of Patricia Joan Kelly,Second District Court of Appeal,NA,OverVotes,0
Hardee,Retention of Patricia Joan Kelly,Second District Court of Appeal,NA,UnderVotes,738
Hardee,Retention of Patricia Joan Kelly,Second District Court of Appeal,NOP,No,1656
Hardee,Retention of Patricia Joan Kelly,Second District Court of Appeal,NOP,Yes,3158
Hardee,Retention of Ricky Polston,Justice of the Supreme Court,NA,OverVotes,1
Hardee,Retention of Ricky Polston,Justice of the Supreme Court,NA,UnderVotes,758
Hardee,Retention of Ricky Polston,Justice of the Supreme Court,NOP,No,1420
Hardee,Retention of Ricky Polston,Justice of the Supreme Court,NOP,Yes,3373
Hardee,Retention of Robert Morris,Second District Court of Appeal,NA,OverVotes,0
Hardee,Retention of Robert Morris,Second District Court of Appeal,NA,UnderVotes,834
Hardee,Retention of Robert Morris,Second District Court of Appeal,NOP,No,1705
Hardee,Retention of Robert Morris,Second District Court of Appeal,NOP,Yes,3013
Hardee,Retention of Stevan Travis Northcutt,Second District Court of Appeal,NA,OverVotes,2
Hardee,Retention of Stevan Travis Northcutt,Second District Court of Appeal,NA,UnderVotes,838
Hardee,Retention of Stevan Travis Northcutt,Second District Court of Appeal,NOP,No,2062
Hardee,Retention of Stevan Travis Northcutt,Second District Court of Appeal,NOP,Yes,2650
Hardee,Retention of Suzanne Y. Labrit,Second District Court of Appeal,NA,OverVotes,0
Hardee,Retention of Suzanne Y. Labrit,Second District Court of Appeal,NA,UnderVotes,779
Hardee,Retention of Suzanne Y. Labrit,Second District Court of Appeal,NOP,No,1337
Hardee,Retention of Suzanne Y. Labrit,Second District Court of Appeal,NOP,Yes,3436
Hardee,School Board,4,NA,OverVotes,0
Hardee,School Board,4,NA,UnderVotes,473
Hardee,School Board,4,NOP,Garry McWhorter,2274
Hardee,School Board,4,NOP,Marie Albritton Dasher,2805
Hardee,State Senate,27,DEM,Christopher Proia,908
Hardee,State Senate,27,NA,OverVotes,0
Hardee,State Senate,27,NA,UnderVotes,104
Hardee,State Senate,27,REP,Ben Albritton Jr,4540
Hardee,U.S. House,18,NA,OverVotes,0
Hardee,U.S. House,18,NA,UnderVotes,232
Hardee,U.S. House,18,NA,WriteinVotes,12
Hardee,U.S. House,18,NPA,Keith R. Hayden Jr,795
Hardee,U.S. House,18,REP,Scott Franklin,4513
Hardee,U.S. Senate,NA,DEM,Val Demings,981
Hardee,U.S. Senate,NA,LPF,Dennis Misigoy,23
Hardee,U.S. Senate,NA,NA,OverVotes,0
Hardee,U.S. Senate,NA,NA,UnderVotes,29
Hardee,U.S. Senate,NA,NA,WriteinVotes,1
Hardee,U.S. Senate,NA,NPA,Steven B. Grant,30
Hardee,U.S. Senate,NA,NPA,Tuan TQ Nguyen,8
Hardee,U.S. Senate,NA,REP,Marco Rubio,4480
Hendry,Amendment No. 1: Limitation On Assessment of Real Property Used For Residential Purposes,NA,NA,OverVotes,5
Hendry,Amendment No. 1: Limitation On Assessment of Real Property Used For Residential Purposes,NA,NA,UnderVotes,891
Hendry,Amendment No. 1: Limitation On Assessment of Real Property Used For Residential Purposes,NA,NOP,No for Rejection,3125
Hendry,Amendment No. 1: Limitation On Assessment of Real Property Used For Residential Purposes,NA,NOP,Yes for Approval,4272
Hendry,Amendment No. 2: Abolishing the Constitution Revision Commission,NA,NA,OverVotes,9
Hendry,Amendment No. 2: Abolishing the Constitution Revision Commission,NA,NA,UnderVotes,938
Hendry,Amendment No. 2: Abolishing the Constitution Revision Commission,NA,NOP,No for Rejection,3282
Hendry,Amendment No. 2: Abolishing the Constitution Revision Commission,NA,NOP,Yes for Approval,4064
Hendry,Amendment No. 3: Additional Homestead Property Tax Exemption For Specified Critical Public Services Workforce,NA,NA,OverVotes,8
Hendry,Amendment No. 3: Additional Homestead Property Tax Exemption For Specified Critical Public Services Workforce,NA,NA,UnderVotes,709
Hendry,Amendment No. 3: Additional Homestead Property Tax Exemption For Specified Critical Public Services Workforce,NA,NOP,No for Rejection,3013
Hendry,Amendment No. 3: Additional Homestead Property Tax Exemption For Specified Critical Public Services Workforce,NA,NOP,Yes for Approval,4563
Hendry,Attorney General,NA,DEM,Aramis Ayala,2110
Hendry,Attorney General,NA,NA,OverVotes,2
Hendry,Attorney General,NA,NA,UnderVotes,143
Hendry,Attorney General,NA,REP,Ashley Moody,6038
Hendry,Chief Financial Officer,NA,DEM,Adam Hattersley,2161
Hendry,Chief Financial Officer,NA,NA,OverVotes,3
Hendry,Chief Financial Officer,NA,NA,UnderVotes,210
Hendry,Chief Financial Officer,NA,REP,Jimmy Patronis,5919
Hendry,Commissioner of Agriculture,NA,DEM,Naomi Esther Blemur,2117
Hendry,Commissioner of Agriculture,NA,NA,OverVotes,1
Hendry,Commissioner of Agriculture,NA,NA,UnderVotes,187
Hendry,Commissioner of Agriculture,NA,REP,Wilton Simpson,5988
Hendry,Governor,NA,DEM,Crist / Hernandez,2052
Hendry,Governor,NA,LPF,Roos / Rorabaugh,22
Hendry,Governor,NA,NA,OverVotes,4
Hendry,Governor,NA,NA,UnderVotes,28
Hendry,Governor,NA,NPA,Gimenez / Gibson,53
Hendry,Governor,NA,REP,DeSantis / Nuñez,6134
Hendry,Lehigh Acres Municipal Services Improvement District,Seat 2,NA,OverVotes,0
Hendry,Lehigh Acres Municipal Services Improvement District,Seat 2,NA,UnderVotes,22
Hendry,Lehigh Acres Municipal Services Improvement District,Seat 2,NOP,David A. Lenahan II,12
Hendry,Lehigh Acres Municipal Services Improvement District,Seat 2,NOP,David Deetscreek,31
Hendry,Lehigh Acres Municipal Services Improvement District,Seat 2,NOP,Julie Camp,51
Hendry,Lehigh Acres Municipal Services Improvement District,Seat 4,NA,OverVotes,0
Hendry,Lehigh Acres Municipal Services Improvement District,Seat 4,NA,UnderVotes,20
Hendry,Lehigh Acres Municipal Services Improvement District,Seat 4,NOP,Chris Sola-Martinez,16
Hendry,Lehigh Acres Municipal Services Improvement District,Seat 4,NOP,Mike Bonacolta,45
Hendry,Lehigh Acres Municipal Services Improvement District,Seat 4,NOP,Tim Cooley,35
Hendry,Port Labelle Community Development District,Seat 1,NA,OverVotes,0
Hendry,Port Labelle Community Development District,Seat 1,NA,UnderVotes,76
Hendry,Port Labelle Community Development District,Seat 1,NOP,Liz Garcia,400
Hendry,Port Labelle Community Development District,Seat 1,NOP,Nancy V. Imhoff,222
Hendry,Registered Voters,NA,NA,NA,19607
Hendry,Retention of Charles T. Canady,Justice of the Supreme Court,NA,OverVotes,10
Hendry,Retention of Charles T. Canady,Justice of the Supreme Court,NA,UnderVotes,952
Hendry,Retention of Charles T. Canady,Justice of the Supreme Court,NOP,No,2179
Hendry,Retention of Charles T. Canady,Justice of the Supreme Court,NOP,Yes,5152
Hendry,Retention of Craig C. Villanti,Second District Court of Appeal,NA,OverVotes,1
Hendry,Retention of Craig C. Villanti,Second District Court of Appeal,NA,UnderVotes,1263
Hendry,Retention of Craig C. Villanti,Second District Court of Appeal,NOP,No,2358
Hendry,Retention of Craig C. Villanti,Second District Court of Appeal,NOP,Yes,4671
Hendry,Retention of Jamie Grosshans,Justice of the Supreme Court,NA,OverVotes,3
Hendry,Retention of Jamie Grosshans,Justice of the Supreme Court,NA,UnderVotes,994
Hendry,Retention of Jamie Grosshans,Justice of the Supreme Court,NOP,No,2118
Hendry,Retention of Jamie Grosshans,Justice of the Supreme Court,NOP,Yes,5178
Hendry,Retention of John D. Couriel,Justice of the Supreme Court,NA,OverVotes,4
Hendry,Retention of John D. Couriel,Justice of the Supreme Court,NA,UnderVotes,954
Hendry,Retention of John D. Couriel,Justice of the Supreme Court,NOP,No,2109
Hendry,Retention of John D. Couriel,Justice of the Supreme Court,NOP,Yes,5226
Hendry,Retention of John K. Stargel,Second District Court of Appeal,NA,OverVotes,2
Hendry,Retention of John K. Stargel,Second District Court of Appeal,NA,UnderVotes,1237
Hendry,Retention of John K. Stargel,Second District Court of Appeal,NOP,No,2068
Hendry,Retention of John K. Stargel,Second District Court of Appeal,NOP,Yes,4986
Hendry,Retention of Jorge Labarga,Justice of the Supreme Court,NA,OverVotes,9
Hendry,Retention of Jorge Labarga,Justice of the Supreme Court,NA,UnderVotes,993
Hendry,Retention of Jorge Labarga,Justice of the Supreme Court,NOP,No,2784
Hendry,Retention of Jorge Labarga,Justice of the Supreme Court,NOP,Yes,4507
Hendry,Retention of Matt Lucas,Second District Court of Appeal,NA,OverVotes,2
Hendry,Retention of Matt Lucas,Second District Court of Appeal,NA,UnderVotes,1106
Hendry,Retention of Matt Lucas,Second District Court of Appeal,NOP,No,2099
Hendry,Retention of Matt Lucas,Second District Court of Appeal,NOP,Yes,5086
Hendry,Retention of Nelly N. Khouzam,Second District Court of Appeal,NA,OverVotes,5
Hendry,Retention of Nelly N. Khouzam,Second District Court of Appeal,NA,UnderVotes,1093
Hendry,Retention of Nelly N. Khouzam,Second District Court of Appeal,NOP,No,2267
Hendry,Retention of Nelly N. Khouzam,Second District Court of Appeal,NOP,Yes,4928
Hendry,Retention of Patricia Joan Kelly,Second District Court of Appeal,NA,OverVotes,7
Hendry,Retention of Patricia Joan Kelly,Second District Court of Appeal,NA,UnderVotes,1040
Hendry,Retention of Patricia Joan Kelly,Second District Court of Appeal,NOP,No,2226
Hendry,Retention of Patricia Joan Kelly,Second District Court of Appeal,NOP,Yes,5020
Hendry,Retention of Ricky Polston,Justice of the Supreme Court,NA,OverVotes,3
Hendry,Retention of Ricky Polston,Justice of the Supreme Court,NA,UnderVotes,976
Hendry,Retention of Ricky Polston,Justice of the Supreme Court,NOP,No,2281
Hendry,Retention of Ricky Polston,Justice of the Supreme Court,NOP,Yes,5033
Hendry,Retention of Robert Morris,Second District Court of Appeal,NA,OverVotes,1
Hendry,Retention of Robert Morris,Second District Court of Appeal,NA,UnderVotes,1087
Hendry,Retention of Robert Morris,Second District Court of Appeal,NOP,No,2430
Hendry,Retention of Robert Morris,Second District Court of Appeal,NOP,Yes,4775
Hendry,Retention of Stevan Travis Northcutt,Second District Court of Appeal,NA,OverVotes,3
Hendry,Retention of Stevan Travis Northcutt,Second District Court of Appeal,NA,UnderVotes,1203
Hendry,Retention of Stevan Travis Northcutt,Second District Court of Appeal,NOP,No,2661
Hendry,Retention of Stevan Travis Northcutt,Second District Court of Appeal,NOP,Yes,4426
Hendry,Retention of Suzanne Y. Labrit,Second District Court of Appeal,NA,OverVotes,5
Hendry,Retention of Suzanne Y. Labrit,Second District Court of Appeal,NA,UnderVotes,1100
Hendry,Retention of Suzanne Y. Labrit,Second District Court of Appeal,NOP,No,2047
Hendry,Retention of Suzanne Y. Labrit,Second District Court of Appeal,NOP,Yes,5141
Hendry,School Board,4,NA,OverVotes,3
Hendry,School Board,4,NA,UnderVotes,117
Hendry,School Board,4,NOP,Joe Whitehead,1092
Hendry,School Board,4,NOP,Stephanie Busin,1104
Hendry,U.S. House,18,NA,OverVotes,2
Hendry,U.S. House,18,NA,UnderVotes,451
Hendry,U.S. House,18,NA,WriteinVotes,38
Hendry,U.S. House,18,NPA,Keith R. Hayden Jr,1688
Hendry,U.S. House,18,REP,Scott Franklin,6114
Hendry,U.S. Senate,NA,DEM,Val Demings,2121
Hendry,U.S. Senate,NA,LPF,Dennis Misigoy,36
Hendry,U.S. Senate,NA,NA,OverVotes,2
Hendry,U.S. Senate,NA,NA,UnderVotes,56
Hendry,U.S. Senate,NA,NA,WriteinVotes,2
Hendry,U.S. Senate,NA,NPA,Steven B. Grant,54
Hendry,U.S. Senate,NA,NPA,Tuan TQ Nguyen,14
Hendry,U.S. Senate,NA,REP,Marco Rubio,6008
Hernando,Amendment No. 1: Limitation On Assessment of Real Property Used For Residential Purposes,NA,NA,OverVotes,43
Hernando,Amendment No. 1: Limitation On Assessment of Real Property Used For Residential Purposes,NA,NA,UnderVotes,6205
Hernando,Amendment No. 1: Limitation On Assessment of Real Property Used For Residential Purposes,NA,NOP,No for Rejection,36403
Hernando,Amendment No. 1: Limitation On Assessment of Real Property Used For Residential Purposes,NA,NOP,Yes for Approval,37947
Hernando,Amendment No. 2: Abolishing the Constitution Revision Commission,NA,NA,OverVotes,45
Hernando,Amendment No. 2: Abolishing the Constitution Revision Commission,NA,NA,UnderVotes,6754
Hernando,Amendment No. 2: Abolishing the Constitution Revision Commission,NA,NOP,No for Rejection,36268
Hernando,Amendment No. 2: Abolishing the Constitution Revision Commission,NA,NOP,Yes for Approval,37531
Hernando,Amendment No. 3: Additional Homestead Property Tax Exemption For Specified Critical Public Services Workforce,NA,NA,OverVotes,31
Hernando,Amendment No. 3: Additional Homestead Property Tax Exemption For Specified Critical Public Services Workforce,NA,NA,UnderVotes,3927
Hernando,Amendment No. 3: Additional Homestead Property Tax Exemption For Specified Critical Public Services Workforce,NA,NOP,No for Rejection,36184
Hernando,Amendment No. 3: Additional Homestead Property Tax Exemption For Specified Critical Public Services Workforce,NA,NOP,Yes for Approval,40456
Hernando,Attorney General,NA,DEM,Aramis Ayala,22422
Hernando,Attorney General,NA,NA,OverVotes,14
Hernando,Attorney General,NA,NA,UnderVotes,1008
Hernando,Attorney General,NA,REP,Ashley Moody,57154
Hernando,Chief Financial Officer,NA,DEM,Adam Hattersley,23702
Hernando,Chief Financial Officer,NA,NA,OverVotes,4
Hernando,Chief Financial Officer,NA,NA,UnderVotes,1782
Hernando,Chief Financial Officer,NA,REP,Jimmy Patronis,55110
Hernando,Commissioner of Agriculture,NA,DEM,Naomi Esther Blemur,22855
Hernando,Commissioner of Agriculture,NA,NA,OverVotes,8
Hernando,Commissioner of Agriculture,NA,NA,UnderVotes,1738
Hernando,Commissioner of Agriculture,NA,REP,Wilton Simpson,55997
Hernando,Governor,NA,DEM,Crist / Hernandez,23700
Hernando,Governor,NA,LPF,Roos / Rorabaugh,181
Hernando,Governor,NA,NA,OverVotes,17
Hernando,Governor,NA,NA,UnderVotes,166
Hernando,Governor,NA,NPA,Gimenez / Gibson,287
Hernando,Governor,NA,REP,DeSantis / Nuñez,56247
Hernando,Registered Voters,NA,NA,NA,148486
Hernando,Retention of Brian D. Lambert,Fifth District Court of Appeal,NA,OverVotes,22
Hernando,Retention of Brian D. Lambert,Fifth District Court of Appeal,NA,UnderVotes,11494
Hernando,Retention of Brian D. Lambert,Fifth District Court of Appeal,NOP,No,21740
Hernando,Retention of Brian D. Lambert,Fifth District Court of Appeal,NOP,Yes,47342
Hernando,Retention of Carrie Ann Wozniak,Fifth District Court of Appeal,NA,OverVotes,19
Hernando,Retention of Carrie Ann Wozniak,Fifth District Court of Appeal,NA,UnderVotes,11381
Hernando,Retention of Carrie Ann Wozniak,Fifth District Court of Appeal,NOP,No,20490
Hernando,Retention of Carrie Ann Wozniak,Fifth District Court of Appeal,NOP,Yes,48708
Hernando,Retention of Charles T. Canady,Justice of the Supreme Court,NA,OverVotes,39
Hernando,Retention of Charles T. Canady,Justice of the Supreme Court,NA,UnderVotes,9273
Hernando,Retention of Charles T. Canady,Justice of the Supreme Court,NOP,No,24493
Hernando,Retention of Charles T. Canady,Justice of the Supreme Court,NOP,Yes,46793
Hernando,Retention of Dan Traver,Fifth District Court of Appeal,NA,OverVotes,27
Hernando,Retention of Dan Traver,Fifth District Court of Appeal,NA,UnderVotes,11578
Hernando,Retention of Dan Traver,Fifth District Court of Appeal,NOP,No,21076
Hernando,Retention of Dan Traver,Fifth District Court of Appeal,NOP,Yes,47917
Hernando,Retention of James A. Edwards,Fifth District Court of Appeal,NA,OverVotes,41
Hernando,Retention of James A. Edwards,Fifth District Court of Appeal,NA,UnderVotes,11293
Hernando,Retention of James A. Edwards,Fifth District Court of Appeal,NOP,No,21398
Hernando,Retention of James A. Edwards,Fifth District Court of Appeal,NOP,Yes,47866
Hernando,Retention of Jamie Grosshans,Justice of the Supreme Court,NA,OverVotes,36
Hernando,Retention of Jamie Grosshans,Justice of the Supreme Court,NA,UnderVotes,10019
Hernando,Retention of Jamie Grosshans,Justice of the Supreme Court,NOP,No,22869
Hernando,Retention of Jamie Grosshans,Justice of the Supreme Court,NOP,Yes,47674
Hernando,Retention of Jay Cohen,Fifth District Court of Appeal,NA,OverVotes,33
Hernando,Retention of Jay Cohen,Fifth District Court of Appeal,NA,UnderVotes,10947
Hernando,Retention of Jay Cohen,Fifth District Court of Appeal,NOP,No,25891
Hernando,Retention of Jay Cohen,Fifth District Court of Appeal,NOP,Yes,43727
Hernando,Retention of John D. Couriel,Justice of the Supreme Court,NA,OverVotes,30
Hernando,Retention of John D. Couriel,Justice of the Supreme Court,NA,UnderVotes,9770
Hernando,Retention of John D. Couriel,Justice of the Supreme Court,NOP,No,22969
Hernando,Retention of John D. Couriel,Justice of the Supreme Court,NOP,Yes,47829
Hernando,Retention of Jorge Labarga,Justice of the Supreme Court,NA,OverVotes,57
Hernando,Retention of Jorge Labarga,Justice of the Supreme Court,NA,UnderVotes,10147
Hernando,Retention of Jorge Labarga,Justice of the Supreme Court,NOP,No,25623
Hernando,Retention of Jorge Labarga,Justice of the Supreme Court,NOP,Yes,44771
Hernando,Retention of Mary Nardella,Fifth District Court of Appeal,NA,OverVotes,23
Hernando,Retention of Mary Nardella,Fifth District Court of Appeal,NA,UnderVotes,11341
Hernando,Retention of Mary Nardella,Fifth District Court of Appeal,NOP,No,20895
Hernando,Retention of Mary Nardella,Fifth District Court of Appeal,NOP,Yes,48339
Hernando,Retention of Ricky Polston,Justice of the Supreme Court,NA,OverVotes,32
Hernando,Retention of Ricky Polston,Justice of the Supreme Court,NA,UnderVotes,10279
Hernando,Retention of Ricky Polston,Justice of the Supreme Court,NOP,No,25689
Hernando,Retention of Ricky Polston,Justice of the Supreme Court,NOP,Yes,44598
Hernando,School Board,1,NA,OverVotes,48
Hernando,School Board,1,NA,UnderVotes,9064
Hernando,School Board,1,NOP,Kay Hatch,34008
Hernando,School Board,1,NOP,Mark C. Johnson,37478
Hernando,School Board,5,NA,OverVotes,39
Hernando,School Board,5,NA,UnderVotes,8320
Hernando,School Board,5,NOP,Monty Floyd,34369
Hernando,School Board,5,NOP,Susan D. Duval,37870
Hernando,Southern Hills Plantation 1 Community Development District,Seat 2,NA,OverVotes,0
Hernando,Southern Hills Plantation 1 Community Development District,Seat 2,NA,UnderVotes,15
Hernando,Southern Hills Plantation 1 Community Development District,Seat 2,NOP,Phyllis D. Heisey,125
Hernando,Southern Hills Plantation 1 Community Development District,Seat 2,NOP,Richard A. Pakan,151
Hernando,State House,52,DEM,Ash Marwah,5347
Hernando,State House,52,NA,OverVotes,2
Hernando,State House,52,NA,UnderVotes,553
Hernando,State House,52,REP,John Temple,15184
Hernando,State House,53,DEM,Keith G. Laufenberg,17973
Hernando,State House,53,NA,OverVotes,9
Hernando,State House,53,NA,UnderVotes,1481
Hernando,State House,53,REP,Jeff Holcomb,40049
Hernando,State Senate,11,GRE,Brian Patrick Moore,21501
Hernando,State Senate,11,NA,OverVotes,18
Hernando,State Senate,11,NA,UnderVotes,3749
Hernando,State Senate,11,REP,Blaise Ingoglia,55330
Hernando,U.S. House,12,DEM,Kimberly Walker,23761
Hernando,U.S. House,12,NA,OverVotes,13
Hernando,U.S. House,12,NA,UnderVotes,1033
Hernando,U.S. House,12,NA,WriteinVotes,74
Hernando,U.S. House,12,REP,Gus Michael Bilirakis,55717
Hernando,U.S. Senate,NA,DEM,Val Demings,24298
Hernando,U.S. Senate,NA,LPF,Dennis Misigoy,352
Hernando,U.S. Senate,NA,NA,OverVotes,26
Hernando,U.S. Senate,NA,NA,UnderVotes,370
Hernando,U.S. Senate,NA,NA,WriteinVotes,54
Hernando,U.S. Senate,NA,NPA,Steven B. Grant,462
Hernando,U.S. Senate,NA,NPA,Tuan TQ Nguyen,214
Hernando,U.S. Senate,NA,REP,Marco Rubio,54822
Highlands,Amendment No. 1: Limitation On Assessment of Real Property Used For Residential Purposes,NA,NA,OverVotes,20
Highlands,Amendment No. 1: Limitation On Assessment of Real Property Used For Residential Purposes,NA,NA,UnderVotes,3795
Highlands,Amendment No. 1: Limitation On Assessment of Real Property Used For Residential Purposes,NA,NOP,No for Rejection,15495
Highlands,Amendment No. 1: Limitation On Assessment of Real Property Used For Residential Purposes,NA,NOP,Yes for Approval,20612
Highlands,Amendment No. 2: Abolishing the Constitution Revision Commission,NA,NA,OverVotes,20
Highlands,Amendment No. 2: Abolishing the Constitution Revision Commission,NA,NA,UnderVotes,4079
Highlands,Amendment No. 2: Abolishing the Constitution Revision Commission,NA,NOP,No for Rejection,14729
Highlands,Amendment No. 2: Abolishing the Constitution Revision Commission,NA,NOP,Yes for Approval,21094
Highlands,Amendment No. 3: Additional Homestead Property Tax Exemption For Specified Critical Public Services Workforce,NA,NA,OverVotes,17
Highlands,Amendment No. 3: Additional Homestead Property Tax Exemption For Specified Critical Public Services Workforce,NA,NA,UnderVotes,2750
Highlands,Amendment No. 3: Additional Homestead Property Tax Exemption For Specified Critical Public Services Workforce,NA,NOP,No for Rejection,15151
Highlands,Amendment No. 3: Additional Homestead Property Tax Exemption For Specified Critical Public Services Workforce,NA,NOP,Yes for Approval,22004
Highlands,Attorney General,NA,DEM,Aramis Ayala,9570
Highlands,Attorney General,NA,NA,OverVotes,2
Highlands,Attorney General,NA,NA,UnderVotes,444
Highlands,Attorney General,NA,REP,Ashley Moody,29906
Highlands,Chief Financial Officer,NA,DEM,Adam Hattersley,10273
Highlands,Chief Financial Officer,NA,NA,OverVotes,1
Highlands,Chief Financial Officer,NA,NA,UnderVotes,776
Highlands,Chief Financial Officer,NA,REP,Jimmy Patronis,28872
Highlands,Commissioner of Agriculture,NA,DEM,Naomi Esther Blemur,10002
Highlands,Commissioner of Agriculture,NA,NA,OverVotes,14
Highlands,Commissioner of Agriculture,NA,NA,UnderVotes,790
Highlands,Commissioner of Agriculture,NA,REP,Wilton Simpson,29116
Highlands,County Commissioner,4,DEM,Chantel Parris,10783
Highlands,County Commissioner,4,NA,OverVotes,4
Highlands,County Commissioner,4,NA,UnderVotes,845
Highlands,County Commissioner,4,REP,Arlene Tuck,28290
Highlands,Governor,NA,DEM,Crist / Hernandez,9994
Highlands,Governor,NA,LPF,Roos / Rorabaugh,92
Highlands,Governor,NA,NA,OverVotes,12
Highlands,Governor,NA,NA,UnderVotes,85
Highlands,Governor,NA,NPA,Gimenez / Gibson,221
Highlands,Governor,NA,REP,DeSantis / Nuñez,29518
Highlands,Registered Voters,NA,NA,NA,69023
Highlands,Retention of Charles T. Canady,Justice of the Supreme Court,NA,OverVotes,18
Highlands,Retention of Charles T. Canady,Justice of the Supreme Court,NA,UnderVotes,4803
Highlands,Retention of Charles T. Canady,Justice of the Supreme Court,NOP,No,9798
Highlands,Retention of Charles T. Canady,Justice of the Supreme Court,NOP,Yes,25303
Highlands,Retention of Craig C. Villanti,Second District Court of Appeal,NA,OverVotes,11
Highlands,Retention of Craig C. Villanti,Second District Court of Appeal,NA,UnderVotes,6327
Highlands,Retention of Craig C. Villanti,Second District Court of Appeal,NOP,No,11490
Highlands,Retention of Craig C. Villanti,Second District Court of Appeal,NOP,Yes,22094
Highlands,Retention of Jamie Grosshans,Justice of the Supreme Court,NA,OverVotes,19
Highlands,Retention of Jamie Grosshans,Justice of the Supreme Court,NA,UnderVotes,5357
Highlands,Retention of Jamie Grosshans,Justice of the Supreme Court,NOP,No,9822
Highlands,Retention of Jamie Grosshans,Justice of the Supreme Court,NOP,Yes,24724
Highlands,Retention of John D. Couriel,Justice of the Supreme Court,NA,OverVotes,11
Highlands,Retention of John D. Couriel,Justice of the Supreme Court,NA,UnderVotes,5599
Highlands,Retention of John D. Couriel,Justice of the Supreme Court,NOP,No,9665
Highlands,Retention of John D. Couriel,Justice of the Supreme Court,NOP,Yes,24647
Highlands,Retention of John K. Stargel,Second District Court of Appeal,NA,OverVotes,8
Highlands,Retention of John K. Stargel,Second District Court of Appeal,NA,UnderVotes,5735
Highlands,Retention of John K. Stargel,Second District Court of Appeal,NOP,No,9591
Highlands,Retention of John K. Stargel,Second District Court of Appeal,NOP,Yes,24588
Highlands,Retention of Jorge Labarga,Justice of the Supreme Court,NA,OverVotes,12
Highlands,Retention of Jorge Labarga,Justice of the Supreme Court,NA,UnderVotes,5446
Highlands,Retention of Jorge Labarga,Justice of the Supreme Court,NOP,No,13153
Highlands,Retention of Jorge Labarga,Justice of the Supreme Court,NOP,Yes,21311
Highlands,Retention of Matt Lucas,Second District Court of Appeal,NA,OverVotes,19
Highlands,Retention of Matt Lucas,Second District Court of Appeal,NA,UnderVotes,5824
Highlands,Retention of Matt Lucas,Second District Court of Appeal,NOP,No,9682
Highlands,Retention of Matt Lucas,Second District Court of Appeal,NOP,Yes,24397
Highlands,Retention of Nelly N. Khouzam,Second District Court of Appeal,NA,OverVotes,12
Highlands,Retention of Nelly N. Khouzam,Second District Court of Appeal,NA,UnderVotes,5849
Highlands,Retention of Nelly N. Khouzam,Second District Court of Appeal,NOP,No,10324
Highlands,Retention of Nelly N. Khouzam,Second District Court of Appeal,NOP,Yes,23737
Highlands,Retention of Patricia Joan Kelly,Second District Court of Appeal,NA,OverVotes,20
Highlands,Retention of Patricia Joan Kelly,Second District Court of Appeal,NA,UnderVotes,5497
Highlands,Retention of Patricia Joan Kelly,Second District Court of Appeal,NOP,No,10994
Highlands,Retention of Patricia Joan Kelly,Second District Court of Appeal,NOP,Yes,23411
Highlands,Retention of Ricky Polston,Justice of the Supreme Court,NA,OverVotes,9
Highlands,Retention of Ricky Polston,Justice of the Supreme Court,NA,UnderVotes,5343
Highlands,Retention of Ricky Polston,Justice of the Supreme Court,NOP,No,10270
Highlands,Retention of Ricky Polston,Justice of the Supreme Court,NOP,Yes,24300
Highlands,Retention of Robert Morris,Second District Court of Appeal,NA,OverVotes,20
Highlands,Retention of Robert Morris,Second District Court of Appeal,NA,UnderVotes,5821
Highlands,Retention of Robert Morris,Second District Court of Appeal,NOP,No,11485
Highlands,Retention of Robert Morris,Second District Court of Appeal,NOP,Yes,22596
Highlands,Retention of Stevan Travis Northcutt,Second District Court of Appeal,NA,OverVotes,16
Highlands,Retention of Stevan Travis Northcutt,Second District Court of Appeal,NA,UnderVotes,5944
Highlands,Retention of Stevan Travis Northcutt,Second District Court of Appeal,NOP,No,12736
Highlands,Retention of Stevan Travis Northcutt,Second District Court of Appeal,NOP,Yes,21226
Highlands,Retention of Suzanne Y. Labrit,Second District Court of Appeal,NA,OverVotes,14
Highlands,Retention of Suzanne Y. Labrit,Second District Court of Appeal,NA,UnderVotes,5749
Highlands,Retention of Suzanne Y. Labrit,Second District Court of Appeal,NOP,No,9543
Highlands,Retention of Suzanne Y. Labrit,Second District Court of Appeal,NOP,Yes,24616
Highlands,Sun N Lake of Sebring Improvement District (Vote For 2),NA,NA,OverVotes,0
Highlands,Sun N Lake of Sebring Improvement District (Vote For 2),NA,NA,UnderVotes,949
Highlands,Sun N Lake of Sebring Improvement District (Vote For 2),NA,NOP,Beverly Phillips,880
Highlands,Sun N Lake of Sebring Improvement District (Vote For 2),NA,NOP,Jim Hicks,699
Highlands,Sun N Lake of Sebring Improvement District (Vote For 2),NA,NOP,Michael Hurley,920
Highlands,U.S. House,18,NA,OverVotes,5
Highlands,U.S. House,18,NA,UnderVotes,2137
Highlands,U.S. House,18,NA,WriteinVotes,136
Highlands,U.S. House,18,NPA,Keith R. Hayden Jr,8153
Highlands,U.S. House,18,REP,Scott Franklin,29491
Highlands,U.S. Senate,NA,DEM,Val Demings,10480
Highlands,U.S. Senate,NA,LPF,Dennis Misigoy,146
Highlands,U.S. Senate,NA,NA,OverVotes,13
Highlands,U.S. Senate,NA,NA,UnderVotes,168
Highlands,U.S. Senate,NA,NA,WriteinVotes,10
Highlands,U.S. Senate,NA,NPA,Steven B. Grant,266
Highlands,U.S. Senate,NA,NPA,Tuan TQ Nguyen,62
Highlands,U.S. Senate,NA,REP,Marco Rubio,28777
Hillsborough,Amendment No. 1: Limitation On Assessment of Real Property Used For Residential Purposes,NA,NA,OverVotes,199
Hillsborough,Amendment No. 1: Limitation On Assessment of Real Property Used For Residential Purposes,NA,NA,UnderVotes,50417
Hillsborough,Amendment No. 1: Limitation On Assessment of Real Property Used For Residential Purposes,NA,NOP,No for Rejection,235637
Hillsborough,Amendment No. 1: Limitation On Assessment of Real Property Used For Residential Purposes,NA,NOP,Yes for Approval,198663
Hillsborough,Amendment No. 2: Abolishing the Constitution Revision Commission,NA,NA,OverVotes,217
Hillsborough,Amendment No. 2: Abolishing the Constitution Revision Commission,NA,NA,UnderVotes,53377
Hillsborough,Amendment No. 2: Abolishing the Constitution Revision Commission,NA,NOP,No for Rejection,193993
Hillsborough,Amendment No. 2: Abolishing the Constitution Revision Commission,NA,NOP,Yes for Approval,237329
Hillsborough,Amendment No. 3: Additional Homestead Property Tax Exemption For Specified Critical Public Services Workforce,NA,NA,OverVotes,127
Hillsborough,Amendment No. 3: Additional Homestead Property Tax Exemption For Specified Critical Public Services Workforce,NA,NA,UnderVotes,41009
Hillsborough,Amendment No. 3: Additional Homestead Property Tax Exemption For Specified Critical Public Services Workforce,NA,NOP,No for Rejection,195498
Hillsborough,Amendment No. 3: Additional Homestead Property Tax Exemption For Specified Critical Public Services Workforce,NA,NOP,Yes for Approval,248282
Hillsborough,Arbor Greene Community Development District,Seat 1,NA,OverVotes,2
Hillsborough,Arbor Greene Community Development District,Seat 1,NA,UnderVotes,246
Hillsborough,Arbor Greene Community Development District,Seat 1,NOP,Kevin R Kerrigan,578
Hillsborough,Arbor Greene Community Development District,Seat 1,NOP,Mike Candella,903
Hillsborough,Arbor Greene Community Development District,Seat 2,NA,OverVotes,6
Hillsborough,Arbor Greene Community Development District,Seat 2,NA,UnderVotes,238
Hillsborough,Arbor Greene Community Development District,Seat 2,NOP,Adam Bell,321
Hillsborough,Arbor Greene Community Development District,Seat 2,NOP,Matt Dykeman,576
Hillsborough,Arbor Greene Community Development District,Seat 2,NOP,Susan A. Waldman,399
Hillsborough,Arbor Greene Community Development District,Seat 2,NOP,Thomson George,189
Hillsborough,Attorney General,NA,DEM,Aramis Ayala,211378
Hillsborough,Attorney General,NA,NA,OverVotes,47
Hillsborough,Attorney General,NA,NA,UnderVotes,5465
Hillsborough,Attorney General,NA,REP,Ashley Moody,268026
Hillsborough,Chief Financial Officer,NA,DEM,Adam Hattersley,217007
Hillsborough,Chief Financial Officer,NA,NA,OverVotes,34
Hillsborough,Chief Financial Officer,NA,NA,UnderVotes,10150
Hillsborough,Chief Financial Officer,NA,REP,Jimmy Patronis,257725
Hillsborough,Commissioner of Agriculture,NA,DEM,Naomi Esther Blemur,213504
Hillsborough,Commissioner of Agriculture,NA,NA,OverVotes,24
Hillsborough,Commissioner of Agriculture,NA,NA,UnderVotes,11154
Hillsborough,Commissioner of Agriculture,NA,REP,Wilton Simpson,260234
Hillsborough,Cory Lakes Community Development District,Seat 5,NA,OverVotes,1
Hillsborough,Cory Lakes Community Development District,Seat 5,NA,UnderVotes,40
Hillsborough,Cory Lakes Community Development District,Seat 5,NOP,Cynthia McIntyre,634
Hillsborough,Cory Lakes Community Development District,Seat 5,NOP,Sid Shah,597
Hillsborough,County Commissioner,1,DEM,Harry Cohen,58749
Hillsborough,County Commissioner,1,NA,OverVotes,16
Hillsborough,County Commissioner,1,NA,UnderVotes,3384
Hillsborough,County Commissioner,1,REP,Scott D Levinson,57922
Hillsborough,County Commissioner,2,DEM,Angela Birdsong,54444
Hillsborough,County Commissioner,2,NA,OverVotes,10
Hillsborough,County Commissioner,2,NA,UnderVotes,2764
Hillsborough,County Commissioner,2,REP,Ken Hagan,70978
Hillsborough,County Commissioner,5,DEM,Mariella Smith,222689
Hillsborough,County Commissioner,5,NA,OverVotes,57
Hillsborough,County Commissioner,5,NA,UnderVotes,13746
Hillsborough,County Commissioner,5,REP,Donna Cameron Cepeda,248424
Hillsborough,County Commissioner,7,DEM,Kimberly Overman,224530
Hillsborough,County Commissioner,7,NA,OverVotes,19
Hillsborough,County Commissioner,7,NA,UnderVotes,13420
Hillsborough,County Commissioner,7,REP,Joshua Wostal,246947
Hillsborough,County Court Judge,Group 14,NA,OverVotes,230
Hillsborough,County Court Judge,Group 14,NA,UnderVotes,71000
Hillsborough,County Court Judge,Group 14,NOP,Melissa Black,265736
Hillsborough,County Court Judge,Group 14,NOP,Mike Isaak,147950
Hillsborough,Covington Park Community Development District,Seat 2,NA,OverVotes,0
Hillsborough,Covington Park Community Development District,Seat 2,NA,UnderVotes,174
Hillsborough,Covington Park Community Development District,Seat 2,NOP,Stephen J. Brown,536
Hillsborough,Covington Park Community Development District,Seat 2,NOP,Teresa Elaine Reidt,452
Hillsborough,Covington Park Community Development District,Seat 3,NA,OverVotes,0
Hillsborough,Covington Park Community Development District,Seat 3,NA,UnderVotes,185
Hillsborough,Covington Park Community Development District,Seat 3,NOP,Ronald Blue,608
Hillsborough,Covington Park Community Development District,Seat 3,NOP,William C Gallen,369
Hillsborough,Governor,NA,DEM,Crist / Hernandez,217349
Hillsborough,Governor,NA,LPF,Roos / Rorabaugh,1641
Hillsborough,Governor,NA,NA,OverVotes,148
Hillsborough,Governor,NA,NA,UnderVotes,1254
Hillsborough,Governor,NA,NPA,Gimenez / Gibson,2588
Hillsborough,Governor,NA,REP,DeSantis / Nuñez,261936
Hillsborough,Harbor Bay Community Development District,Seat 1,NA,OverVotes,0
Hillsborough,Harbor Bay Community Development District,Seat 1,NA,UnderVotes,138
Hillsborough,Harbor Bay Community Development District,Seat 1,NOP,Michael Rodriguez,777
Hillsborough,Harbor Bay Community Development District,Seat 1,NOP,Ryan Wick,735
Hillsborough,Harbor Bay Community Development District,Seat 3,NA,OverVotes,0
Hillsborough,Harbor Bay Community Development District,Seat 3,NA,UnderVotes,88
Hillsborough,Harbor Bay Community Development District,Seat 3,NOP,Dean L. Walters,997
Hillsborough,Harbor Bay Community Development District,Seat 3,NOP,Horace Robert Lynch Sr.,565
Hillsborough,Heritage Harbor Community Development District,Seat 5,NA,OverVotes,0
Hillsborough,Heritage Harbor Community Development District,Seat 5,NA,UnderVotes,137
Hillsborough,Heritage Harbor Community Development District,Seat 5,NOP,Benjamin L Delaney,440
Hillsborough,Heritage Harbor Community Development District,Seat 5,NOP,David Penzer,329
Hillsborough,Hillsborough Soil and Water Conservation District,Group 2,NA,OverVotes,190
Hillsborough,Hillsborough Soil and Water Conservation District,Group 2,NA,UnderVotes,92933
Hillsborough,Hillsborough Soil and Water Conservation District,Group 2,NOP,"Kim ""Klarc"" O'Connor",159284
Hillsborough,Hillsborough Soil and Water Conservation District,Group 2,NOP,Ryan Gill,232509
Hillsborough,Hillsborough Soil and Water Conservation District,Group 3,NA,OverVotes,131
Hillsborough,Hillsborough Soil and Water Conservation District,Group 3,NA,UnderVotes,98130
Hillsborough,Hillsborough Soil and Water Conservation District,Group 3,NOP,Adam Young,200255
Hillsborough,Hillsborough Soil and Water Conservation District,Group 3,NOP,David Maynard,186400
Hillsborough,K-Bar Ranch Community Development District,Seat 5,NA,OverVotes,0
Hillsborough,K-Bar Ranch Community Development District,Seat 5,NA,UnderVotes,66
Hillsborough,K-Bar Ranch Community Development District,Seat 5,NOP,Christiane Rinck,242
Hillsborough,K-Bar Ranch Community Development District,Seat 5,NOP,Frank E. Morales,361
Hillsborough,Registered Voters,NA,NA,NA,924891
Hillsborough,Retention of Charles T. Canady,Justice of the Supreme Court,NA,OverVotes,199
Hillsborough,Retention of Charles T. Canady,Justice of the Supreme Court,NA,UnderVotes,53950
Hillsborough,Retention of Charles T. Canady,Justice of the Supreme Court,NOP,No,162636
Hillsborough,Retention of Charles T. Canady,Justice of the Supreme Court,NOP,Yes,268131
Hillsborough,Retention of Craig C. Villanti,Second District Court of Appeal,NA,OverVotes,82
Hillsborough,Retention of Craig C. Villanti,Second District Court of Appeal,NA,UnderVotes,68746
Hillsborough,Retention of Craig C. Villanti,Second District Court of Appeal,NOP,No,164735
Hillsborough,Retention of Craig C. Villanti,Second District Court of Appeal,NOP,Yes,251353
Hillsborough,Retention of Jamie Grosshans,Justice of the Supreme Court,NA,OverVotes,114
Hillsborough,Retention of Jamie Grosshans,Justice of the Supreme Court,NA,UnderVotes,58455
Hillsborough,Retention of Jamie Grosshans,Justice of the Supreme Court,NOP,No,167377
Hillsborough,Retention of Jamie Grosshans,Justice of the Supreme Court,NOP,Yes,258970
Hillsborough,Retention of John D. Couriel,Justice of the Supreme Court,NA,OverVotes,100
Hillsborough,Retention of John D. Couriel,Justice of the Supreme Court,NA,UnderVotes,56765
Hillsborough,Retention of John D. Couriel,Justice of the Supreme Court,NOP,No,169037
Hillsborough,Retention of John D. Couriel,Justice of the Supreme Court,NOP,Yes,259014
Hillsborough,Retention of John K. Stargel,Second District Court of Appeal,NA,OverVotes,109
Hillsborough,Retention of John K. Stargel,Second District Court of Appeal,NA,UnderVotes,67426
Hillsborough,Retention of John K. Stargel,Second District Court of Appeal,NOP,No,161648
Hillsborough,Retention of John K. Stargel,Second District Court of Appeal,NOP,Yes,255733
Hillsborough,Retention of Jorge Labarga,Justice of the Supreme Court,NA,OverVotes,243
Hillsborough,Retention of Jorge Labarga,Justice of the Supreme Court,NA,UnderVotes,58934
Hillsborough,Retention of Jorge Labarga,Justice of the Supreme Court,NOP,No,160628
Hillsborough,Retention of Jorge Labarga,Justice of the Supreme Court,NOP,Yes,265111
Hillsborough,Retention of Matt Lucas,Second District Court of Appeal,NA,OverVotes,140
Hillsborough,Retention of Matt Lucas,Second District Court of Appeal,NA,UnderVotes,65205
Hillsborough,Retention of Matt Lucas,Second District Court of Appeal,NOP,No,151908
Hillsborough,Retention of Matt Lucas,Second District Court of Appeal,NOP,Yes,267663
Hillsborough,Retention of Nelly N. Khouzam,Second District Court of Appeal,NA,OverVotes,138
Hillsborough,Retention of Nelly N. Khouzam,Second District Court of Appeal,NA,UnderVotes,65790
Hillsborough,Retention of Nelly N. Khouzam,Second District Court of Appeal,NOP,No,141369
Hillsborough,Retention of Nelly N. Khouzam,Second District Court of Appeal,NOP,Yes,277619
Hillsborough,Retention of Patricia Joan Kelly,Second District Court of Appeal,NA,OverVotes,179
Hillsborough,Retention of Patricia Joan Kelly,Second District Court of Appeal,NA,UnderVotes,63355
Hillsborough,Retention of Patricia Joan Kelly,Second District Court of Appeal,NOP,No,149867
Hillsborough,Retention of Patricia Joan Kelly,Second District Court of Appeal,NOP,Yes,271515
Hillsborough,Retention of Ricky Polston,Justice of the Supreme Court,NA,OverVotes,140
Hillsborough,Retention of Ricky Polston,Justice of the Supreme Court,NA,UnderVotes,58816
Hillsborough,Retention of Ricky Polston,Justice of the Supreme Court,NOP,No,164123
Hillsborough,Retention of Ricky Polston,Justice of the Supreme Court,NOP,Yes,261837
Hillsborough,Retention of Robert Morris,Second District Court of Appeal,NA,OverVotes,99
Hillsborough,Retention of Robert Morris,Second District Court of Appeal,NA,UnderVotes,65239
Hillsborough,Retention of Robert Morris,Second District Court of Appeal,NOP,No,155989
Hillsborough,Retention of Robert Morris,Second District Court of Appeal,NOP,Yes,263589
Hillsborough,Retention of Stevan Travis Northcutt,Second District Court of Appeal,NA,OverVotes,249
Hillsborough,Retention of Stevan Travis Northcutt,Second District Court of Appeal,NA,UnderVotes,66625
Hillsborough,Retention of Stevan Travis Northcutt,Second District Court of Appeal,NOP,No,161781
Hillsborough,Retention of Stevan Travis Northcutt,Second District Court of Appeal,NOP,Yes,256261
Hillsborough,Retention of Suzanne Y. Labrit,Second District Court of Appeal,NA,OverVotes,145
Hillsborough,Retention of Suzanne Y. Labrit,Second District Court of Appeal,NA,UnderVotes,64931
Hillsborough,Retention of Suzanne Y. Labrit,Second District Court of Appeal,NOP,No,154398
Hillsborough,Retention of Suzanne Y. Labrit,Second District Court of Appeal,NOP,Yes,265442
Hillsborough,Rivercrest Community Development District,Seat 2,NA,OverVotes,0
Hillsborough,Rivercrest Community Development District,Seat 2,NA,UnderVotes,178
Hillsborough,Rivercrest Community Development District,Seat 2,NOP,Edward Lamp II,429
Hillsborough,Rivercrest Community Development District,Seat 2,NOP,Joseph Allen McGee,538
Hillsborough,South Fork East Community Development District,Seat 4,NA,OverVotes,0
Hillsborough,South Fork East Community Development District,Seat 4,NA,UnderVotes,129
Hillsborough,South Fork East Community Development District,Seat 4,NOP,Eric Spann,451
Hillsborough,South Fork East Community Development District,Seat 4,NOP,Karen Gagliardi,671
Hillsborough,State House,62,DEM,Michele K. Rayner,12988
Hillsborough,State House,62,NA,OverVotes,2
Hillsborough,State House,62,NA,UnderVotes,558
Hillsborough,State House,62,REP,Jeremy M. Brown,9393
Hillsborough,State House,64,DEM,Susan L. Valdés,22745
Hillsborough,State House,64,NA,OverVotes,7
Hillsborough,State House,64,NA,UnderVotes,1007
Hillsborough,State House,64,REP,Maura Cruz Lanz,19930
Hillsborough,State House,65,DEM,Jen McDonald,33766
Hillsborough,State House,65,NA,OverVotes,9
Hillsborough,State House,65,NA,UnderVotes,1904
Hillsborough,State House,65,REP,Karen Gonzalez Pittman,39045
Hillsborough,State House,66,DEM,David Tillery,30027
Hillsborough,State House,66,NA,OverVotes,5
Hillsborough,State House,66,NA,UnderVotes,2065
Hillsborough,State House,66,REP,Traci Koster,45305
Hillsborough,State House,67,DEM,Fentrice Driskell,25504
Hillsborough,State House,67,NA,OverVotes,5
Hillsborough,State House,67,NA,UnderVotes,1082
Hillsborough,State House,67,REP,Lisette Bonano,21707
Hillsborough,State House,68,DEM,Lorissa Wright,18831
Hillsborough,State House,68,NA,OverVotes,3
Hillsborough,State House,68,NA,UnderVotes,1274
Hillsborough,State House,68,REP,Lawrence McClure,40512
Hillsborough,State House,69,DEM,Andrew Learned,26824
Hillsborough,State House,69,NA,OverVotes,7
Hillsborough,State House,69,NA,UnderVotes,1039
Hillsborough,State House,69,REP,"Daniel ""Danny"" Alvarez",35123
Hillsborough,State House,70,DEM,"Eleuterio ""Junior"" Salazar Jr",21511
Hillsborough,State House,70,NA,OverVotes,6
Hillsborough,State House,70,NA,UnderVotes,1291
Hillsborough,State House,70,REP,Mike Beltran,32065
Hillsborough,State Senate,14,DEM,Janet Cruz,87213
Hillsborough,State Senate,14,NA,OverVotes,16
Hillsborough,State Senate,14,NA,UnderVotes,3644
Hillsborough,State Senate,14,REP,Jay Collins,104776
Hillsborough,State Senate,16,DEM,Darryl Ervin Rouson,61153
Hillsborough,State Senate,16,NA,OverVotes,5
Hillsborough,State Senate,16,NA,UnderVotes,2775
Hillsborough,State Senate,16,REP,Christina B. Paylan,41972
Hillsborough,State Senate,23,DEM,Mike Harvey,33236
Hillsborough,State Senate,23,NA,OverVotes,8
Hillsborough,State Senate,23,NA,UnderVotes,2025
Hillsborough,State Senate,23,REP,Danny Burgess,51618
Hillsborough,Tampa Palms Open Space & Transportation Community Development District,Seat 1,NA,OverVotes,1
Hillsborough,Tampa Palms Open Space & Transportation Community Development District,Seat 1,NA,UnderVotes,771
Hillsborough,Tampa Palms Open Space & Transportation Community Development District,Seat 1,NOP,Fred Pfister,1396
Hillsborough,Tampa Palms Open Space & Transportation Community Development District,Seat 1,NOP,Rafael Cubas,1174
Hillsborough,Tampa Palms Open Space & Transportation Community Development District,Seat 3,NA,OverVotes,1
Hillsborough,Tampa Palms Open Space & Transportation Community Development District,Seat 3,NA,UnderVotes,771
Hillsborough,Tampa Palms Open Space & Transportation Community Development District,Seat 3,NOP,Jay Krause,1341
Hillsborough,Tampa Palms Open Space & Transportation Community Development District,Seat 3,NOP,Pamela Cubas,1229
Hillsborough,The Hammocks Community Development District,Seat 3,NA,OverVotes,0
Hillsborough,The Hammocks Community Development District,Seat 3,NA,UnderVotes,50
Hillsborough,The Hammocks Community Development District,Seat 3,NOP,Michelle Rodriguez,166
Hillsborough,The Hammocks Community Development District,Seat 3,NOP,Sandra Dee Hensley-Oram,126
Hillsborough,The Hammocks Community Development District,Seat 4,NA,OverVotes,0
Hillsborough,The Hammocks Community Development District,Seat 4,NA,UnderVotes,49
Hillsborough,The Hammocks Community Development District,Seat 4,NOP,Mike Henke,155
Hillsborough,The Hammocks Community Development District,Seat 4,NOP,William Jeff Bryson,138
Hillsborough,U.S. House,14,DEM,Kathy Castor,100769
Hillsborough,U.S. House,14,NA,OverVotes,16
Hillsborough,U.S. House,14,NA,UnderVotes,3230
Hillsborough,U.S. House,14,REP,James Judge,84893
Hillsborough,U.S. House,15,DEM,Alan M. Cohn,68644
Hillsborough,U.S. House,15,NA,OverVotes,22
Hillsborough,U.S. House,15,NA,UnderVotes,3300
Hillsborough,U.S. House,15,REP,Laurel Lee,87061
Hillsborough,U.S. House,16,DEM,Jan Schneider,56850
Hillsborough,U.S. House,16,NA,OverVotes,14
Hillsborough,U.S. House,16,NA,UnderVotes,1914
Hillsborough,U.S. House,16,NA,WriteinVotes,160
Hillsborough,U.S. House,16,REP,Vern Buchanan,78043
Hillsborough,U.S. Senate,NA,DEM,Val Demings,222378
Hillsborough,U.S. Senate,NA,LPF,Dennis Misigoy,2498
Hillsborough,U.S. Senate,NA,NA,OverVotes,96
Hillsborough,U.S. Senate,NA,NA,UnderVotes,2233
Hillsborough,U.S. Senate,NA,NA,WriteinVotes,253
Hillsborough,U.S. Senate,NA,NPA,Steven B. Grant,2345
Hillsborough,U.S. Senate,NA,NPA,Tuan TQ Nguyen,1618
Hillsborough,U.S. Senate,NA,REP,Marco Rubio,253495
Hillsborough,Waterleaf Community Development District,Seat 3,NA,OverVotes,0
Hillsborough,Waterleaf Community Development District,Seat 3,NA,UnderVotes,85
Hillsborough,Waterleaf Community Development District,Seat 3,NOP,Bob Crespo,384
Hillsborough,Waterleaf Community Development District,Seat 3,NOP,Robert R. Bishop,238
Hillsborough,Waterleaf Community Development District,Seat 5,NA,OverVotes,0
Hillsborough,Waterleaf Community Development District,Seat 5,NA,UnderVotes,85
Hillsborough,Waterleaf Community Development District,Seat 5,NOP,James R. Ciciora,327
Hillsborough,Waterleaf Community Development District,Seat 5,NOP,Robert S. Bernardo,295
Hillsborough,Westchase Community Development District,Seat 2,NA,OverVotes,2
Hillsborough,Westchase Community Development District,Seat 2,NA,UnderVotes,813
Hillsborough,Westchase Community Development District,Seat 2,NOP,Basil Anthony Piazza,1213
Hillsborough,Westchase Community Development District,Seat 2,NOP,"Christopher ""Chris"" Barrett",3271
Holmes,Amendment No. 1: Limitation On Assessment of Real Property Used For Residential Purposes,NA,NA,OverVotes,6
Holmes,Amendment No. 1: Limitation On Assessment of Real Property Used For Residential Purposes,NA,NA,UnderVotes,536
Holmes,Amendment No. 1: Limitation On Assessment of Real Property Used For Residential Purposes,NA,NOP,No for Rejection,2888
Holmes,Amendment No. 1: Limitation On Assessment of Real Property Used For Residential Purposes,NA,NOP,Yes for Approval,3360
Holmes,Amendment No. 2: Abolishing the Constitution Revision Commission,NA,NA,OverVotes,3
Holmes,Amendment No. 2: Abolishing the Constitution Revision Commission,NA,NA,UnderVotes,585
Holmes,Amendment No. 2: Abolishing the Constitution Revision Commission,NA,NOP,No for Rejection,2814
Holmes,Amendment No. 2: Abolishing the Constitution Revision Commission,NA,NOP,Yes for Approval,3388
Holmes,Amendment No. 3: Additional Homestead Property Tax Exemption For Specified Critical Public Services Workforce,NA,NA,OverVotes,2
Holmes,Amendment No. 3: Additional Homestead Property Tax Exemption For Specified Critical Public Services Workforce,NA,NA,UnderVotes,394
Holmes,Amendment No. 3: Additional Homestead Property Tax Exemption For Specified Critical Public Services Workforce,NA,NOP,No for Rejection,2728
Holmes,Amendment No. 3: Additional Homestead Property Tax Exemption For Specified Critical Public Services Workforce,NA,NOP,Yes for Approval,3666
Holmes,Attorney General,NA,DEM,Aramis Ayala,537
Holmes,Attorney General,NA,NA,OverVotes,0
Holmes,Attorney General,NA,NA,UnderVotes,44
Holmes,Attorney General,NA,REP,Ashley Moody,6209
Holmes,Chief Financial Officer,NA,DEM,Adam Hattersley,537
Holmes,Chief Financial Officer,NA,NA,OverVotes,0
Holmes,Chief Financial Officer,NA,NA,UnderVotes,52
Holmes,Chief Financial Officer,NA,REP,Jimmy Patronis,6201
Holmes,Commissioner of Agriculture,NA,DEM,Naomi Esther Blemur,583
Holmes,Commissioner of Agriculture,NA,NA,OverVotes,0
Holmes,Commissioner of Agriculture,NA,NA,UnderVotes,71
Holmes,Commissioner of Agriculture,NA,REP,Wilton Simpson,6136
Holmes,Governor,NA,DEM,Crist / Hernandez,533
Holmes,Governor,NA,LPF,Roos / Rorabaugh,24
Holmes,Governor,NA,NA,OverVotes,1
Holmes,Governor,NA,NA,UnderVotes,7
Holmes,Governor,NA,NPA,Gimenez / Gibson,11
Holmes,Governor,NA,REP,DeSantis / Nuñez,6214
Holmes,Registered Voters,NA,NA,NA,11468
Holmes,Retention of Bo Winokur,First District Court of Appeal,NA,OverVotes,3
Holmes,Retention of Bo Winokur,First District Court of Appeal,NA,UnderVotes,790
Holmes,Retention of Bo Winokur,First District Court of Appeal,NOP,No,2127
Holmes,Retention of Bo Winokur,First District Court of Appeal,NOP,Yes,3870
Holmes,Retention of Bobby Long,First District Court of Appeal,NA,OverVotes,1
Holmes,Retention of Bobby Long,First District Court of Appeal,NA,UnderVotes,787
Holmes,Retention of Bobby Long,First District Court of Appeal,NOP,No,1934
Holmes,Retention of Bobby Long,First District Court of Appeal,NOP,Yes,4068
Holmes,Retention of Charles T. Canady,Justice of the Supreme Court,NA,OverVotes,7
Holmes,Retention of Charles T. Canady,Justice of the Supreme Court,NA,UnderVotes,710
Holmes,Retention of Charles T. Canady,Justice of the Supreme Court,NOP,No,2163
Holmes,Retention of Charles T. Canady,Justice of the Supreme Court,NOP,Yes,3910
Holmes,Retention of Jamie Grosshans,Justice of the Supreme Court,NA,OverVotes,2
Holmes,Retention of Jamie Grosshans,Justice of the Supreme Court,NA,UnderVotes,756
Holmes,Retention of Jamie Grosshans,Justice of the Supreme Court,NOP,No,1996
Holmes,Retention of Jamie Grosshans,Justice of the Supreme Court,NOP,Yes,4036
Holmes,Retention of John D. Couriel,Justice of the Supreme Court,NA,OverVotes,4
Holmes,Retention of John D. Couriel,Justice of the Supreme Court,NA,UnderVotes,734
Holmes,Retention of John D. Couriel,Justice of the Supreme Court,NOP,No,2015
Holmes,Retention of John D. Couriel,Justice of the Supreme Court,NOP,Yes,4037
Holmes,Retention of Jorge Labarga,Justice of the Supreme Court,NA,OverVotes,4
Holmes,Retention of Jorge Labarga,Justice of the Supreme Court,NA,UnderVotes,748
Holmes,Retention of Jorge Labarga,Justice of the Supreme Court,NOP,No,2868
Holmes,Retention of Jorge Labarga,Justice of the Supreme Court,NOP,Yes,3170
Holmes,Retention of Lori S. Rowe,First District Court of Appeal,NA,OverVotes,6
Holmes,Retention of Lori S. Rowe,First District Court of Appeal,NA,UnderVotes,790
Holmes,Retention of Lori S. Rowe,First District Court of Appeal,NOP,No,2255
Holmes,Retention of Lori S. Rowe,First District Court of Appeal,NOP,Yes,3739
Holmes,Retention of Ricky Polston,Justice of the Supreme Court,NA,OverVotes,1
Holmes,Retention of Ricky Polston,Justice of the Supreme Court,NA,UnderVotes,720
Holmes,Retention of Ricky Polston,Justice of the Supreme Court,NOP,No,2072
Holmes,Retention of Ricky Polston,Justice of the Supreme Court,NOP,Yes,3997
Holmes,Retention of Ross L. Bilbrey,First District Court of Appeal,NA,OverVotes,8
Holmes,Retention of Ross L. Bilbrey,First District Court of Appeal,NA,UnderVotes,775
Holmes,Retention of Ross L. Bilbrey,First District Court of Appeal,NOP,No,2119
Holmes,Retention of Ross L. Bilbrey,First District Court of Appeal,NOP,Yes,3888
Holmes,Retention of Susan Kelsey,First District Court of Appeal,NA,OverVotes,2
Holmes,Retention of Susan Kelsey,First District Court of Appeal,NA,UnderVotes,797
Holmes,Retention of Susan Kelsey,First District Court of Appeal,NOP,No,2133
Holmes,Retention of Susan Kelsey,First District Court of Appeal,NOP,Yes,3858
Holmes,State Senate,2,DEM,Carolynn Zonia,592
Holmes,State Senate,2,NA,OverVotes,2
Holmes,State Senate,2,NA,UnderVotes,68
Holmes,State Senate,2,REP,Jay Trumbull,6128
Holmes,U.S. House,2,DEM,Al Lawson,598
Holmes,U.S. House,2,NA,OverVotes,1
Holmes,U.S. House,2,NA,UnderVotes,42
Holmes,U.S. House,2,REP,Neal Dunn,6149
Holmes,U.S. Senate,NA,DEM,Val Demings,556
Holmes,U.S. Senate,NA,LPF,Dennis Misigoy,23
Holmes,U.S. Senate,NA,NA,OverVotes,0
Holmes,U.S. Senate,NA,NA,UnderVotes,18
Holmes,U.S. Senate,NA,NA,WriteinVotes,2
Holmes,U.S. Senate,NA,NPA,Steven B. Grant,34
Holmes,U.S. Senate,NA,NPA,Tuan TQ Nguyen,6
Holmes,U.S. Senate,NA,REP,Marco Rubio,6151
Indian River,Amendment No. 1: Limitation On Assessment of Real Property Used For Residential Purposes,NA,NA,OverVotes,42
Indian River,Amendment No. 1: Limitation On Assessment of Real Property Used For Residential Purposes,NA,NA,UnderVotes,10356
Indian River,Amendment No. 1: Limitation On Assessment of Real Property Used For Residential Purposes,NA,NOP,No for Rejection,28888
Indian River,Amendment No. 1: Limitation On Assessment of Real Property Used For Residential Purposes,NA,NOP,Yes for Approval,38338
Indian River,Amendment No. 2: Abolishing the Constitution Revision Commission,NA,NA,OverVotes,30
Indian River,Amendment No. 2: Abolishing the Constitution Revision Commission,NA,NA,UnderVotes,11183
Indian River,Amendment No. 2: Abolishing the Constitution Revision Commission,NA,NOP,No for Rejection,27570
Indian River,Amendment No. 2: Abolishing the Constitution Revision Commission,NA,NOP,Yes for Approval,38841
Indian River,Amendment No. 3: Additional Homestead Property Tax Exemption For Specified Critical Public Services Workforce,NA,NA,OverVotes,20
Indian River,Amendment No. 3: Additional Homestead Property Tax Exemption For Specified Critical Public Services Workforce,NA,NA,UnderVotes,7212
Indian River,Amendment No. 3: Additional Homestead Property Tax Exemption For Specified Critical Public Services Workforce,NA,NOP,No for Rejection,28649
Indian River,Amendment No. 3: Additional Homestead Property Tax Exemption For Specified Critical Public Services Workforce,NA,NOP,Yes for Approval,41743
Indian River,Attorney General,NA,DEM,Aramis Ayala,23678
Indian River,Attorney General,NA,NA,OverVotes,3
Indian River,Attorney General,NA,NA,UnderVotes,1336
Indian River,Attorney General,NA,REP,Ashley Moody,52607
Indian River,Chief Financial Officer,NA,DEM,Adam Hattersley,24489
Indian River,Chief Financial Officer,NA,NA,OverVotes,3
Indian River,Chief Financial Officer,NA,NA,UnderVotes,2175
Indian River,Chief Financial Officer,NA,REP,Jimmy Patronis,50957
Indian River,Commissioner of Agriculture,NA,DEM,Naomi Esther Blemur,24109
Indian River,Commissioner of Agriculture,NA,NA,OverVotes,8
Indian River,Commissioner of Agriculture,NA,NA,UnderVotes,2472
Indian River,Commissioner of Agriculture,NA,REP,Wilton Simpson,51035
Indian River,Governor,NA,DEM,Crist / Hernandez,24744
Indian River,Governor,NA,LPF,Roos / Rorabaugh,146
Indian River,Governor,NA,NA,OverVotes,19
Indian River,Governor,NA,NA,UnderVotes,205
Indian River,Governor,NA,NPA,Gimenez / Gibson,241
Indian River,Governor,NA,REP,DeSantis / Nuñez,52269
Indian River,Indian River County Hospital District,Seat 2,NA,OverVotes,14
Indian River,Indian River County Hospital District,Seat 2,NA,UnderVotes,20433
Indian River,Indian River County Hospital District,Seat 2,NOP,Igor Khromov,23502
Indian River,Indian River County Hospital District,Seat 2,NOP,Michael Kint,33675
Indian River,Indian River County Hospital District,Seat 4,NA,OverVotes,12
Indian River,Indian River County Hospital District,Seat 4,NA,UnderVotes,20114
Indian River,Indian River County Hospital District,Seat 4,NOP,Allen Jones,23976
Indian River,Indian River County Hospital District,Seat 4,NOP,Paul L. Westcott,33522
Indian River,Indian River County Hospital District,Seat 7,NA,OverVotes,35
Indian River,Indian River County Hospital District,Seat 7,NA,UnderVotes,19925
Indian River,Indian River County Hospital District,Seat 7,NOP,Brian Gallagher,18124
Indian River,Indian River County Hospital District,Seat 7,NOP,Jad-Alexander Hadi Shalhoub,17317
Indian River,Indian River County Hospital District,Seat 7,NOP,William P Cooney,22223
Indian River,Indian River Mosquito Control District,Seat 2,NA,OverVotes,14
Indian River,Indian River Mosquito Control District,Seat 2,NA,UnderVotes,17015
Indian River,Indian River Mosquito Control District,Seat 2,NOP,Anna Jean Kirkland,34772
Indian River,Indian River Mosquito Control District,Seat 2,NOP,Lawrence Kyzer,25782
Indian River,Indian River Soil and Water Conservation District,Group 1,NA,OverVotes,5
Indian River,Indian River Soil and Water Conservation District,Group 1,NA,UnderVotes,20019
Indian River,Indian River Soil and Water Conservation District,Group 1,NOP,Bob Adair,38786
Indian River,Indian River Soil and Water Conservation District,Group 1,NOP,Shawn R. Frost,18814
Indian River,Registered Voters,NA,NA,NA,119433
Indian River,Retention of Charles T. Canady,Justice of the Supreme Court,NA,OverVotes,22
Indian River,Retention of Charles T. Canady,Justice of the Supreme Court,NA,UnderVotes,13067
Indian River,Retention of Charles T. Canady,Justice of the Supreme Court,NOP,No,18498
Indian River,Retention of Charles T. Canady,Justice of the Supreme Court,NOP,Yes,46037
Indian River,Retention of Cory J. Ciklin,Fourth District Court of Appeal,NA,OverVotes,26
Indian River,Retention of Cory J. Ciklin,Fourth District Court of Appeal,NA,UnderVotes,15835
Indian River,Retention of Cory J. Ciklin,Fourth District Court of Appeal,NOP,No,19386
Indian River,Retention of Cory J. Ciklin,Fourth District Court of Appeal,NOP,Yes,42377
Indian River,Retention of Dorian K. Damoorgian,Fourth District Court of Appeal,NA,OverVotes,13
Indian River,Retention of Dorian K. Damoorgian,Fourth District Court of Appeal,NA,UnderVotes,16163
Indian River,Retention of Dorian K. Damoorgian,Fourth District Court of Appeal,NOP,No,17508
Indian River,Retention of Dorian K. Damoorgian,Fourth District Court of Appeal,NOP,Yes,43940
Indian River,Retention of Ed Artau,Fourth District Court of Appeal,NA,OverVotes,16
Indian River,Retention of Ed Artau,Fourth District Court of Appeal,NA,UnderVotes,15377
Indian River,Retention of Ed Artau,Fourth District Court of Appeal,NOP,No,17640
Indian River,Retention of Ed Artau,Fourth District Court of Appeal,NOP,Yes,44591
Indian River,Retention of Jamie Grosshans,Justice of the Supreme Court,NA,OverVotes,16
Indian River,Retention of Jamie Grosshans,Justice of the Supreme Court,NA,UnderVotes,13801
Indian River,Retention of Jamie Grosshans,Justice of the Supreme Court,NOP,No,18578
Indian River,Retention of Jamie Grosshans,Justice of the Supreme Court,NOP,Yes,45229
Indian River,Retention of John D. Couriel,Justice of the Supreme Court,NA,OverVotes,16
Indian River,Retention of John D. Couriel,Justice of the Supreme Court,NA,UnderVotes,13555
Indian River,Retention of John D. Couriel,Justice of the Supreme Court,NOP,No,18467
Indian River,Retention of John D. Couriel,Justice of the Supreme Court,NOP,Yes,45586
Indian River,Retention of Jonathan D. Gerber,Fourth District Court of Appeal,NA,OverVotes,13
Indian River,Retention of Jonathan D. Gerber,Fourth District Court of Appeal,NA,UnderVotes,16159
Indian River,Retention of Jonathan D. Gerber,Fourth District Court of Appeal,NOP,No,15673
Indian River,Retention of Jonathan D. Gerber,Fourth District Court of Appeal,NOP,Yes,45779
Indian River,Retention of Jorge Labarga,Justice of the Supreme Court,NA,OverVotes,45
Indian River,Retention of Jorge Labarga,Justice of the Supreme Court,NA,UnderVotes,13881
Indian River,Retention of Jorge Labarga,Justice of the Supreme Court,NOP,No,22258
Indian River,Retention of Jorge Labarga,Justice of the Supreme Court,NOP,Yes,41440
Indian River,Retention of Melanie G. May,Fourth District Court of Appeal,NA,OverVotes,5
Indian River,Retention of Melanie G. May,Fourth District Court of Appeal,NA,UnderVotes,17091
Indian River,Retention of Melanie G. May,Fourth District Court of Appeal,NOP,No,17800
Indian River,Retention of Melanie G. May,Fourth District Court of Appeal,NOP,Yes,42728
Indian River,Retention of Ricky Polston,Justice of the Supreme Court,NA,OverVotes,15
Indian River,Retention of Ricky Polston,Justice of the Supreme Court,NA,UnderVotes,14183
Indian River,Retention of Ricky Polston,Justice of the Supreme Court,NOP,No,19237
Indian River,Retention of Ricky Polston,Justice of the Supreme Court,NOP,Yes,44189
Indian River,Retention of Robert M. Gross,Fourth District Court of Appeal,NA,OverVotes,28
Indian River,Retention of Robert M. Gross,Fourth District Court of Appeal,NA,UnderVotes,16095
Indian River,Retention of Robert M. Gross,Fourth District Court of Appeal,NOP,No,21828
Indian River,Retention of Robert M. Gross,Fourth District Court of Appeal,NOP,Yes,39673
Indian River,Retention of Spencer D. Levine,Fourth District Court of Appeal,NA,OverVotes,6
Indian River,Retention of Spencer D. Levine,Fourth District Court of Appeal,NA,UnderVotes,16104
Indian River,Retention of Spencer D. Levine,Fourth District Court of Appeal,NOP,No,16221
Indian River,Retention of Spencer D. Levine,Fourth District Court of Appeal,NOP,Yes,45293
Indian River,School Board,2,NA,OverVotes,37
Indian River,School Board,2,NA,UnderVotes,10752
Indian River,School Board,2,NOP,Cynthia M Gibbs,29898
Indian River,School Board,2,NOP,Jacqueline Rosario,36937
Indian River,State House,34,DEM,Karen Greb,24306
Indian River,State House,34,NA,OverVotes,3
Indian River,State House,34,NA,UnderVotes,1994
Indian River,State House,34,REP,Robert Brackett,51321
Indian River,U.S. House,8,DEM,Joanne Terry,24637
Indian River,U.S. House,8,NA,OverVotes,2
Indian River,U.S. House,8,NA,UnderVotes,1505
Indian River,U.S. House,8,REP,Bill Posey,51480
Indian River,U.S. Senate,NA,DEM,Val Demings,25613
Indian River,U.S. Senate,NA,LPF,Dennis Misigoy,268
Indian River,U.S. Senate,NA,NA,OverVotes,13
Indian River,U.S. Senate,NA,NA,UnderVotes,396
Indian River,U.S. Senate,NA,NA,WriteinVotes,26
Indian River,U.S. Senate,NA,NPA,Steven B. Grant,297
Indian River,U.S. Senate,NA,NPA,Tuan TQ Nguyen,133
Indian River,U.S. Senate,NA,REP,Marco Rubio,50878
Jackson,Amendment No. 1: Limitation On Assessment of Real Property Used For Residential Purposes,NA,NA,OverVotes,5
Jackson,Amendment No. 1: Limitation On Assessment of Real Property Used For Residential Purposes,NA,NA,UnderVotes,1050
Jackson,Amendment No. 1: Limitation On Assessment of Real Property Used For Residential Purposes,NA,NOP,No for Rejection,6852
Jackson,Amendment No. 1: Limitation On Assessment of Real Property Used For Residential Purposes,NA,NOP,Yes for Approval,8448
Jackson,Amendment No. 2: Abolishing the Constitution Revision Commission,NA,NA,OverVotes,8
Jackson,Amendment No. 2: Abolishing the Constitution Revision Commission,NA,NA,UnderVotes,1011
Jackson,Amendment No. 2: Abolishing the Constitution Revision Commission,NA,NOP,No for Rejection,7114
Jackson,Amendment No. 2: Abolishing the Constitution Revision Commission,NA,NOP,Yes for Approval,8222
Jackson,Amendment No. 3: Additional Homestead Property Tax Exemption For Specified Critical Public Services Workforce,NA,NA,OverVotes,7
Jackson,Amendment No. 3: Additional Homestead Property Tax Exemption For Specified Critical Public Services Workforce,NA,NA,UnderVotes,745
Jackson,Amendment No. 3: Additional Homestead Property Tax Exemption For Specified Critical Public Services Workforce,NA,NOP,No for Rejection,6283
Jackson,Amendment No. 3: Additional Homestead Property Tax Exemption For Specified Critical Public Services Workforce,NA,NOP,Yes for Approval,9320
Jackson,Attorney General,NA,DEM,Aramis Ayala,3769
Jackson,Attorney General,NA,NA,OverVotes,1
Jackson,Attorney General,NA,NA,UnderVotes,129
Jackson,Attorney General,NA,REP,Ashley Moody,12456
Jackson,Chief Financial Officer,NA,DEM,Adam Hattersley,3841
Jackson,Chief Financial Officer,NA,NA,OverVotes,1
Jackson,Chief Financial Officer,NA,NA,UnderVotes,119
Jackson,Chief Financial Officer,NA,REP,Jimmy Patronis,12394
Jackson,Commissioner of Agriculture,NA,DEM,Naomi Esther Blemur,3983
Jackson,Commissioner of Agriculture,NA,NA,OverVotes,1
Jackson,Commissioner of Agriculture,NA,NA,UnderVotes,179
Jackson,Commissioner of Agriculture,NA,REP,Wilton Simpson,12192
Jackson,Governor,NA,DEM,Crist / Hernandez,3835
Jackson,Governor,NA,LPF,Roos / Rorabaugh,27
Jackson,Governor,NA,NA,OverVotes,6
Jackson,Governor,NA,NA,UnderVotes,23
Jackson,Governor,NA,NPA,Gimenez / Gibson,52
Jackson,Governor,NA,REP,DeSantis / Nuñez,12412
Jackson,Registered Voters,NA,NA,NA,28745
Jackson,Retention of Bo Winokur,First District Court of Appeal,NA,OverVotes,3
Jackson,Retention of Bo Winokur,First District Court of Appeal,NA,UnderVotes,1539
Jackson,Retention of Bo Winokur,First District Court of Appeal,NOP,No,5577
Jackson,Retention of Bo Winokur,First District Court of Appeal,NOP,Yes,9236
Jackson,Retention of Bobby Long,First District Court of Appeal,NA,OverVotes,3
Jackson,Retention of Bobby Long,First District Court of Appeal,NA,UnderVotes,1308
Jackson,Retention of Bobby Long,First District Court of Appeal,NOP,No,5191
Jackson,Retention of Bobby Long,First District Court of Appeal,NOP,Yes,9853
Jackson,Retention of Charles T. Canady,Justice of the Supreme Court,NA,OverVotes,6
Jackson,Retention of Charles T. Canady,Justice of the Supreme Court,NA,UnderVotes,1213
Jackson,Retention of Charles T. Canady,Justice of the Supreme Court,NOP,No,5491
Jackson,Retention of Charles T. Canady,Justice of the Supreme Court,NOP,Yes,9645
Jackson,Retention of Jamie Grosshans,Justice of the Supreme Court,NA,OverVotes,2
Jackson,Retention of Jamie Grosshans,Justice of the Supreme Court,NA,UnderVotes,1342
Jackson,Retention of Jamie Grosshans,Justice of the Supreme Court,NOP,No,5285
Jackson,Retention of Jamie Grosshans,Justice of the Supreme Court,NOP,Yes,9726
Jackson,Retention of John D. Couriel,Justice of the Supreme Court,NA,OverVotes,1
Jackson,Retention of John D. Couriel,Justice of the Supreme Court,NA,UnderVotes,1301
Jackson,Retention of John D. Couriel,Justice of the Supreme Court,NOP,No,5364
Jackson,Retention of John D. Couriel,Justice of the Supreme Court,NOP,Yes,9689
Jackson,Retention of Jorge Labarga,Justice of the Supreme Court,NA,OverVotes,2
Jackson,Retention of Jorge Labarga,Justice of the Supreme Court,NA,UnderVotes,1292
Jackson,Retention of Jorge Labarga,Justice of the Supreme Court,NOP,No,6609
Jackson,Retention of Jorge Labarga,Justice of the Supreme Court,NOP,Yes,8452
Jackson,Retention of Lori S. Rowe,First District Court of Appeal,NA,OverVotes,8
Jackson,Retention of Lori S. Rowe,First District Court of Appeal,NA,UnderVotes,1456
Jackson,Retention of Lori S. Rowe,First District Court of Appeal,NOP,No,5555
Jackson,Retention of Lori S. Rowe,First District Court of Appeal,NOP,Yes,9336
Jackson,Retention of Ricky Polston,Justice of the Supreme Court,NA,OverVotes,8
Jackson,Retention of Ricky Polston,Justice of the Supreme Court,NA,UnderVotes,1209
Jackson,Retention of Ricky Polston,Justice of the Supreme Court,NOP,No,5323
Jackson,Retention of Ricky Polston,Justice of the Supreme Court,NOP,Yes,9815
Jackson,Retention of Ross L. Bilbrey,First District Court of Appeal,NA,OverVotes,2
Jackson,Retention of Ross L. Bilbrey,First District Court of Appeal,NA,UnderVotes,1330
Jackson,Retention of Ross L. Bilbrey,First District Court of Appeal,NOP,No,5509
Jackson,Retention of Ross L. Bilbrey,First District Court of Appeal,NOP,Yes,9514
Jackson,Retention of Susan Kelsey,First District Court of Appeal,NA,OverVotes,4
Jackson,Retention of Susan Kelsey,First District Court of Appeal,NA,UnderVotes,1349
Jackson,Retention of Susan Kelsey,First District Court of Appeal,NOP,No,5272
Jackson,Retention of Susan Kelsey,First District Court of Appeal,NOP,Yes,9730
Jackson,State Senate,2,DEM,Carolynn Zonia,3918
Jackson,State Senate,2,NA,OverVotes,2
Jackson,State Senate,2,NA,UnderVotes,209
Jackson,State Senate,2,REP,Jay Trumbull,12226
Jackson,U.S. House,2,DEM,Al Lawson,4133
Jackson,U.S. House,2,NA,OverVotes,0
Jackson,U.S. House,2,NA,UnderVotes,85
Jackson,U.S. House,2,REP,Neal Dunn,12137
Jackson,U.S. Senate,NA,DEM,Val Demings,3956
Jackson,U.S. Senate,NA,LPF,Dennis Misigoy,41
Jackson,U.S. Senate,NA,NA,OverVotes,7
Jackson,U.S. Senate,NA,NA,UnderVotes,61
Jackson,U.S. Senate,NA,NA,WriteinVotes,8
Jackson,U.S. Senate,NA,NPA,Steven B. Grant,80
Jackson,U.S. Senate,NA,NPA,Tuan TQ Nguyen,14
Jackson,U.S. Senate,NA,REP,Marco Rubio,12188
Jefferson,Amendment No. 1: Limitation On Assessment of Real Property Used For Residential Purposes,NA,NA,OverVotes,2
Jefferson,Amendment No. 1: Limitation On Assessment of Real Property Used For Residential Purposes,NA,NA,UnderVotes,480
Jefferson,Amendment No. 1: Limitation On Assessment of Real Property Used For Residential Purposes,NA,NOP,No for Rejection,3459
Jefferson,Amendment No. 1: Limitation On Assessment of Real Property Used For Residential Purposes,NA,NOP,Yes for Approval,3211
Jefferson,Amendment No. 2: Abolishing the Constitution Revision Commission,NA,NA,OverVotes,2
Jefferson,Amendment No. 2: Abolishing the Constitution Revision Commission,NA,NA,UnderVotes,496
Jefferson,Amendment No. 2: Abolishing the Constitution Revision Commission,NA,NOP,No for Rejection,3514
Jefferson,Amendment No. 2: Abolishing the Constitution Revision Commission,NA,NOP,Yes for Approval,3140
Jefferson,Amendment No. 3: Additional Homestead Property Tax Exemption For Specified Critical Public Services Workforce,NA,NA,OverVotes,4
Jefferson,Amendment No. 3: Additional Homestead Property Tax Exemption For Specified Critical Public Services Workforce,NA,NA,UnderVotes,363
Jefferson,Amendment No. 3: Additional Homestead Property Tax Exemption For Specified Critical Public Services Workforce,NA,NOP,No for Rejection,3106
Jefferson,Amendment No. 3: Additional Homestead Property Tax Exemption For Specified Critical Public Services Workforce,NA,NOP,Yes for Approval,3679
Jefferson,Attorney General,NA,DEM,Aramis Ayala,2615
Jefferson,Attorney General,NA,NA,OverVotes,0
Jefferson,Attorney General,NA,NA,UnderVotes,78
Jefferson,Attorney General,NA,REP,Ashley Moody,4459
Jefferson,Chief Financial Officer,NA,DEM,Adam Hattersley,2697
Jefferson,Chief Financial Officer,NA,NA,OverVotes,0
Jefferson,Chief Financial Officer,NA,NA,UnderVotes,137
Jefferson,Chief Financial Officer,NA,REP,Jimmy Patronis,4318
Jefferson,Commissioner of Agriculture,NA,DEM,Naomi Esther Blemur,2734
Jefferson,Commissioner of Agriculture,NA,NA,OverVotes,0
Jefferson,Commissioner of Agriculture,NA,NA,UnderVotes,131
Jefferson,Commissioner of Agriculture,NA,REP,Wilton Simpson,4287
Jefferson,County Commissioner,2,DEM,Gene Hall,750
Jefferson,County Commissioner,2,LPF,Paul Henry,304
Jefferson,County Commissioner,2,NA,OverVotes,1
Jefferson,County Commissioner,2,NA,UnderVotes,30
Jefferson,County Commissioner,4,NA,OverVotes,0
Jefferson,County Commissioner,4,NA,UnderVotes,20
Jefferson,County Commissioner,4,NPA,Betsy Barfield,719
Jefferson,County Commissioner,4,REP,Austin Hosford,1033
Jefferson,Governor,NA,DEM,Crist / Hernandez,2776
Jefferson,Governor,NA,LPF,Roos / Rorabaugh,14
Jefferson,Governor,NA,NA,OverVotes,2
Jefferson,Governor,NA,NA,UnderVotes,23
Jefferson,Governor,NA,NPA,Gimenez / Gibson,27
Jefferson,Governor,NA,REP,DeSantis / Nuñez,4310
Jefferson,Registered Voters,NA,NA,NA,9622
Jefferson,Retention of Bo Winokur,First District Court of Appeal,NA,OverVotes,0
Jefferson,Retention of Bo Winokur,First District Court of Appeal,NA,UnderVotes,782
Jefferson,Retention of Bo Winokur,First District Court of Appeal,NOP,No,2376
Jefferson,Retention of Bo Winokur,First District Court of Appeal,NOP,Yes,3994
Jefferson,Retention of Bobby Long,First District Court of Appeal,NA,OverVotes,1
Jefferson,Retention of Bobby Long,First District Court of Appeal,NA,UnderVotes,792
Jefferson,Retention of Bobby Long,First District Court of Appeal,NOP,No,2212
Jefferson,Retention of Bobby Long,First District Court of Appeal,NOP,Yes,4147
Jefferson,Retention of Charles T. Canady,Justice of the Supreme Court,NA,OverVotes,0
Jefferson,Retention of Charles T. Canady,Justice of the Supreme Court,NA,UnderVotes,667
Jefferson,Retention of Charles T. Canady,Justice of the Supreme Court,NOP,No,2264
Jefferson,Retention of Charles T. Canady,Justice of the Supreme Court,NOP,Yes,4221
Jefferson,Retention of Jamie Grosshans,Justice of the Supreme Court,NA,OverVotes,1
Jefferson,Retention of Jamie Grosshans,Justice of the Supreme Court,NA,UnderVotes,721
Jefferson,Retention of Jamie Grosshans,Justice of the Supreme Court,NOP,No,2299
Jefferson,Retention of Jamie Grosshans,Justice of the Supreme Court,NOP,Yes,4131
Jefferson,Retention of John D. Couriel,Justice of the Supreme Court,NA,OverVotes,1
Jefferson,Retention of John D. Couriel,Justice of the Supreme Court,NA,UnderVotes,709
Jefferson,Retention of John D. Couriel,Justice of the Supreme Court,NOP,No,2336
Jefferson,Retention of John D. Couriel,Justice of the Supreme Court,NOP,Yes,4106
Jefferson,Retention of Jorge Labarga,Justice of the Supreme Court,NA,OverVotes,0
Jefferson,Retention of Jorge Labarga,Justice of the Supreme Court,NA,UnderVotes,699
Jefferson,Retention of Jorge Labarga,Justice of the Supreme Court,NOP,No,2729
Jefferson,Retention of Jorge Labarga,Justice of the Supreme Court,NOP,Yes,3724
Jefferson,Retention of Lori S. Rowe,First District Court of Appeal,NA,OverVotes,5
Jefferson,Retention of Lori S. Rowe,First District Court of Appeal,NA,UnderVotes,782
Jefferson,Retention of Lori S. Rowe,First District Court of Appeal,NOP,No,2161
Jefferson,Retention of Lori S. Rowe,First District Court of Appeal,NOP,Yes,4204
Jefferson,Retention of Ricky Polston,Justice of the Supreme Court,NA,OverVotes,2
Jefferson,Retention of Ricky Polston,Justice of the Supreme Court,NA,UnderVotes,721
Jefferson,Retention of Ricky Polston,Justice of the Supreme Court,NOP,No,2275
Jefferson,Retention of Ricky Polston,Justice of the Supreme Court,NOP,Yes,4154
Jefferson,Retention of Ross L. Bilbrey,First District Court of Appeal,NA,OverVotes,1
Jefferson,Retention of Ross L. Bilbrey,First District Court of Appeal,NA,UnderVotes,777
Jefferson,Retention of Ross L. Bilbrey,First District Court of Appeal,NOP,No,2246
Jefferson,Retention of Ross L. Bilbrey,First District Court of Appeal,NOP,Yes,4128
Jefferson,Retention of Susan Kelsey,First District Court of Appeal,NA,OverVotes,1
Jefferson,Retention of Susan Kelsey,First District Court of Appeal,NA,UnderVotes,802
Jefferson,Retention of Susan Kelsey,First District Court of Appeal,NOP,No,2204
Jefferson,Retention of Susan Kelsey,First District Court of Appeal,NOP,Yes,4145
Jefferson,State Senate,3,DEM,Loranne Ausley,2962
Jefferson,State Senate,3,NA,OverVotes,2
Jefferson,State Senate,3,NA,UnderVotes,74
Jefferson,State Senate,3,REP,Corey Simon,4114
Jefferson,Supervisor of Elections,NA,DEM,"Althera ""Thebo"" Johnson",2639
Jefferson,Supervisor of Elections,NA,NA,OverVotes,0
Jefferson,Supervisor of Elections,NA,NA,UnderVotes,114
Jefferson,Supervisor of Elections,NA,REP,Michelle Milligan,4399
Jefferson,U.S. House,2,DEM,Al Lawson,2973
Jefferson,U.S. House,2,NA,OverVotes,0
Jefferson,U.S. House,2,NA,UnderVotes,42
Jefferson,U.S. House,2,REP,Neal Dunn,4137
Jefferson,U.S. Senate,NA,DEM,Val Demings,2929
Jefferson,U.S. Senate,NA,LPF,Dennis Misigoy,24
Jefferson,U.S. Senate,NA,NA,OverVotes,1
Jefferson,U.S. Senate,NA,NA,UnderVotes,24
Jefferson,U.S. Senate,NA,NA,WriteinVotes,3
Jefferson,U.S. Senate,NA,NPA,Steven B. Grant,24
Jefferson,U.S. Senate,NA,NPA,Tuan TQ Nguyen,10
Jefferson,U.S. Senate,NA,REP,Marco Rubio,4137
Lafayette,Amendment No. 1: Limitation On Assessment of Real Property Used For Residential Purposes,NA,NA,OverVotes,2
Lafayette,Amendment No. 1: Limitation On Assessment of Real Property Used For Residential Purposes,NA,NA,UnderVotes,224
Lafayette,Amendment No. 1: Limitation On Assessment of Real Property Used For Residential Purposes,NA,NOP,No for Rejection,1400
Lafayette,Amendment No. 1: Limitation On Assessment of Real Property Used For Residential Purposes,NA,NOP,Yes for Approval,1295
Lafayette,Amendment No. 2: Abolishing the Constitution Revision Commission,NA,NA,OverVotes,3
Lafayette,Amendment No. 2: Abolishing the Constitution Revision Commission,NA,NA,UnderVotes,244
Lafayette,Amendment No. 2: Abolishing the Constitution Revision Commission,NA,NOP,No for Rejection,1347
Lafayette,Amendment No. 2: Abolishing the Constitution Revision Commission,NA,NOP,Yes for Approval,1327
Lafayette,Amendment No. 3: Additional Homestead Property Tax Exemption For Specified Critical Public Services Workforce,NA,NA,OverVotes,0
Lafayette,Amendment No. 3: Additional Homestead Property Tax Exemption For Specified Critical Public Services Workforce,NA,NA,UnderVotes,172
Lafayette,Amendment No. 3: Additional Homestead Property Tax Exemption For Specified Critical Public Services Workforce,NA,NOP,No for Rejection,1328
Lafayette,Amendment No. 3: Additional Homestead Property Tax Exemption For Specified Critical Public Services Workforce,NA,NOP,Yes for Approval,1421
Lafayette,Attorney General,NA,DEM,Aramis Ayala,273
Lafayette,Attorney General,NA,NA,OverVotes,1
Lafayette,Attorney General,NA,NA,UnderVotes,29
Lafayette,Attorney General,NA,REP,Ashley Moody,2618
Lafayette,Chief Financial Officer,NA,DEM,Adam Hattersley,320
Lafayette,Chief Financial Officer,NA,NA,OverVotes,0
Lafayette,Chief Financial Officer,NA,NA,UnderVotes,46
Lafayette,Chief Financial Officer,NA,REP,Jimmy Patronis,2555
Lafayette,Commissioner of Agriculture,NA,DEM,Naomi Esther Blemur,299
Lafayette,Commissioner of Agriculture,NA,NA,OverVotes,0
Lafayette,Commissioner of Agriculture,NA,NA,UnderVotes,38
Lafayette,Commissioner of Agriculture,NA,REP,Wilton Simpson,2584
Lafayette,Governor,NA,DEM,Crist / Hernandez,294
Lafayette,Governor,NA,LPF,Roos / Rorabaugh,4
Lafayette,Governor,NA,NA,OverVotes,0
Lafayette,Governor,NA,NA,UnderVotes,3
Lafayette,Governor,NA,NPA,Gimenez / Gibson,3
Lafayette,Governor,NA,REP,DeSantis / Nuñez,2617
Lafayette,Registered Voters,NA,NA,NA,4544
Lafayette,Retention of Bo Winokur,First District Court of Appeal,NA,OverVotes,3
Lafayette,Retention of Bo Winokur,First District Court of Appeal,NA,UnderVotes,297
Lafayette,Retention of Bo Winokur,First District Court of Appeal,NOP,No,952
Lafayette,Retention of Bo Winokur,First District Court of Appeal,NOP,Yes,1669
Lafayette,Retention of Bobby Long,First District Court of Appeal,NA,OverVotes,2
Lafayette,Retention of Bobby Long,First District Court of Appeal,NA,UnderVotes,292
Lafayette,Retention of Bobby Long,First District Court of Appeal,NOP,No,887
Lafayette,Retention of Bobby Long,First District Court of Appeal,NOP,Yes,1740
Lafayette,Retention of Charles T. Canady,Justice of the Supreme Court,NA,OverVotes,3
Lafayette,Retention of Charles T. Canady,Justice of the Supreme Court,NA,UnderVotes,272
Lafayette,Retention of Charles T. Canady,Justice of the Supreme Court,NOP,No,1004
Lafayette,Retention of Charles T. Canady,Justice of the Supreme Court,NOP,Yes,1642
Lafayette,Retention of Jamie Grosshans,Justice of the Supreme Court,NA,OverVotes,2
Lafayette,Retention of Jamie Grosshans,Justice of the Supreme Court,NA,UnderVotes,283
Lafayette,Retention of Jamie Grosshans,Justice of the Supreme Court,NOP,No,900
Lafayette,Retention of Jamie Grosshans,Justice of the Supreme Court,NOP,Yes,1736
Lafayette,Retention of John D. Couriel,Justice of the Supreme Court,NA,OverVotes,1
Lafayette,Retention of John D. Couriel,Justice of the Supreme Court,NA,UnderVotes,283
Lafayette,Retention of John D. Couriel,Justice of the Supreme Court,NOP,No,875
Lafayette,Retention of John D. Couriel,Justice of the Supreme Court,NOP,Yes,1762
Lafayette,Retention of Jorge Labarga,Justice of the Supreme Court,NA,OverVotes,2
Lafayette,Retention of Jorge Labarga,Justice of the Supreme Court,NA,UnderVotes,290
Lafayette,Retention of Jorge Labarga,Justice of the Supreme Court,NOP,No,1330
Lafayette,Retention of Jorge Labarga,Justice of the Supreme Court,NOP,Yes,1299
Lafayette,Retention of Lori S. Rowe,First District Court of Appeal,NA,OverVotes,3
Lafayette,Retention of Lori S. Rowe,First District Court of Appeal,NA,UnderVotes,298
Lafayette,Retention of Lori S. Rowe,First District Court of Appeal,NOP,No,1062
Lafayette,Retention of Lori S. Rowe,First District Court of Appeal,NOP,Yes,1558
Lafayette,Retention of Ricky Polston,Justice of the Supreme Court,NA,OverVotes,1
Lafayette,Retention of Ricky Polston,Justice of the Supreme Court,NA,UnderVotes,282
Lafayette,Retention of Ricky Polston,Justice of the Supreme Court,NOP,No,1067
Lafayette,Retention of Ricky Polston,Justice of the Supreme Court,NOP,Yes,1571
Lafayette,Retention of Ross L. Bilbrey,First District Court of Appeal,NA,OverVotes,3
Lafayette,Retention of Ross L. Bilbrey,First District Court of Appeal,NA,UnderVotes,283
Lafayette,Retention of Ross L. Bilbrey,First District Court of Appeal,NOP,No,953
Lafayette,Retention of Ross L. Bilbrey,First District Court of Appeal,NOP,Yes,1682
Lafayette,Retention of Susan Kelsey,First District Court of Appeal,NA,OverVotes,3
Lafayette,Retention of Susan Kelsey,First District Court of Appeal,NA,UnderVotes,294
Lafayette,Retention of Susan Kelsey,First District Court of Appeal,NOP,No,962
Lafayette,Retention of Susan Kelsey,First District Court of Appeal,NOP,Yes,1662
Lafayette,School Board,3,NA,OverVotes,1
Lafayette,School Board,3,NA,UnderVotes,82
Lafayette,School Board,3,NOP,Marion McCray,1601
Lafayette,School Board,3,NOP,Mary Anne Koon McCray,1237
Lafayette,State Senate,3,DEM,Loranne Ausley,330
Lafayette,State Senate,3,NA,OverVotes,0
Lafayette,State Senate,3,NA,UnderVotes,58
Lafayette,State Senate,3,REP,Corey Simon,2533
Lafayette,U.S. House,2,DEM,Al Lawson,10
Lafayette,U.S. House,2,NA,OverVotes,0
Lafayette,U.S. House,2,NA,UnderVotes,1
Lafayette,U.S. House,2,REP,Neal Dunn,115
Lafayette,U.S. House,3,DEM,Danielle Hawk,287
Lafayette,U.S. House,3,NA,OverVotes,0
Lafayette,U.S. House,3,NA,UnderVotes,24
Lafayette,U.S. House,3,NPA,Linda S. Brooks,28
Lafayette,U.S. House,3,REP,Kat Cammack,2456
Lafayette,U.S. Senate,NA,DEM,Val Demings,348
Lafayette,U.S. Senate,NA,LPF,Dennis Misigoy,11
Lafayette,U.S. Senate,NA,NA,OverVotes,1
Lafayette,U.S. Senate,NA,NA,UnderVotes,12
Lafayette,U.S. Senate,NA,NA,WriteinVotes,1
Lafayette,U.S. Senate,NA,NPA,Steven B. Grant,22
Lafayette,U.S. Senate,NA,NPA,Tuan TQ Nguyen,5
Lafayette,U.S. Senate,NA,REP,Marco Rubio,2521
Lake,Amendment No. 1: Limitation On Assessment of Real Property Used For Residential Purposes,NA,NA,OverVotes,74
Lake,Amendment No. 1: Limitation On Assessment of Real Property Used For Residential Purposes,NA,NA,UnderVotes,15036
Lake,Amendment No. 1: Limitation On Assessment of Real Property Used For Residential Purposes,NA,NOP,No for Rejection,61355
Lake,Amendment No. 1: Limitation On Assessment of Real Property Used For Residential Purposes,NA,NOP,Yes for Approval,84059
Lake,Amendment No. 2: Abolishing the Constitution Revision Commission,NA,NA,OverVotes,92
Lake,Amendment No. 2: Abolishing the Constitution Revision Commission,NA,NA,UnderVotes,13238
Lake,Amendment No. 2: Abolishing the Constitution Revision Commission,NA,NOP,No for Rejection,60581
Lake,Amendment No. 2: Abolishing the Constitution Revision Commission,NA,NOP,Yes for Approval,86118
Lake,Amendment No. 3: Additional Homestead Property Tax Exemption For Specified Critical Public Services Workforce,NA,NA,OverVotes,68
Lake,Amendment No. 3: Additional Homestead Property Tax Exemption For Specified Critical Public Services Workforce,NA,NA,UnderVotes,8023
Lake,Amendment No. 3: Additional Homestead Property Tax Exemption For Specified Critical Public Services Workforce,NA,NOP,No for Rejection,60835
Lake,Amendment No. 3: Additional Homestead Property Tax Exemption For Specified Critical Public Services Workforce,NA,NOP,Yes for Approval,91103
Lake,Arlington Ridge Community Development District,Seat 4,NA,OverVotes,3
Lake,Arlington Ridge Community Development District,Seat 4,NA,UnderVotes,116
Lake,Arlington Ridge Community Development District,Seat 4,NOP,Stephen J. Braun,634
Lake,Arlington Ridge Community Development District,Seat 4,NOP,Ted O. Kostich,776
Lake,Arlington Ridge Community Development District,Seat 5,NA,OverVotes,0
Lake,Arlington Ridge Community Development District,Seat 5,NA,UnderVotes,104
Lake,Arlington Ridge Community Development District,Seat 5,NOP,Bob Hoover,1005
Lake,Arlington Ridge Community Development District,Seat 5,NOP,Carol A. DiCicco,420
Lake,Attorney General,NA,DEM,Aramis Ayala,49055
Lake,Attorney General,NA,NA,OverVotes,13
Lake,Attorney General,NA,NA,UnderVotes,2258
Lake,Attorney General,NA,REP,Ashley Moody,109246
Lake,Chief Financial Officer,NA,DEM,Adam Hattersley,52205
Lake,Chief Financial Officer,NA,NA,OverVotes,8
Lake,Chief Financial Officer,NA,NA,UnderVotes,3565
Lake,Chief Financial Officer,NA,REP,Jimmy Patronis,104794
Lake,Commissioner of Agriculture,NA,DEM,Naomi Esther Blemur,52147
Lake,Commissioner of Agriculture,NA,NA,OverVotes,29
Lake,Commissioner of Agriculture,NA,NA,UnderVotes,3502
Lake,Commissioner of Agriculture,NA,REP,Wilton Simpson,104894
Lake,County Commissioner,2,NA,OverVotes,25
Lake,County Commissioner,2,NA,UnderVotes,38317
Lake,County Commissioner,2,NA,WriteinVotes,330
Lake,County Commissioner,2,REP,Sean M. Parks,121900
Lake,Governor,NA,DEM,Crist / Hernandez,52579
Lake,Governor,NA,LPF,Roos / Rorabaugh,367
Lake,Governor,NA,NA,OverVotes,46
Lake,Governor,NA,NA,UnderVotes,366
Lake,Governor,NA,NPA,Gimenez / Gibson,636
Lake,Governor,NA,REP,DeSantis / Nuñez,106578
Lake,Lake Soil and Water Conservation District,Group 1,NA,OverVotes,32
Lake,Lake Soil and Water Conservation District,Group 1,NA,UnderVotes,32612
Lake,Lake Soil and Water Conservation District,Group 1,NOP,Carlos Lugo,45525
Lake,Lake Soil and Water Conservation District,Group 1,NOP,Matthew Griffin,82403
Lake,Registered Voters,NA,NA,NA,276151
Lake,Retention of Brian D. Lambert,Fifth District Court of Appeal,NA,OverVotes,26
Lake,Retention of Brian D. Lambert,Fifth District Court of Appeal,NA,UnderVotes,22687
Lake,Retention of Brian D. Lambert,Fifth District Court of Appeal,NOP,No,38100
Lake,Retention of Brian D. Lambert,Fifth District Court of Appeal,NOP,Yes,99759
Lake,Retention of Carrie Ann Wozniak,Fifth District Court of Appeal,NA,OverVotes,15
Lake,Retention of Carrie Ann Wozniak,Fifth District Court of Appeal,NA,UnderVotes,26242
Lake,Retention of Carrie Ann Wozniak,Fifth District Court of Appeal,NOP,No,38315
Lake,Retention of Carrie Ann Wozniak,Fifth District Court of Appeal,NOP,Yes,96000
Lake,Retention of Charles T. Canady,Justice of the Supreme Court,NA,OverVotes,57
Lake,Retention of Charles T. Canady,Justice of the Supreme Court,NA,UnderVotes,19989
Lake,Retention of Charles T. Canady,Justice of the Supreme Court,NOP,No,44888
Lake,Retention of Charles T. Canady,Justice of the Supreme Court,NOP,Yes,95638
Lake,Retention of Dan Traver,Fifth District Court of Appeal,NA,OverVotes,30
Lake,Retention of Dan Traver,Fifth District Court of Appeal,NA,UnderVotes,25459
Lake,Retention of Dan Traver,Fifth District Court of Appeal,NOP,No,38949
Lake,Retention of Dan Traver,Fifth District Court of Appeal,NOP,Yes,96134
Lake,Retention of James A. Edwards,Fifth District Court of Appeal,NA,OverVotes,76
Lake,Retention of James A. Edwards,Fifth District Court of Appeal,NA,UnderVotes,23138
Lake,Retention of James A. Edwards,Fifth District Court of Appeal,NOP,No,37311
Lake,Retention of James A. Edwards,Fifth District Court of Appeal,NOP,Yes,100047
Lake,Retention of Jamie Grosshans,Justice of the Supreme Court,NA,OverVotes,81
Lake,Retention of Jamie Grosshans,Justice of the Supreme Court,NA,UnderVotes,20506
Lake,Retention of Jamie Grosshans,Justice of the Supreme Court,NOP,No,43239
Lake,Retention of Jamie Grosshans,Justice of the Supreme Court,NOP,Yes,96746
Lake,Retention of Jay Cohen,Fifth District Court of Appeal,NA,OverVotes,91
Lake,Retention of Jay Cohen,Fifth District Court of Appeal,NA,UnderVotes,22526
Lake,Retention of Jay Cohen,Fifth District Court of Appeal,NOP,No,48943
Lake,Retention of Jay Cohen,Fifth District Court of Appeal,NOP,Yes,89012
Lake,Retention of John D. Couriel,Justice of the Supreme Court,NA,OverVotes,23
Lake,Retention of John D. Couriel,Justice of the Supreme Court,NA,UnderVotes,20377
Lake,Retention of John D. Couriel,Justice of the Supreme Court,NOP,No,43604
Lake,Retention of John D. Couriel,Justice of the Supreme Court,NOP,Yes,96568
Lake,Retention of Jorge Labarga,Justice of the Supreme Court,NA,OverVotes,89
Lake,Retention of Jorge Labarga,Justice of the Supreme Court,NA,UnderVotes,21113
Lake,Retention of Jorge Labarga,Justice of the Supreme Court,NOP,No,48367
Lake,Retention of Jorge Labarga,Justice of the Supreme Court,NOP,Yes,91003
Lake,Retention of Mary Nardella,Fifth District Court of Appeal,NA,OverVotes,88
Lake,Retention of Mary Nardella,Fifth District Court of Appeal,NA,UnderVotes,24178
Lake,Retention of Mary Nardella,Fifth District Court of Appeal,NOP,No,39795
Lake,Retention of Mary Nardella,Fifth District Court of Appeal,NOP,Yes,96511
Lake,Retention of Ricky Polston,Justice of the Supreme Court,NA,OverVotes,55
Lake,Retention of Ricky Polston,Justice of the Supreme Court,NA,UnderVotes,21507
Lake,Retention of Ricky Polston,Justice of the Supreme Court,NOP,No,49637
Lake,Retention of Ricky Polston,Justice of the Supreme Court,NOP,Yes,89373
Lake,School Board,2,NA,OverVotes,83
Lake,School Board,2,NA,UnderVotes,28073
Lake,School Board,2,NOP,Jim Miller,56141
Lake,School Board,2,NOP,Tyler Brandeburg,76275
Lake,State House,25,NA,OverVotes,9
Lake,State House,25,NA,UnderVotes,4617
Lake,State House,25,NPA,Banks Helfrich,23969
Lake,State House,25,REP,Taylor Yarkosky,46542
Lake,State House,26,DEM,Linda Kero,23001
Lake,State House,26,NA,OverVotes,6
Lake,State House,26,NA,UnderVotes,1804
Lake,State House,26,REP,Keith Truenow,48210
Lake,State Senate,13,DEM,Stephanie L. Dukes,54072
Lake,State Senate,13,NA,OverVotes,14
Lake,State Senate,13,NA,UnderVotes,4233
Lake,State Senate,13,REP,Dennis Baxley,102253
Lake,U.S. House,11,DEM,Shante Munns,36029
Lake,U.S. House,11,NA,OverVotes,15
Lake,U.S. House,11,NA,UnderVotes,1291
Lake,U.S. House,11,NPA,Kevin Porter,1894
Lake,U.S. House,11,REP,Daniel Webster,71080
Lake,U.S. House,6,LPF,"Joseph ""Joe"" Hannoush",10717
Lake,U.S. House,6,NA,OverVotes,3
Lake,U.S. House,6,NA,UnderVotes,3561
Lake,U.S. House,6,REP,Michael Waltz,35982
Lake,U.S. Senate,NA,DEM,Val Demings,55377
Lake,U.S. Senate,NA,LPF,Dennis Misigoy,619
Lake,U.S. Senate,NA,NA,OverVotes,36
Lake,U.S. Senate,NA,NA,UnderVotes,523
Lake,U.S. Senate,NA,NA,WriteinVotes,3
Lake,U.S. Senate,NA,NPA,Steven B. Grant,624
Lake,U.S. Senate,NA,NPA,Tuan TQ Nguyen,287
Lake,U.S. Senate,NA,REP,Marco Rubio,103103
Lee,Amendment No. 1: Limitation On Assessment of Real Property Used For Residential Purposes,NA,NA,OverVotes,15
Lee,Amendment No. 1: Limitation On Assessment of Real Property Used For Residential Purposes,NA,NA,UnderVotes,32889
Lee,Amendment No. 1: Limitation On Assessment of Real Property Used For Residential Purposes,NA,NOP,No for Rejection,91461
Lee,Amendment No. 1: Limitation On Assessment of Real Property Used For Residential Purposes,NA,NOP,Yes for Approval,151716
Lee,Amendment No. 2: Abolishing the Constitution Revision Commission,NA,NA,OverVotes,20
Lee,Amendment No. 2: Abolishing the Constitution Revision Commission,NA,NA,UnderVotes,40194
Lee,Amendment No. 2: Abolishing the Constitution Revision Commission,NA,NOP,No for Rejection,86497
Lee,Amendment No. 2: Abolishing the Constitution Revision Commission,NA,NOP,Yes for Approval,149370
Lee,Amendment No. 3: Additional Homestead Property Tax Exemption For Specified Critical Public Services Workforce,NA,NA,OverVotes,11
Lee,Amendment No. 3: Additional Homestead Property Tax Exemption For Specified Critical Public Services Workforce,NA,NA,UnderVotes,26726
Lee,Amendment No. 3: Additional Homestead Property Tax Exemption For Specified Critical Public Services Workforce,NA,NOP,No for Rejection,85127
Lee,Amendment No. 3: Additional Homestead Property Tax Exemption For Specified Critical Public Services Workforce,NA,NOP,Yes for Approval,164217
Lee,Attorney General,NA,DEM,Aramis Ayala,83426
Lee,Attorney General,NA,NA,OverVotes,3
Lee,Attorney General,NA,NA,UnderVotes,5475
Lee,Attorney General,NA,REP,Ashley Moody,187177
Lee,Bonita Springs Fire Control and Rescue District,Seat 1,NA,OverVotes,1
Lee,Bonita Springs Fire Control and Rescue District,Seat 1,NA,UnderVotes,8614
Lee,Bonita Springs Fire Control and Rescue District,Seat 1,NOP,Ed Bradford,7394
Lee,Bonita Springs Fire Control and Rescue District,Seat 1,NOP,James P. Murphy,9289
Lee,Bonita Springs Fire Control and Rescue District,Seat 5,NA,OverVotes,1
Lee,Bonita Springs Fire Control and Rescue District,Seat 5,NA,UnderVotes,9205
Lee,Bonita Springs Fire Control and Rescue District,Seat 5,NOP,Lawrence P. Kosilla Jr,7350
Lee,Bonita Springs Fire Control and Rescue District,Seat 5,NOP,Tommy Hugo,8742
Lee,Chief Financial Officer,NA,DEM,Adam Hattersley,84378
Lee,Chief Financial Officer,NA,NA,OverVotes,5
Lee,Chief Financial Officer,NA,NA,UnderVotes,8279
Lee,Chief Financial Officer,NA,REP,Jimmy Patronis,183419
Lee,Commissioner of Agriculture,NA,DEM,Naomi Esther Blemur,85482
Lee,Commissioner of Agriculture,NA,NA,OverVotes,2
Lee,Commissioner of Agriculture,NA,NA,UnderVotes,8634
Lee,Commissioner of Agriculture,NA,REP,Wilton Simpson,181963
Lee,County Commissioner,2,NA,OverVotes,17
Lee,County Commissioner,2,NA,UnderVotes,54100
Lee,County Commissioner,2,NA,WriteinVotes,14862
Lee,County Commissioner,2,REP,Cecil Pendergrass,207104
Lee,County Commissioner,4,NA,OverVotes,10
Lee,County Commissioner,4,NA,UnderVotes,57016
Lee,County Commissioner,4,NA,WriteinVotes,13502
Lee,County Commissioner,4,REP,Brian Hamman,205554
Lee,County Commissioner,5,DEM,"Matthew ""Matt"" Wood",83180
Lee,County Commissioner,5,NA,OverVotes,12
Lee,County Commissioner,5,NA,UnderVotes,10220
Lee,County Commissioner,5,NA,WriteinVotes,337
Lee,County Commissioner,5,REP,Mike Greenwell,182335
Lee,Cypress Shadows Community Development District,Seat 2,NA,OverVotes,0
Lee,Cypress Shadows Community Development District,Seat 2,NA,UnderVotes,85
Lee,Cypress Shadows Community Development District,Seat 2,NOP,Donald E. Lozzi,312
Lee,Cypress Shadows Community Development District,Seat 2,NOP,Scott Faden,161
Lee,Governor,NA,DEM,Crist / Hernandez,84739
Lee,Governor,NA,LPF,Roos / Rorabaugh,458
Lee,Governor,NA,NA,OverVotes,34
Lee,Governor,NA,NA,UnderVotes,808
Lee,Governor,NA,NPA,Gimenez / Gibson,707
Lee,Governor,NA,REP,DeSantis / Nuñez,189335
Lee,Lee Memorial Health System Board of Directors,3,NA,OverVotes,15
Lee,Lee Memorial Health System Board of Directors,3,NA,UnderVotes,80395
Lee,Lee Memorial Health System Board of Directors,3,NOP,Bill Ribble,60153
Lee,Lee Memorial Health System Board of Directors,3,NOP,David H. Klein,135518
Lee,Lee Memorial Health System Board of Directors,4 (Vote for 2),NA,OverVotes,44
Lee,Lee Memorial Health System Board of Directors,4 (Vote for 2),NA,UnderVotes,251253
Lee,Lee Memorial Health System Board of Directors,4 (Vote for 2),NOP,Dane Allen,84265
Lee,Lee Memorial Health System Board of Directors,4 (Vote for 2),NOP,Diane Champion,88984
Lee,Lee Memorial Health System Board of Directors,4 (Vote for 2),NOP,Mary Clouse,68762
Lee,Lee Memorial Health System Board of Directors,4 (Vote for 2),NOP,Randy Allen-Scott,58854
Lee,Lehigh Acres Fire Control and Rescue District,Seat 2,NA,OverVotes,26
Lee,Lehigh Acres Fire Control and Rescue District,Seat 2,NA,UnderVotes,4031
Lee,Lehigh Acres Fire Control and Rescue District,Seat 2,NOP,Linda R. Carter,10447
Lee,Lehigh Acres Fire Control and Rescue District,Seat 2,NOP,Moe Yasin,1844
Lee,Lehigh Acres Fire Control and Rescue District,Seat 2,NOP,Taruas Anthony Pugh,3578
Lee,Lehigh Acres Fire Control and Rescue District,Seat 5,NA,OverVotes,2
Lee,Lehigh Acres Fire Control and Rescue District,Seat 5,NA,UnderVotes,4152
Lee,Lehigh Acres Fire Control and Rescue District,Seat 5,NOP,Cia Gomez-Sherman,8149
Lee,Lehigh Acres Fire Control and Rescue District,Seat 5,NOP,Tyler Woodby,7623
Lee,Lehigh Acres Municipal Services Improvement District,Seat 2,NA,OverVotes,12
Lee,Lehigh Acres Municipal Services Improvement District,Seat 2,NA,UnderVotes,3689
Lee,Lehigh Acres Municipal Services Improvement District,Seat 2,NOP,David A. Lenahan II,2226
Lee,Lehigh Acres Municipal Services Improvement District,Seat 2,NOP,David Deetscreek,5681
Lee,Lehigh Acres Municipal Services Improvement District,Seat 2,NOP,Julie Camp,8391
Lee,Lehigh Acres Municipal Services Improvement District,Seat 4,NA,OverVotes,2
Lee,Lehigh Acres Municipal Services Improvement District,Seat 4,NA,UnderVotes,3581
Lee,Lehigh Acres Municipal Services Improvement District,Seat 4,NOP,Chris Sola-Martinez,3380
Lee,Lehigh Acres Municipal Services Improvement District,Seat 4,NOP,Mike Bonacolta,8303
Lee,Lehigh Acres Municipal Services Improvement District,Seat 4,NOP,Tim Cooley,4733
Lee,Lucaya Community Development District,Seat 4,NA,OverVotes,0
Lee,Lucaya Community Development District,Seat 4,NA,UnderVotes,14
Lee,Lucaya Community Development District,Seat 4,NOP,Fred Wiemer,82
Lee,Lucaya Community Development District,Seat 4,NOP,Robert Edward Davis,69
Lee,Lucaya Community Development District,Seat 5,NA,OverVotes,0
Lee,Lucaya Community Development District,Seat 5,NA,UnderVotes,13
Lee,Lucaya Community Development District,Seat 5,NOP,Mark E. Fitzgerald,90
Lee,Lucaya Community Development District,Seat 5,NOP,Theresa Cleland,62
Lee,Matlacha/Pine Island Fire Control District,Seat 4,NA,OverVotes,4
Lee,Matlacha/Pine Island Fire Control District,Seat 4,NA,UnderVotes,1025
Lee,Matlacha/Pine Island Fire Control District,Seat 4,NOP,Ara Hagopian,340
Lee,Matlacha/Pine Island Fire Control District,Seat 4,NOP,Gary L. Stone,993
Lee,Matlacha/Pine Island Fire Control District,Seat 4,NOP,John E. Cammick,2215
Lee,Moody River Estates Community Development District,Seat 1,NA,OverVotes,0
Lee,Moody River Estates Community Development District,Seat 1,NA,UnderVotes,108
Lee,Moody River Estates Community Development District,Seat 1,NOP,Chris Jenner,445
Lee,Moody River Estates Community Development District,Seat 1,NOP,Juliann Canoura,192
Lee,Moody River Estates Community Development District,Seat 5,NA,OverVotes,0
Lee,Moody River Estates Community Development District,Seat 5,NA,UnderVotes,114
Lee,Moody River Estates Community Development District,Seat 5,NOP,Omar Abdoe,125
Lee,Moody River Estates Community Development District,Seat 5,NOP,Steven Laliberte,240
Lee,Moody River Estates Community Development District,Seat 5,NOP,William F. Krukowski,266
Lee,Paseo Community Development District,Seat 1,NA,OverVotes,0
Lee,Paseo Community Development District,Seat 1,NA,UnderVotes,127
Lee,Paseo Community Development District,Seat 1,NOP,Bill Kirrane,194
Lee,Paseo Community Development District,Seat 1,NOP,David W. Cabell,404
Lee,Paseo Community Development District,Seat 2,NA,OverVotes,0
Lee,Paseo Community Development District,Seat 2,NA,UnderVotes,141
Lee,Paseo Community Development District,Seat 2,NOP,Debra S. Johnson,376
Lee,Paseo Community Development District,Seat 2,NOP,James J. Morris,208
Lee,Registered Voters,NA,NA,NA,518035
Lee,Retention of Charles T. Canady,Justice of the Supreme Court,NA,OverVotes,24
Lee,Retention of Charles T. Canady,Justice of the Supreme Court,NA,UnderVotes,46508
Lee,Retention of Charles T. Canady,Justice of the Supreme Court,NOP,No,67076
Lee,Retention of Charles T. Canady,Justice of the Supreme Court,NOP,Yes,162473
Lee,Retention of Craig C. Villanti,Second District Court of Appeal,NA,OverVotes,12
Lee,Retention of Craig C. Villanti,Second District Court of Appeal,NA,UnderVotes,62661
Lee,Retention of Craig C. Villanti,Second District Court of Appeal,NOP,No,64458
Lee,Retention of Craig C. Villanti,Second District Court of Appeal,NOP,Yes,148950
Lee,Retention of Jamie Grosshans,Justice of the Supreme Court,NA,OverVotes,18
Lee,Retention of Jamie Grosshans,Justice of the Supreme Court,NA,UnderVotes,50772
Lee,Retention of Jamie Grosshans,Justice of the Supreme Court,NOP,No,62887
Lee,Retention of Jamie Grosshans,Justice of the Supreme Court,NOP,Yes,162404
Lee,Retention of John D. Couriel,Justice of the Supreme Court,NA,OverVotes,12
Lee,Retention of John D. Couriel,Justice of the Supreme Court,NA,UnderVotes,49189
Lee,Retention of John D. Couriel,Justice of the Supreme Court,NOP,No,63467
Lee,Retention of John D. Couriel,Justice of the Supreme Court,NOP,Yes,163413
Lee,Retention of John K. Stargel,Second District Court of Appeal,NA,OverVotes,17
Lee,Retention of John K. Stargel,Second District Court of Appeal,NA,UnderVotes,61891
Lee,Retention of John K. Stargel,Second District Court of Appeal,NOP,No,57757
Lee,Retention of John K. Stargel,Second District Court of Appeal,NOP,Yes,156416
Lee,Retention of Jorge Labarga,Justice of the Supreme Court,NA,OverVotes,27
Lee,Retention of Jorge Labarga,Justice of the Supreme Court,NA,UnderVotes,51191
Lee,Retention of Jorge Labarga,Justice of the Supreme Court,NOP,No,72648
Lee,Retention of Jorge Labarga,Justice of the Supreme Court,NOP,Yes,152215
Lee,Retention of Matt Lucas,Second District Court of Appeal,NA,OverVotes,10
Lee,Retention of Matt Lucas,Second District Court of Appeal,NA,UnderVotes,60030
Lee,Retention of Matt Lucas,Second District Court of Appeal,NOP,No,57804
Lee,Retention of Matt Lucas,Second District Court of Appeal,NOP,Yes,158237
Lee,Retention of Nelly N. Khouzam,Second District Court of Appeal,NA,OverVotes,17
Lee,Retention of Nelly N. Khouzam,Second District Court of Appeal,NA,UnderVotes,58104
Lee,Retention of Nelly N. Khouzam,Second District Court of Appeal,NOP,No,61043
Lee,Retention of Nelly N. Khouzam,Second District Court of Appeal,NOP,Yes,156917
Lee,Retention of Patricia Joan Kelly,Second District Court of Appeal,NA,OverVotes,18
Lee,Retention of Patricia Joan Kelly,Second District Court of Appeal,NA,UnderVotes,55215
Lee,Retention of Patricia Joan Kelly,Second District Court of Appeal,NOP,No,61977
Lee,Retention of Patricia Joan Kelly,Second District Court of Appeal,NOP,Yes,158871
Lee,Retention of Ricky Polston,Justice of the Supreme Court,NA,OverVotes,23
Lee,Retention of Ricky Polston,Justice of the Supreme Court,NA,UnderVotes,52284
Lee,Retention of Ricky Polston,Justice of the Supreme Court,NOP,No,68732
Lee,Retention of Ricky Polston,Justice of the Supreme Court,NOP,Yes,155042
Lee,Retention of Robert Morris,Second District Court of Appeal,NA,OverVotes,16
Lee,Retention of Robert Morris,Second District Court of Appeal,NA,UnderVotes,60983
Lee,Retention of Robert Morris,Second District Court of Appeal,NOP,No,67638
Lee,Retention of Robert Morris,Second District Court of Appeal,NOP,Yes,147444
Lee,Retention of Stevan Travis Northcutt,Second District Court of Appeal,NA,OverVotes,17
Lee,Retention of Stevan Travis Northcutt,Second District Court of Appeal,NA,UnderVotes,61639
Lee,Retention of Stevan Travis Northcutt,Second District Court of Appeal,NOP,No,73913
Lee,Retention of Stevan Travis Northcutt,Second District Court of Appeal,NOP,Yes,140512
Lee,Retention of Suzanne Y. Labrit,Second District Court of Appeal,NA,OverVotes,19
Lee,Retention of Suzanne Y. Labrit,Second District Court of Appeal,NA,UnderVotes,59179
Lee,Retention of Suzanne Y. Labrit,Second District Court of Appeal,NOP,No,55679
Lee,Retention of Suzanne Y. Labrit,Second District Court of Appeal,NOP,Yes,161204
Lee,River Hall Community Development District,Seat 4,NA,OverVotes,0
Lee,River Hall Community Development District,Seat 4,NA,UnderVotes,242
Lee,River Hall Community Development District,Seat 4,NOP,Douglas Mitro,416
Lee,River Hall Community Development District,Seat 4,NOP,Robert Stark,848
Lee,River Hall Community Development District,Seat 5,NA,OverVotes,0
Lee,River Hall Community Development District,Seat 5,NA,UnderVotes,220
Lee,River Hall Community Development District,Seat 5,NOP,Bob Lorenzen,575
Lee,River Hall Community Development District,Seat 5,NOP,Daniel J. Block,711
Lee,Sanibel Public Library District,Seat 2,NA,OverVotes,4
Lee,Sanibel Public Library District,Seat 2,NA,UnderVotes,943
Lee,Sanibel Public Library District,Seat 2,NOP,Chelsea F. Sweiss,600
Lee,Sanibel Public Library District,Seat 2,NOP,Susan Holly,1984
Lee,Sanibel Public Library District,Seat 5,NA,OverVotes,1
Lee,Sanibel Public Library District,Seat 5,NA,UnderVotes,1004
Lee,Sanibel Public Library District,Seat 5,NOP,Barbara Ruben,1788
Lee,Sanibel Public Library District,Seat 5,NOP,Jude Sincoskie,738
Lee,Sanibel Public Library District,Seat 7,NA,OverVotes,1
Lee,Sanibel Public Library District,Seat 7,NA,UnderVotes,906
Lee,Sanibel Public Library District,Seat 7,NOP,Richard Dylan Murphy,839
Lee,Sanibel Public Library District,Seat 7,NOP,Roy Gibson,1785
Lee,School Board,1,NA,OverVotes,5
Lee,School Board,1,NA,UnderVotes,11806
Lee,School Board,1,NOP,Kathy Fanny,24644
Lee,School Board,1,NOP,Sam Fisher,26434
Lee,School Board,4,NA,OverVotes,1
Lee,School Board,4,NA,UnderVotes,8249
Lee,School Board,4,NOP,Dan Severson,15771
Lee,School Board,4,NOP,Debbie Jordan,19732
Lee,School Board,6,NA,OverVotes,27
Lee,School Board,6,NA,UnderVotes,59717
Lee,School Board,6,NOP,Denise Nystrom,104857
Lee,School Board,6,NOP,Jada Langford Fleming,111480
Lee,South Trail Fire Protection and Rescue Service District,Seat 1,NA,OverVotes,2
Lee,South Trail Fire Protection and Rescue Service District,Seat 1,NA,UnderVotes,6812
Lee,South Trail Fire Protection and Rescue Service District,Seat 1,NOP,A. Kenneth Brown Jr,9459
Lee,South Trail Fire Protection and Rescue Service District,Seat 1,NOP,Alycia Wolfe,6756
Lee,State House,77,DEM,Eric Engelhart,15388
Lee,State House,77,NA,OverVotes,0
Lee,State House,77,NA,UnderVotes,1269
Lee,State House,77,REP,Tiffany Esposito,31774
Lee,State House,78,DEM,Howard Sapp,23401
Lee,State House,78,NA,OverVotes,5
Lee,State House,78,NA,UnderVotes,2391
Lee,State House,78,REP,Jenna Persons-Mulicka,39416
Lee,State House,80,DEM,Mitchel Schlayer,18661
Lee,State House,80,NA,OverVotes,3
Lee,State House,80,NA,UnderVotes,2418
Lee,State House,80,REP,Adam Botana,44208
Lee,State Senate,27,DEM,Christopher Proia,9125
Lee,State Senate,27,NA,OverVotes,0
Lee,State Senate,27,NA,UnderVotes,976
Lee,State Senate,27,REP,Ben Albritton Jr,21474
Lee,State Senate,33,NA,OverVotes,13
Lee,State Senate,33,NA,UnderVotes,47012
Lee,State Senate,33,NA,WriteinVotes,7241
Lee,State Senate,33,REP,Jonathan Martin,149922
Lee,Tice Fire Protection and Rescue Service District,Seat 5,NA,OverVotes,0
Lee,Tice Fire Protection and Rescue Service District,Seat 5,NA,UnderVotes,1095
Lee,Tice Fire Protection and Rescue Service District,Seat 5,NOP,James H. Burgess,2334
Lee,Tice Fire Protection and Rescue Service District,Seat 5,NOP,Rudy Naranjo,694
Lee,U.S. House,17,DEM,Andrea Doria Kale,12516
Lee,U.S. House,17,NA,OverVotes,0
Lee,U.S. House,17,NA,UnderVotes,807
Lee,U.S. House,17,NPA,"Theodore ""Pink Tie"" Murray",312
Lee,U.S. House,17,REP,Greg Steube,27215
Lee,U.S. House,19,DEM,Cindy Banyai,76027
Lee,U.S. House,19,NA,OverVotes,9
Lee,U.S. House,19,NA,UnderVotes,3452
Lee,U.S. House,19,NA,WriteinVotes,166
Lee,U.S. House,19,REP,Byron Donalds,155579
Lee,U.S. Senate,NA,DEM,Val Demings,87108
Lee,U.S. Senate,NA,LPF,Dennis Misigoy,898
Lee,U.S. Senate,NA,NA,OverVotes,28
Lee,U.S. Senate,NA,NA,UnderVotes,1441
Lee,U.S. Senate,NA,NA,WriteinVotes,103
Lee,U.S. Senate,NA,NPA,Steven B. Grant,934
Lee,U.S. Senate,NA,NPA,Tuan TQ Nguyen,446
Lee,U.S. Senate,NA,REP,Marco Rubio,185123
Lee,Upper Captiva Fire Protection and Rescue Service District,Seat 1,NA,OverVotes,0
Lee,Upper Captiva Fire Protection and Rescue Service District,Seat 1,NA,UnderVotes,0
Lee,Upper Captiva Fire Protection and Rescue Service District,Seat 1,NOP,Thomas Jenkins,30
Lee,Upper Captiva Fire Protection and Rescue Service District,Seat 1,NOP,William R. Fry,36
Lee,Upper Captiva Fire Protection and Rescue Service District,Seat 2,NA,OverVotes,0
Lee,Upper Captiva Fire Protection and Rescue Service District,Seat 2,NA,UnderVotes,0
Lee,Upper Captiva Fire Protection and Rescue Service District,Seat 2,NOP,A.J. LaVallie,26
Lee,Upper Captiva Fire Protection and Rescue Service District,Seat 2,NOP,Van Hammond,40
Leon,Amendment No. 1: Limitation On Assessment of Real Property Used For Residential Purposes,NA,NA,OverVotes,10
Leon,Amendment No. 1: Limitation On Assessment of Real Property Used For Residential Purposes,NA,NA,UnderVotes,10784
Leon,Amendment No. 1: Limitation On Assessment of Real Property Used For Residential Purposes,NA,NOP,No for Rejection,56064
Leon,Amendment No. 1: Limitation On Assessment of Real Property Used For Residential Purposes,NA,NOP,Yes for Approval,51358
Leon,Amendment No. 2: Abolishing the Constitution Revision Commission,NA,NA,OverVotes,19
Leon,Amendment No. 2: Abolishing the Constitution Revision Commission,NA,NA,UnderVotes,10840
Leon,Amendment No. 2: Abolishing the Constitution Revision Commission,NA,NOP,No for Rejection,61353
Leon,Amendment No. 2: Abolishing the Constitution Revision Commission,NA,NOP,Yes for Approval,46004
Leon,Amendment No. 3: Additional Homestead Property Tax Exemption For Specified Critical Public Services Workforce,NA,NA,OverVotes,7
Leon,Amendment No. 3: Additional Homestead Property Tax Exemption For Specified Critical Public Services Workforce,NA,NA,UnderVotes,8051
Leon,Amendment No. 3: Additional Homestead Property Tax Exemption For Specified Critical Public Services Workforce,NA,NOP,No for Rejection,50674
Leon,Amendment No. 3: Additional Homestead Property Tax Exemption For Specified Critical Public Services Workforce,NA,NOP,Yes for Approval,59484
Leon,Attorney General,NA,DEM,Aramis Ayala,63860
Leon,Attorney General,NA,NA,OverVotes,5
Leon,Attorney General,NA,NA,UnderVotes,1853
Leon,Attorney General,NA,REP,Ashley Moody,52498
Leon,Chief Financial Officer,NA,DEM,Adam Hattersley,63931
Leon,Chief Financial Officer,NA,NA,OverVotes,5
Leon,Chief Financial Officer,NA,NA,UnderVotes,2617
Leon,Chief Financial Officer,NA,REP,Jimmy Patronis,51663
Leon,Commissioner of Agriculture,NA,DEM,Naomi Esther Blemur,65677
Leon,Commissioner of Agriculture,NA,NA,OverVotes,6
Leon,Commissioner of Agriculture,NA,NA,UnderVotes,3154
Leon,Commissioner of Agriculture,NA,REP,Wilton Simpson,49379
Leon,County Commissioner,2,NA,OverVotes,1
Leon,County Commissioner,2,NA,UnderVotes,996
Leon,County Commissioner,2,NOP,Christian Caban,6344
Leon,County Commissioner,2,NOP,Hannah Crow,5441
Leon,County Commissioner,5,NA,OverVotes,3
Leon,County Commissioner,5,NA,UnderVotes,4482
Leon,County Commissioner,5,NOP,David T. O'Keefe,14367
Leon,County Commissioner,5,NOP,Paula Deboles-Johnson,11897
Leon,County Commissioner,"At Large, Group 2",NA,OverVotes,18
Leon,County Commissioner,"At Large, Group 2",NA,UnderVotes,13393
Leon,County Commissioner,"At Large, Group 2",NOP,Josh Johnson,48965
Leon,County Commissioner,"At Large, Group 2",NOP,Nick Maddox,55840
Leon,Governor,NA,DEM,Crist / Hernandez,67535
Leon,Governor,NA,LPF,Roos / Rorabaugh,344
Leon,Governor,NA,NA,OverVotes,17
Leon,Governor,NA,NA,UnderVotes,448
Leon,Governor,NA,NPA,Gimenez / Gibson,628
Leon,Governor,NA,REP,DeSantis / Nuñez,49244
Leon,Piney Z Community Development District,Seat 3,NA,OverVotes,0
Leon,Piney Z Community Development District,Seat 3,NA,UnderVotes,122
Leon,Piney Z Community Development District,Seat 3,NOP,Cheryl Hudson,589
Leon,Piney Z Community Development District,Seat 3,NOP,Greg Moran,264
Leon,Registered Voters,NA,NA,NA,204259
Leon,Retention of Bo Winokur,First District Court of Appeal,NA,OverVotes,9
Leon,Retention of Bo Winokur,First District Court of Appeal,NA,UnderVotes,18361
Leon,Retention of Bo Winokur,First District Court of Appeal,NOP,No,43567
Leon,Retention of Bo Winokur,First District Court of Appeal,NOP,Yes,56279
Leon,Retention of Bobby Long,First District Court of Appeal,NA,OverVotes,31
Leon,Retention of Bobby Long,First District Court of Appeal,NA,UnderVotes,17767
Leon,Retention of Bobby Long,First District Court of Appeal,NOP,No,42546
Leon,Retention of Bobby Long,First District Court of Appeal,NOP,Yes,57872
Leon,Retention of Charles T. Canady,Justice of the Supreme Court,NA,OverVotes,14
Leon,Retention of Charles T. Canady,Justice of the Supreme Court,NA,UnderVotes,14964
Leon,Retention of Charles T. Canady,Justice of the Supreme Court,NOP,No,42911
Leon,Retention of Charles T. Canady,Justice of the Supreme Court,NOP,Yes,60327
Leon,Retention of Jamie Grosshans,Justice of the Supreme Court,NA,OverVotes,17
Leon,Retention of Jamie Grosshans,Justice of the Supreme Court,NA,UnderVotes,16029
Leon,Retention of Jamie Grosshans,Justice of the Supreme Court,NOP,No,45374
Leon,Retention of Jamie Grosshans,Justice of the Supreme Court,NOP,Yes,56796
Leon,Retention of John D. Couriel,Justice of the Supreme Court,NA,OverVotes,6
Leon,Retention of John D. Couriel,Justice of the Supreme Court,NA,UnderVotes,15775
Leon,Retention of John D. Couriel,Justice of the Supreme Court,NOP,No,46162
Leon,Retention of John D. Couriel,Justice of the Supreme Court,NOP,Yes,56273
Leon,Retention of Jorge Labarga,Justice of the Supreme Court,NA,OverVotes,20
Leon,Retention of Jorge Labarga,Justice of the Supreme Court,NA,UnderVotes,15239
Leon,Retention of Jorge Labarga,Justice of the Supreme Court,NOP,No,34888
Leon,Retention of Jorge Labarga,Justice of the Supreme Court,NOP,Yes,68069
Leon,Retention of Lori S. Rowe,First District Court of Appeal,NA,OverVotes,10
Leon,Retention of Lori S. Rowe,First District Court of Appeal,NA,UnderVotes,18051
Leon,Retention of Lori S. Rowe,First District Court of Appeal,NOP,No,37350
Leon,Retention of Lori S. Rowe,First District Court of Appeal,NOP,Yes,62805
Leon,Retention of Ricky Polston,Justice of the Supreme Court,NA,OverVotes,15
Leon,Retention of Ricky Polston,Justice of the Supreme Court,NA,UnderVotes,15664
Leon,Retention of Ricky Polston,Justice of the Supreme Court,NOP,No,41573
Leon,Retention of Ricky Polston,Justice of the Supreme Court,NOP,Yes,60964
Leon,Retention of Ross L. Bilbrey,First District Court of Appeal,NA,OverVotes,21
Leon,Retention of Ross L. Bilbrey,First District Court of Appeal,NA,UnderVotes,16950
Leon,Retention of Ross L. Bilbrey,First District Court of Appeal,NOP,No,35588
Leon,Retention of Ross L. Bilbrey,First District Court of Appeal,NOP,Yes,65657
Leon,Retention of Susan Kelsey,First District Court of Appeal,NA,OverVotes,10
Leon,Retention of Susan Kelsey,First District Court of Appeal,NA,UnderVotes,17501
Leon,Retention of Susan Kelsey,First District Court of Appeal,NOP,No,38488
Leon,Retention of Susan Kelsey,First District Court of Appeal,NOP,Yes,62217
Leon,School Board,3,NA,OverVotes,3
Leon,School Board,3,NA,UnderVotes,2039
Leon,School Board,3,NA,WriteinVotes,394
Leon,School Board,3,NOP,Darryl Jones,11467
Leon,School Board,4,NA,OverVotes,1
Leon,School Board,4,NA,UnderVotes,2203
Leon,School Board,4,NOP,Alex Stemle,12791
Leon,School Board,4,NOP,Laurie Lawson Cox,15110
Leon,State House,8,DEM,Gallop P. Franklin,26342
Leon,State House,8,NA,OverVotes,0
Leon,State House,8,NA,UnderVotes,984
Leon,State House,8,REP,Curt Bender,8774
Leon,State Senate,3,DEM,Loranne Ausley,69929
Leon,State Senate,3,NA,OverVotes,3
Leon,State Senate,3,NA,UnderVotes,1335
Leon,State Senate,3,REP,Corey Simon,46949
Leon,U.S. House,2,DEM,Al Lawson,70792
Leon,U.S. House,2,NA,OverVotes,3
Leon,U.S. House,2,NA,UnderVotes,991
Leon,U.S. House,2,REP,Neal Dunn,46430
Leon,U.S. Senate,NA,DEM,Val Demings,69677
Leon,U.S. Senate,NA,LPF,Dennis Misigoy,495
Leon,U.S. Senate,NA,NA,OverVotes,9
Leon,U.S. Senate,NA,NA,UnderVotes,635
Leon,U.S. Senate,NA,NA,WriteinVotes,86
Leon,U.S. Senate,NA,NPA,Steven B. Grant,428
Leon,U.S. Senate,NA,NPA,Tuan TQ Nguyen,375
Leon,U.S. Senate,NA,REP,Marco Rubio,46511
Levy,Amendment No. 1: Limitation On Assessment of Real Property Used For Residential Purposes,NA,NA,OverVotes,3
Levy,Amendment No. 1: Limitation On Assessment of Real Property Used For Residential Purposes,NA,NA,UnderVotes,1313
Levy,Amendment No. 1: Limitation On Assessment of Real Property Used For Residential Purposes,NA,NOP,No for Rejection,7328
Levy,Amendment No. 1: Limitation On Assessment of Real Property Used For Residential Purposes,NA,NOP,Yes for Approval,9310
Levy,Amendment No. 2: Abolishing the Constitution Revision Commission,NA,NA,OverVotes,2
Levy,Amendment No. 2: Abolishing the Constitution Revision Commission,NA,NA,UnderVotes,1437
Levy,Amendment No. 2: Abolishing the Constitution Revision Commission,NA,NOP,No for Rejection,7406
Levy,Amendment No. 2: Abolishing the Constitution Revision Commission,NA,NOP,Yes for Approval,9109
Levy,Amendment No. 3: Additional Homestead Property Tax Exemption For Specified Critical Public Services Workforce,NA,NA,OverVotes,1
Levy,Amendment No. 3: Additional Homestead Property Tax Exemption For Specified Critical Public Services Workforce,NA,NA,UnderVotes,968
Levy,Amendment No. 3: Additional Homestead Property Tax Exemption For Specified Critical Public Services Workforce,NA,NOP,No for Rejection,7670
Levy,Amendment No. 3: Additional Homestead Property Tax Exemption For Specified Critical Public Services Workforce,NA,NOP,Yes for Approval,9315
Levy,Attorney General,NA,DEM,Aramis Ayala,3735
Levy,Attorney General,NA,NA,OverVotes,0
Levy,Attorney General,NA,NA,UnderVotes,140
Levy,Attorney General,NA,REP,Ashley Moody,14079
Levy,Chief Financial Officer,NA,DEM,Adam Hattersley,3926
Levy,Chief Financial Officer,NA,NA,OverVotes,0
Levy,Chief Financial Officer,NA,NA,UnderVotes,290
Levy,Chief Financial Officer,NA,REP,Jimmy Patronis,13738
Levy,Circuit Judge,"8th Judicial Circuit, Group 12",NA,OverVotes,9
Levy,Circuit Judge,"8th Judicial Circuit, Group 12",NA,UnderVotes,1890
Levy,Circuit Judge,"8th Judicial Circuit, Group 12",NOP,AuBroncee Martin,2962
Levy,Circuit Judge,"8th Judicial Circuit, Group 12",NOP,Sean Brewer,13093
Levy,Commissioner of Agriculture,NA,DEM,Naomi Esther Blemur,3882
Levy,Commissioner of Agriculture,NA,NA,OverVotes,1
Levy,Commissioner of Agriculture,NA,NA,UnderVotes,207
Levy,Commissioner of Agriculture,NA,REP,Wilton Simpson,13864
Levy,Governor,NA,DEM,Crist / Hernandez,3758
Levy,Governor,NA,LPF,Roos / Rorabaugh,40
Levy,Governor,NA,NA,OverVotes,4
Levy,Governor,NA,NA,UnderVotes,36
Levy,Governor,NA,NPA,Gimenez / Gibson,67
Levy,Governor,NA,REP,DeSantis / Nuñez,14049
Levy,Registered Voters,NA,NA,NA,30920
Levy,Retention of Bo Winokur,First District Court of Appeal,NA,OverVotes,6
Levy,Retention of Bo Winokur,First District Court of Appeal,NA,UnderVotes,2275
Levy,Retention of Bo Winokur,First District Court of Appeal,NOP,No,5309
Levy,Retention of Bo Winokur,First District Court of Appeal,NOP,Yes,10364
Levy,Retention of Bobby Long,First District Court of Appeal,NA,OverVotes,0
Levy,Retention of Bobby Long,First District Court of Appeal,NA,UnderVotes,2219
Levy,Retention of Bobby Long,First District Court of Appeal,NOP,No,4819
Levy,Retention of Bobby Long,First District Court of Appeal,NOP,Yes,10916
Levy,Retention of Charles T. Canady,Justice of the Supreme Court,NA,OverVotes,2
Levy,Retention of Charles T. Canady,Justice of the Supreme Court,NA,UnderVotes,1983
Levy,Retention of Charles T. Canady,Justice of the Supreme Court,NOP,No,5424
Levy,Retention of Charles T. Canady,Justice of the Supreme Court,NOP,Yes,10545
Levy,Retention of Jamie Grosshans,Justice of the Supreme Court,NA,OverVotes,2
Levy,Retention of Jamie Grosshans,Justice of the Supreme Court,NA,UnderVotes,2092
Levy,Retention of Jamie Grosshans,Justice of the Supreme Court,NOP,No,5040
Levy,Retention of Jamie Grosshans,Justice of the Supreme Court,NOP,Yes,10820
Levy,Retention of John D. Couriel,Justice of the Supreme Court,NA,OverVotes,2
Levy,Retention of John D. Couriel,Justice of the Supreme Court,NA,UnderVotes,2073
Levy,Retention of John D. Couriel,Justice of the Supreme Court,NOP,No,5027
Levy,Retention of John D. Couriel,Justice of the Supreme Court,NOP,Yes,10852
Levy,Retention of Jorge Labarga,Justice of the Supreme Court,NA,OverVotes,0
Levy,Retention of Jorge Labarga,Justice of the Supreme Court,NA,UnderVotes,2063
Levy,Retention of Jorge Labarga,Justice of the Supreme Court,NOP,No,7041
Levy,Retention of Jorge Labarga,Justice of the Supreme Court,NOP,Yes,8850
Levy,Retention of Lori S. Rowe,First District Court of Appeal,NA,OverVotes,5
Levy,Retention of Lori S. Rowe,First District Court of Appeal,NA,UnderVotes,2271
Levy,Retention of Lori S. Rowe,First District Court of Appeal,NOP,No,5534
Levy,Retention of Lori S. Rowe,First District Court of Appeal,NOP,Yes,10144
Levy,Retention of Ricky Polston,Justice of the Supreme Court,NA,OverVotes,0
Levy,Retention of Ricky Polston,Justice of the Supreme Court,NA,UnderVotes,2115
Levy,Retention of Ricky Polston,Justice of the Supreme Court,NOP,No,5780
Levy,Retention of Ricky Polston,Justice of the Supreme Court,NOP,Yes,10059
Levy,Retention of Ross L. Bilbrey,First District Court of Appeal,NA,OverVotes,1
Levy,Retention of Ross L. Bilbrey,First District Court of Appeal,NA,UnderVotes,2215
Levy,Retention of Ross L. Bilbrey,First District Court of Appeal,NOP,No,5390
Levy,Retention of Ross L. Bilbrey,First District Court of Appeal,NOP,Yes,10348
Levy,Retention of Susan Kelsey,First District Court of Appeal,NA,OverVotes,0
Levy,Retention of Susan Kelsey,First District Court of Appeal,NA,UnderVotes,2260
Levy,Retention of Susan Kelsey,First District Court of Appeal,NOP,No,5077
Levy,Retention of Susan Kelsey,First District Court of Appeal,NOP,Yes,10617
Levy,State House,22,DEM,Brandon Peters,4142
Levy,State House,22,NA,OverVotes,3
Levy,State House,22,NA,UnderVotes,193
Levy,State House,22,REP,Chuck Clemons,13616
Levy,State Senate,9,DEM,Rodney Long,3909
Levy,State Senate,9,NA,OverVotes,0
Levy,State Senate,9,NA,UnderVotes,246
Levy,State Senate,9,REP,Keith Perry,13799
Levy,U.S. House,3,DEM,Danielle Hawk,3935
Levy,U.S. House,3,NA,OverVotes,1
Levy,U.S. House,3,NA,UnderVotes,123
Levy,U.S. House,3,NPA,Linda S. Brooks,247
Levy,U.S. House,3,REP,Kat Cammack,13648
Levy,U.S. Senate,NA,DEM,Val Demings,3944
Levy,U.S. Senate,NA,LPF,Dennis Misigoy,70
Levy,U.S. Senate,NA,NA,OverVotes,2
Levy,U.S. Senate,NA,NA,UnderVotes,78
Levy,U.S. Senate,NA,NA,WriteinVotes,10
Levy,U.S. Senate,NA,NPA,Steven B. Grant,116
Levy,U.S. Senate,NA,NPA,Tuan TQ Nguyen,44
Levy,U.S. Senate,NA,REP,Marco Rubio,13690
Liberty,Amendment No. 1: Limitation On Assessment of Real Property Used For Residential Purposes,NA,NA,OverVotes,1
Liberty,Amendment No. 1: Limitation On Assessment of Real Property Used For Residential Purposes,NA,NA,UnderVotes,211
Liberty,Amendment No. 1: Limitation On Assessment of Real Property Used For Residential Purposes,NA,NOP,No for Rejection,1138
Liberty,Amendment No. 1: Limitation On Assessment of Real Property Used For Residential Purposes,NA,NOP,Yes for Approval,1272
Liberty,Amendment No. 2: Abolishing the Constitution Revision Commission,NA,NA,OverVotes,2
Liberty,Amendment No. 2: Abolishing the Constitution Revision Commission,NA,NA,UnderVotes,234
Liberty,Amendment No. 2: Abolishing the Constitution Revision Commission,NA,NOP,No for Rejection,1206
Liberty,Amendment No. 2: Abolishing the Constitution Revision Commission,NA,NOP,Yes for Approval,1180
Liberty,Amendment No. 3: Additional Homestead Property Tax Exemption For Specified Critical Public Services Workforce,NA,NA,OverVotes,0
Liberty,Amendment No. 3: Additional Homestead Property Tax Exemption For Specified Critical Public Services Workforce,NA,NA,UnderVotes,163
Liberty,Amendment No. 3: Additional Homestead Property Tax Exemption For Specified Critical Public Services Workforce,NA,NOP,No for Rejection,1137
Liberty,Amendment No. 3: Additional Homestead Property Tax Exemption For Specified Critical Public Services Workforce,NA,NOP,Yes for Approval,1322
Liberty,Attorney General,NA,DEM,Aramis Ayala,363
Liberty,Attorney General,NA,NA,OverVotes,0
Liberty,Attorney General,NA,NA,UnderVotes,28
Liberty,Attorney General,NA,REP,Ashley Moody,2231
Liberty,Chief Financial Officer,NA,DEM,Adam Hattersley,373
Liberty,Chief Financial Officer,NA,NA,OverVotes,0
Liberty,Chief Financial Officer,NA,NA,UnderVotes,29
Liberty,Chief Financial Officer,NA,REP,Jimmy Patronis,2220
Liberty,Commissioner of Agriculture,NA,DEM,Naomi Esther Blemur,411
Liberty,Commissioner of Agriculture,NA,NA,OverVotes,0
Liberty,Commissioner of Agriculture,NA,NA,UnderVotes,43
Liberty,Commissioner of Agriculture,NA,REP,Wilton Simpson,2168
Liberty,Governor,NA,DEM,Crist / Hernandez,371
Liberty,Governor,NA,LPF,Roos / Rorabaugh,5
Liberty,Governor,NA,NA,OverVotes,0
Liberty,Governor,NA,NA,UnderVotes,5
Liberty,Governor,NA,NPA,Gimenez / Gibson,7
Liberty,Governor,NA,REP,DeSantis / Nuñez,2234
Liberty,Registered Voters,NA,NA,NA,0
Liberty,Retention of Bo Winokur,First District Court of Appeal,NA,OverVotes,1
Liberty,Retention of Bo Winokur,First District Court of Appeal,NA,UnderVotes,310
Liberty,Retention of Bo Winokur,First District Court of Appeal,NOP,No,869
Liberty,Retention of Bo Winokur,First District Court of Appeal,NOP,Yes,1442
Liberty,Retention of Bobby Long,First District Court of Appeal,NA,OverVotes,2
Liberty,Retention of Bobby Long,First District Court of Appeal,NA,UnderVotes,313
Liberty,Retention of Bobby Long,First District Court of Appeal,NOP,No,835
Liberty,Retention of Bobby Long,First District Court of Appeal,NOP,Yes,1472
Liberty,Retention of Charles T. Canady,Justice of the Supreme Court,NA,OverVotes,0
Liberty,Retention of Charles T. Canady,Justice of the Supreme Court,NA,UnderVotes,286
Liberty,Retention of Charles T. Canady,Justice of the Supreme Court,NOP,No,843
Liberty,Retention of Charles T. Canady,Justice of the Supreme Court,NOP,Yes,1493
Liberty,Retention of Jamie Grosshans,Justice of the Supreme Court,NA,OverVotes,2
Liberty,Retention of Jamie Grosshans,Justice of the Supreme Court,NA,UnderVotes,303
Liberty,Retention of Jamie Grosshans,Justice of the Supreme Court,NOP,No,831
Liberty,Retention of Jamie Grosshans,Justice of the Supreme Court,NOP,Yes,1486
Liberty,Retention of John D. Couriel,Justice of the Supreme Court,NA,OverVotes,1
Liberty,Retention of John D. Couriel,Justice of the Supreme Court,NA,UnderVotes,304
Liberty,Retention of John D. Couriel,Justice of the Supreme Court,NOP,No,831
Liberty,Retention of John D. Couriel,Justice of the Supreme Court,NOP,Yes,1486
Liberty,Retention of Jorge Labarga,Justice of the Supreme Court,NA,OverVotes,1
Liberty,Retention of Jorge Labarga,Justice of the Supreme Court,NA,UnderVotes,298
Liberty,Retention of Jorge Labarga,Justice of the Supreme Court,NOP,No,1101
Liberty,Retention of Jorge Labarga,Justice of the Supreme Court,NOP,Yes,1222
Liberty,Retention of Lori S. Rowe,First District Court of Appeal,NA,OverVotes,1
Liberty,Retention of Lori S. Rowe,First District Court of Appeal,NA,UnderVotes,311
Liberty,Retention of Lori S. Rowe,First District Court of Appeal,NOP,No,894
Liberty,Retention of Lori S. Rowe,First District Court of Appeal,NOP,Yes,1416
Liberty,Retention of Ricky Polston,Justice of the Supreme Court,NA,OverVotes,0
Liberty,Retention of Ricky Polston,Justice of the Supreme Court,NA,UnderVotes,299
Liberty,Retention of Ricky Polston,Justice of the Supreme Court,NOP,No,873
Liberty,Retention of Ricky Polston,Justice of the Supreme Court,NOP,Yes,1450
Liberty,Retention of Ross L. Bilbrey,First District Court of Appeal,NA,OverVotes,4
Liberty,Retention of Ross L. Bilbrey,First District Court of Appeal,NA,UnderVotes,309
Liberty,Retention of Ross L. Bilbrey,First District Court of Appeal,NOP,No,844
Liberty,Retention of Ross L. Bilbrey,First District Court of Appeal,NOP,Yes,1465
Liberty,Retention of Susan Kelsey,First District Court of Appeal,NA,OverVotes,0
Liberty,Retention of Susan Kelsey,First District Court of Appeal,NA,UnderVotes,309
Liberty,Retention of Susan Kelsey,First District Court of Appeal,NOP,No,874
Liberty,Retention of Susan Kelsey,First District Court of Appeal,NOP,Yes,1439
Liberty,State Senate,3,DEM,Loranne Ausley,496
Liberty,State Senate,3,NA,OverVotes,0
Liberty,State Senate,3,NA,UnderVotes,44
Liberty,State Senate,3,REP,Corey Simon,2082
Liberty,U.S. House,2,DEM,Al Lawson,489
Liberty,U.S. House,2,NA,OverVotes,0
Liberty,U.S. House,2,NA,UnderVotes,12
Liberty,U.S. House,2,REP,Neal Dunn,2121
Liberty,U.S. Senate,NA,DEM,Val Demings,405
Liberty,U.S. Senate,NA,LPF,Dennis Misigoy,11
Liberty,U.S. Senate,NA,NA,OverVotes,1
Liberty,U.S. Senate,NA,NA,UnderVotes,19
Liberty,U.S. Senate,NA,NA,WriteinVotes,0
Liberty,U.S. Senate,NA,NPA,Steven B. Grant,19
Liberty,U.S. Senate,NA,NPA,Tuan TQ Nguyen,3
Liberty,U.S. Senate,NA,REP,Marco Rubio,2164
Madison,Amendment No. 1: Limitation On Assessment of Real Property Used For Residential Purposes,NA,NA,OverVotes,2
Madison,Amendment No. 1: Limitation On Assessment of Real Property Used For Residential Purposes,NA,NA,UnderVotes,422
Madison,Amendment No. 1: Limitation On Assessment of Real Property Used For Residential Purposes,NA,NOP,No for Rejection,3403
Madison,Amendment No. 1: Limitation On Assessment of Real Property Used For Residential Purposes,NA,NOP,Yes for Approval,3193
Madison,Amendment No. 2: Abolishing the Constitution Revision Commission,NA,NA,OverVotes,0
Madison,Amendment No. 2: Abolishing the Constitution Revision Commission,NA,NA,UnderVotes,549
Madison,Amendment No. 2: Abolishing the Constitution Revision Commission,NA,NOP,No for Rejection,3364
Madison,Amendment No. 2: Abolishing the Constitution Revision Commission,NA,NOP,Yes for Approval,3107
Madison,Amendment No. 3: Additional Homestead Property Tax Exemption For Specified Critical Public Services Workforce,NA,NA,OverVotes,3
Madison,Amendment No. 3: Additional Homestead Property Tax Exemption For Specified Critical Public Services Workforce,NA,NA,UnderVotes,385
Madison,Amendment No. 3: Additional Homestead Property Tax Exemption For Specified Critical Public Services Workforce,NA,NOP,No for Rejection,3213
Madison,Amendment No. 3: Additional Homestead Property Tax Exemption For Specified Critical Public Services Workforce,NA,NOP,Yes for Approval,3419
Madison,Attorney General,NA,DEM,Aramis Ayala,2169
Madison,Attorney General,NA,NA,OverVotes,1
Madison,Attorney General,NA,NA,UnderVotes,67
Madison,Attorney General,NA,REP,Ashley Moody,4783
Madison,Chief Financial Officer,NA,DEM,Adam Hattersley,2288
Madison,Chief Financial Officer,NA,NA,OverVotes,0
Madison,Chief Financial Officer,NA,NA,UnderVotes,124
Madison,Chief Financial Officer,NA,REP,Jimmy Patronis,4608
Madison,Commissioner of Agriculture,NA,DEM,Naomi Esther Blemur,2283
Madison,Commissioner of Agriculture,NA,NA,OverVotes,0
Madison,Commissioner of Agriculture,NA,NA,UnderVotes,97
Madison,Commissioner of Agriculture,NA,REP,Wilton Simpson,4640
Madison,Governor,NA,DEM,Crist / Hernandez,2293
Madison,Governor,NA,LPF,Roos / Rorabaugh,11
Madison,Governor,NA,NA,OverVotes,0
Madison,Governor,NA,NA,UnderVotes,39
Madison,Governor,NA,NPA,Gimenez / Gibson,16
Madison,Governor,NA,REP,DeSantis / Nuñez,4661
Madison,Registered Voters,NA,NA,NA,12213
Madison,Retention of Bo Winokur,First District Court of Appeal,NA,OverVotes,3
Madison,Retention of Bo Winokur,First District Court of Appeal,NA,UnderVotes,627
Madison,Retention of Bo Winokur,First District Court of Appeal,NOP,No,2285
Madison,Retention of Bo Winokur,First District Court of Appeal,NOP,Yes,4105
Madison,Retention of Bobby Long,First District Court of Appeal,NA,OverVotes,2
Madison,Retention of Bobby Long,First District Court of Appeal,NA,UnderVotes,581
Madison,Retention of Bobby Long,First District Court of Appeal,NOP,No,2148
Madison,Retention of Bobby Long,First District Court of Appeal,NOP,Yes,4289
Madison,Retention of Charles T. Canady,Justice of the Supreme Court,NA,OverVotes,2
Madison,Retention of Charles T. Canady,Justice of the Supreme Court,NA,UnderVotes,521
Madison,Retention of Charles T. Canady,Justice of the Supreme Court,NOP,No,2195
Madison,Retention of Charles T. Canady,Justice of the Supreme Court,NOP,Yes,4302
Madison,Retention of Jamie Grosshans,Justice of the Supreme Court,NA,OverVotes,3
Madison,Retention of Jamie Grosshans,Justice of the Supreme Court,NA,UnderVotes,574
Madison,Retention of Jamie Grosshans,Justice of the Supreme Court,NOP,No,2144
Madison,Retention of Jamie Grosshans,Justice of the Supreme Court,NOP,Yes,4299
Madison,Retention of John D. Couriel,Justice of the Supreme Court,NA,OverVotes,0
Madison,Retention of John D. Couriel,Justice of the Supreme Court,NA,UnderVotes,582
Madison,Retention of John D. Couriel,Justice of the Supreme Court,NOP,No,2142
Madison,Retention of John D. Couriel,Justice of the Supreme Court,NOP,Yes,4296
Madison,Retention of Jorge Labarga,Justice of the Supreme Court,NA,OverVotes,2
Madison,Retention of Jorge Labarga,Justice of the Supreme Court,NA,UnderVotes,582
Madison,Retention of Jorge Labarga,Justice of the Supreme Court,NOP,No,3515
Madison,Retention of Jorge Labarga,Justice of the Supreme Court,NOP,Yes,2921
Madison,Retention of Lori S. Rowe,First District Court of Appeal,NA,OverVotes,1
Madison,Retention of Lori S. Rowe,First District Court of Appeal,NA,UnderVotes,625
Madison,Retention of Lori S. Rowe,First District Court of Appeal,NOP,No,2187
Madison,Retention of Lori S. Rowe,First District Court of Appeal,NOP,Yes,4207
Madison,Retention of Ricky Polston,Justice of the Supreme Court,NA,OverVotes,2
Madison,Retention of Ricky Polston,Justice of the Supreme Court,NA,UnderVotes,588
Madison,Retention of Ricky Polston,Justice of the Supreme Court,NOP,No,2295
Madison,Retention of Ricky Polston,Justice of the Supreme Court,NOP,Yes,4135
Madison,Retention of Ross L. Bilbrey,First District Court of Appeal,NA,OverVotes,1
Madison,Retention of Ross L. Bilbrey,First District Court of Appeal,NA,UnderVotes,565
Madison,Retention of Ross L. Bilbrey,First District Court of Appeal,NOP,No,2237
Madison,Retention of Ross L. Bilbrey,First District Court of Appeal,NOP,Yes,4217
Madison,Retention of Susan Kelsey,First District Court of Appeal,NA,OverVotes,2
Madison,Retention of Susan Kelsey,First District Court of Appeal,NA,UnderVotes,568
Madison,Retention of Susan Kelsey,First District Court of Appeal,NOP,No,2153
Madison,Retention of Susan Kelsey,First District Court of Appeal,NOP,Yes,4297
Madison,School Board,1,NA,OverVotes,1
Madison,School Board,1,NA,UnderVotes,48
Madison,School Board,1,NOP,Katie Knight,657
Madison,School Board,1,NOP,"Marvin ""Merv"" Mattair",543
Madison,School Board,5,NA,OverVotes,2
Madison,School Board,5,NA,UnderVotes,155
Madison,School Board,5,NOP,Devin K Thompson,1198
Madison,School Board,5,NOP,Donnell L Davis,636
Madison,State Senate,3,DEM,Loranne Ausley,2357
Madison,State Senate,3,NA,OverVotes,0
Madison,State Senate,3,NA,UnderVotes,89
Madison,State Senate,3,REP,Corey Simon,4574
Madison,U.S. House,2,DEM,Al Lawson,2467
Madison,U.S. House,2,NA,OverVotes,0
Madison,U.S. House,2,NA,UnderVotes,59
Madison,U.S. House,2,REP,Neal Dunn,4494
Madison,U.S. Senate,NA,DEM,Val Demings,2442
Madison,U.S. Senate,NA,LPF,Dennis Misigoy,23
Madison,U.S. Senate,NA,NA,OverVotes,0
Madison,U.S. Senate,NA,NA,UnderVotes,43
Madison,U.S. Senate,NA,NA,WriteinVotes,1
Madison,U.S. Senate,NA,NPA,Steven B. Grant,26
Madison,U.S. Senate,NA,NPA,Tuan TQ Nguyen,9
Madison,U.S. Senate,NA,REP,Marco Rubio,4476
Manatee,Amendment No. 1: Limitation On Assessment of Real Property Used For Residential Purposes,NA,NA,OverVotes,74
Manatee,Amendment No. 1: Limitation On Assessment of Real Property Used For Residential Purposes,NA,NA,UnderVotes,16671
Manatee,Amendment No. 1: Limitation On Assessment of Real Property Used For Residential Purposes,NA,NOP,No for Rejection,60721
Manatee,Amendment No. 1: Limitation On Assessment of Real Property Used For Residential Purposes,NA,NOP,Yes for Approval,94717
Manatee,Amendment No. 2: Abolishing the Constitution Revision Commission,NA,NA,OverVotes,77
Manatee,Amendment No. 2: Abolishing the Constitution Revision Commission,NA,NA,UnderVotes,17581
Manatee,Amendment No. 2: Abolishing the Constitution Revision Commission,NA,NOP,No for Rejection,69187
Manatee,Amendment No. 2: Abolishing the Constitution Revision Commission,NA,NOP,Yes for Approval,85338
Manatee,Amendment No. 3: Additional Homestead Property Tax Exemption For Specified Critical Public Services Workforce,NA,NA,OverVotes,52
Manatee,Amendment No. 3: Additional Homestead Property Tax Exemption For Specified Critical Public Services Workforce,NA,NA,UnderVotes,12256
Manatee,Amendment No. 3: Additional Homestead Property Tax Exemption For Specified Critical Public Services Workforce,NA,NOP,No for Rejection,68588
Manatee,Amendment No. 3: Additional Homestead Property Tax Exemption For Specified Critical Public Services Workforce,NA,NOP,Yes for Approval,91287
Manatee,Attorney General,NA,DEM,Aramis Ayala,56730
Manatee,Attorney General,NA,NA,OverVotes,20
Manatee,Attorney General,NA,NA,UnderVotes,1969
Manatee,Attorney General,NA,REP,Ashley Moody,113464
Manatee,Chief Financial Officer,NA,DEM,Adam Hattersley,58841
Manatee,Chief Financial Officer,NA,NA,OverVotes,7
Manatee,Chief Financial Officer,NA,NA,UnderVotes,3368
Manatee,Chief Financial Officer,NA,REP,Jimmy Patronis,109967
Manatee,Commissioner of Agriculture,NA,DEM,Naomi Esther Blemur,58736
Manatee,Commissioner of Agriculture,NA,NA,OverVotes,19
Manatee,Commissioner of Agriculture,NA,NA,UnderVotes,3555
Manatee,Commissioner of Agriculture,NA,REP,Wilton Simpson,109873
Manatee,Copperstone Community Development District,Seat 3,NA,OverVotes,1
Manatee,Copperstone Community Development District,Seat 3,NA,UnderVotes,48
Manatee,Copperstone Community Development District,Seat 3,NOP,Amy Tran,209
Manatee,Copperstone Community Development District,Seat 3,NOP,Thomas R Fretz,392
Manatee,County Commissioner,2,DEM,Reggie Bellamy,8327
Manatee,County Commissioner,2,NA,OverVotes,2
Manatee,County Commissioner,2,NA,UnderVotes,433
Manatee,County Commissioner,2,REP,Amanda D Ballard,11781
Manatee,County Commissioner,4,NA,OverVotes,5
Manatee,County Commissioner,4,NA,UnderVotes,8102
Manatee,County Commissioner,4,NA,WriteinVotes,2091
Manatee,County Commissioner,4,REP,Michael C Rahn,19916
Manatee,County Commissioner,"At Large, District 6",NA,OverVotes,7
Manatee,County Commissioner,"At Large, District 6",NA,UnderVotes,38166
Manatee,County Commissioner,"At Large, District 6",NA,WriteinVotes,9772
Manatee,County Commissioner,"At Large, District 6",REP,Jason Bearden,124238
Manatee,East Manatee Fire Rescue District,Seat 3,NA,OverVotes,13
Manatee,East Manatee Fire Rescue District,Seat 3,NA,UnderVotes,11076
Manatee,East Manatee Fire Rescue District,Seat 3,NOP,James R Carlino,18689
Manatee,East Manatee Fire Rescue District,Seat 3,NOP,Phillip Anthony Barrett,22639
Manatee,Governor,NA,DEM,Crist / Hernandez,59801
Manatee,Governor,NA,LPF,Roos / Rorabaugh,355
Manatee,Governor,NA,NA,OverVotes,36
Manatee,Governor,NA,NA,UnderVotes,417
Manatee,Governor,NA,NPA,Gimenez / Gibson,465
Manatee,Governor,NA,REP,DeSantis / Nuñez,111109
Manatee,Heritage Harbour North Community Development District,Seat 3,NA,OverVotes,0
Manatee,Heritage Harbour North Community Development District,Seat 3,NA,UnderVotes,292
Manatee,Heritage Harbour North Community Development District,Seat 3,NOP,John Wisz,711
Manatee,Heritage Harbour North Community Development District,Seat 3,NOP,Stanley Nachimson,615
Manatee,Lakewood Ranch Community Development,2,NA,OverVotes,1
Manatee,Lakewood Ranch Community Development,2,NA,UnderVotes,483
Manatee,Lakewood Ranch Community Development,2,NOP,Arthur Taber,825
Manatee,Lakewood Ranch Community Development,2,NOP,Jerry M Twiggs,723
Manatee,Lakewood Ranch Community Development,4,NA,OverVotes,0
Manatee,Lakewood Ranch Community Development,4,NA,UnderVotes,312
Manatee,Lakewood Ranch Community Development,4,NOP,Keith Davey,916
Manatee,Lakewood Ranch Community Development,4,NOP,Michael A Amato,684
Manatee,Registered Voters,NA,NA,NA,280604
Manatee,Retention of Charles T. Canady,Justice of the Supreme Court,NA,OverVotes,75
Manatee,Retention of Charles T. Canady,Justice of the Supreme Court,NA,UnderVotes,22505
Manatee,Retention of Charles T. Canady,Justice of the Supreme Court,NOP,No,47089
Manatee,Retention of Charles T. Canady,Justice of the Supreme Court,NOP,Yes,102514
Manatee,Retention of Craig C. Villanti,Second District Court of Appeal,NA,OverVotes,25
Manatee,Retention of Craig C. Villanti,Second District Court of Appeal,NA,UnderVotes,28565
Manatee,Retention of Craig C. Villanti,Second District Court of Appeal,NOP,No,48733
Manatee,Retention of Craig C. Villanti,Second District Court of Appeal,NOP,Yes,94860
Manatee,Retention of Jamie Grosshans,Justice of the Supreme Court,NA,OverVotes,46
Manatee,Retention of Jamie Grosshans,Justice of the Supreme Court,NA,UnderVotes,23400
Manatee,Retention of Jamie Grosshans,Justice of the Supreme Court,NOP,No,46512
Manatee,Retention of Jamie Grosshans,Justice of the Supreme Court,NOP,Yes,102225
Manatee,Retention of John D. Couriel,Justice of the Supreme Court,NA,OverVotes,45
Manatee,Retention of John D. Couriel,Justice of the Supreme Court,NA,UnderVotes,23222
Manatee,Retention of John D. Couriel,Justice of the Supreme Court,NOP,No,46575
Manatee,Retention of John D. Couriel,Justice of the Supreme Court,NOP,Yes,102341
Manatee,Retention of John K. Stargel,Second District Court of Appeal,NA,OverVotes,52
Manatee,Retention of John K. Stargel,Second District Court of Appeal,NA,UnderVotes,28017
Manatee,Retention of John K. Stargel,Second District Court of Appeal,NOP,No,44851
Manatee,Retention of John K. Stargel,Second District Court of Appeal,NOP,Yes,99263
Manatee,Retention of Jorge Labarga,Justice of the Supreme Court,NA,OverVotes,93
Manatee,Retention of Jorge Labarga,Justice of the Supreme Court,NA,UnderVotes,23765
Manatee,Retention of Jorge Labarga,Justice of the Supreme Court,NOP,No,50978
Manatee,Retention of Jorge Labarga,Justice of the Supreme Court,NOP,Yes,97347
Manatee,Retention of Matt Lucas,Second District Court of Appeal,NA,OverVotes,31
Manatee,Retention of Matt Lucas,Second District Court of Appeal,NA,UnderVotes,26421
Manatee,Retention of Matt Lucas,Second District Court of Appeal,NOP,No,44057
Manatee,Retention of Matt Lucas,Second District Court of Appeal,NOP,Yes,101674
Manatee,Retention of Nelly N. Khouzam,Second District Court of Appeal,NA,OverVotes,58
Manatee,Retention of Nelly N. Khouzam,Second District Court of Appeal,NA,UnderVotes,26148
Manatee,Retention of Nelly N. Khouzam,Second District Court of Appeal,NOP,No,42743
Manatee,Retention of Nelly N. Khouzam,Second District Court of Appeal,NOP,Yes,103234
Manatee,Retention of Patricia Joan Kelly,Second District Court of Appeal,NA,OverVotes,63
Manatee,Retention of Patricia Joan Kelly,Second District Court of Appeal,NA,UnderVotes,25464
Manatee,Retention of Patricia Joan Kelly,Second District Court of Appeal,NOP,No,47949
Manatee,Retention of Patricia Joan Kelly,Second District Court of Appeal,NOP,Yes,98707
Manatee,Retention of Ricky Polston,Justice of the Supreme Court,NA,OverVotes,41
Manatee,Retention of Ricky Polston,Justice of the Supreme Court,NA,UnderVotes,24794
Manatee,Retention of Ricky Polston,Justice of the Supreme Court,NOP,No,48217
Manatee,Retention of Ricky Polston,Justice of the Supreme Court,NOP,Yes,99131
Manatee,Retention of Robert Morris,Second District Court of Appeal,NA,OverVotes,56
Manatee,Retention of Robert Morris,Second District Court of Appeal,NA,UnderVotes,27812
Manatee,Retention of Robert Morris,Second District Court of Appeal,NOP,No,51990
Manatee,Retention of Robert Morris,Second District Court of Appeal,NOP,Yes,92325
Manatee,Retention of Stevan Travis Northcutt,Second District Court of Appeal,NA,OverVotes,60
Manatee,Retention of Stevan Travis Northcutt,Second District Court of Appeal,NA,UnderVotes,28015
Manatee,Retention of Stevan Travis Northcutt,Second District Court of Appeal,NOP,No,53251
Manatee,Retention of Stevan Travis Northcutt,Second District Court of Appeal,NOP,Yes,90857
Manatee,Retention of Suzanne Y. Labrit,Second District Court of Appeal,NA,OverVotes,47
Manatee,Retention of Suzanne Y. Labrit,Second District Court of Appeal,NA,UnderVotes,25770
Manatee,Retention of Suzanne Y. Labrit,Second District Court of Appeal,NOP,No,43532
Manatee,Retention of Suzanne Y. Labrit,Second District Court of Appeal,NOP,Yes,102834
Manatee,School Board,2,NA,OverVotes,13
Manatee,School Board,2,NA,UnderVotes,1948
Manatee,School Board,2,NOP,Cindy L Spray,9397
Manatee,School Board,2,NOP,Harold E Byrd Jr,8297
Manatee,State House,70,DEM,"Eleuterio ""Junior"" Salazar Jr",7012
Manatee,State House,70,NA,OverVotes,1
Manatee,State House,70,NA,UnderVotes,607
Manatee,State House,70,REP,Mike Beltran,16338
Manatee,State House,72,DEM,Roberts Guy Dameus,27881
Manatee,State House,72,NA,OverVotes,3
Manatee,State House,72,NA,UnderVotes,2207
Manatee,State House,72,REP,Tommy Gregory,55933
Manatee,Tara Community Development District,Seat 1,NA,OverVotes,0
Manatee,Tara Community Development District,Seat 1,NA,UnderVotes,112
Manatee,Tara Community Development District,Seat 1,NOP,Carl F Teisch,266
Manatee,Tara Community Development District,Seat 1,NOP,Joseph A DiBartolomeo,658
Manatee,Tara Community Development District,Seat 3,NA,OverVotes,0
Manatee,Tara Community Development District,Seat 3,NA,UnderVotes,119
Manatee,Tara Community Development District,Seat 3,NOP,Barbara L Linden,433
Manatee,Tara Community Development District,Seat 3,NOP,Christopher Lee Morris,484
Manatee,Tara Community Development District,Seat 5,NA,OverVotes,0
Manatee,Tara Community Development District,Seat 5,NA,UnderVotes,118
Manatee,Tara Community Development District,Seat 5,NOP,Joseph A Mojica,416
Manatee,Tara Community Development District,Seat 5,NOP,Mark Gough,502
Manatee,U.S. House,16,DEM,Jan Schneider,58725
Manatee,U.S. House,16,NA,OverVotes,14
Manatee,U.S. House,16,NA,UnderVotes,1527
Manatee,U.S. House,16,NA,WriteinVotes,198
Manatee,U.S. House,16,REP,Vern Buchanan,111719
Manatee,U.S. Senate,NA,DEM,Val Demings,61423
Manatee,U.S. Senate,NA,LPF,Dennis Misigoy,737
Manatee,U.S. Senate,NA,NA,OverVotes,33
Manatee,U.S. Senate,NA,NA,UnderVotes,681
Manatee,U.S. Senate,NA,NA,WriteinVotes,83
Manatee,U.S. Senate,NA,NPA,Steven B. Grant,680
Manatee,U.S. Senate,NA,NPA,Tuan TQ Nguyen,312
Manatee,U.S. Senate,NA,REP,Marco Rubio,108234
Manatee,University Place Community Development District,Seat 1,NA,OverVotes,2
Manatee,University Place Community Development District,Seat 1,NA,UnderVotes,73
Manatee,University Place Community Development District,Seat 1,NOP,David P Meyers,193
Manatee,University Place Community Development District,Seat 1,NOP,Denise Broyhill,158
Manatee,University Place Community Development District,Seat 1,NOP,Kathy Sitterle,106
Manatee,University Place Community Development District,Seat 3,NA,OverVotes,0
Manatee,University Place Community Development District,Seat 3,NA,UnderVotes,81
Manatee,University Place Community Development District,Seat 3,NOP,Robert J Sills,177
Manatee,University Place Community Development District,Seat 3,NOP,Sarah E Kupiec,274
Manatee,Waters Edge Community Development District,Seat 1,NA,OverVotes,0
Manatee,Waters Edge Community Development District,Seat 1,NA,UnderVotes,77
Manatee,Waters Edge Community Development District,Seat 1,NOP,Larry Burbank,209
Manatee,Waters Edge Community Development District,Seat 1,NOP,Michael Barbour,151
Manatee,West Manatee Fire and Rescue District,Seat 4,NA,OverVotes,3
Manatee,West Manatee Fire and Rescue District,Seat 4,NA,UnderVotes,3853
Manatee,West Manatee Fire and Rescue District,Seat 4,NOP,David G Bishop Jr,7677
Manatee,West Manatee Fire and Rescue District,Seat 4,NOP,Roger Morrow,3541
Marion,Amendment No. 1: Limitation On Assessment of Real Property Used For Residential Purposes,NA,NA,OverVotes,42
Marion,Amendment No. 1: Limitation On Assessment of Real Property Used For Residential Purposes,NA,NA,UnderVotes,14825
Marion,Amendment No. 1: Limitation On Assessment of Real Property Used For Residential Purposes,NA,NOP,No for Rejection,59213
Marion,Amendment No. 1: Limitation On Assessment of Real Property Used For Residential Purposes,NA,NOP,Yes for Approval,82347
Marion,Amendment No. 2: Abolishing the Constitution Revision Commission,NA,NA,OverVotes,48
Marion,Amendment No. 2: Abolishing the Constitution Revision Commission,NA,NA,UnderVotes,15949
Marion,Amendment No. 2: Abolishing the Constitution Revision Commission,NA,NOP,No for Rejection,57095
Marion,Amendment No. 2: Abolishing the Constitution Revision Commission,NA,NOP,Yes for Approval,83335
Marion,Amendment No. 3: Additional Homestead Property Tax Exemption For Specified Critical Public Services Workforce,NA,NA,OverVotes,55
Marion,Amendment No. 3: Additional Homestead Property Tax Exemption For Specified Critical Public Services Workforce,NA,NA,UnderVotes,11198
Marion,Amendment No. 3: Additional Homestead Property Tax Exemption For Specified Critical Public Services Workforce,NA,NOP,No for Rejection,60576
Marion,Amendment No. 3: Additional Homestead Property Tax Exemption For Specified Critical Public Services Workforce,NA,NOP,Yes for Approval,84598
Marion,Attorney General,NA,DEM,Aramis Ayala,44673
Marion,Attorney General,NA,NA,OverVotes,15
Marion,Attorney General,NA,NA,UnderVotes,1880
Marion,Attorney General,NA,REP,Ashley Moody,109859
Marion,Chief Financial Officer,NA,DEM,Adam Hattersley,47470
Marion,Chief Financial Officer,NA,NA,OverVotes,8
Marion,Chief Financial Officer,NA,NA,UnderVotes,3339
Marion,Chief Financial Officer,NA,REP,Jimmy Patronis,105610
Marion,Commissioner of Agriculture,NA,DEM,Naomi Esther Blemur,47126
Marion,Commissioner of Agriculture,NA,NA,OverVotes,5
Marion,Commissioner of Agriculture,NA,NA,UnderVotes,3435
Marion,Commissioner of Agriculture,NA,REP,Wilton Simpson,105861
Marion,County Commissioner,2,NA,OverVotes,26
Marion,County Commissioner,2,NA,UnderVotes,26608
Marion,County Commissioner,2,NA,WriteinVotes,9012
Marion,County Commissioner,2,REP,Kathy Bryant,120781
Marion,County Commissioner,4,NA,OverVotes,18
Marion,County Commissioner,4,NA,UnderVotes,27803
Marion,County Commissioner,4,NA,WriteinVotes,12728
Marion,County Commissioner,4,REP,Carl Zalak III,115878
Marion,County Court Judge,Group 1,NA,OverVotes,56
Marion,County Court Judge,Group 1,NA,UnderVotes,27495
Marion,County Court Judge,Group 1,NOP,LeAnn Mackey-Barnes,70764
Marion,County Court Judge,Group 1,NOP,Renee Thompson,58112
Marion,Governor,NA,DEM,Crist / Hernandez,47129
Marion,Governor,NA,LPF,Roos / Rorabaugh,358
Marion,Governor,NA,NA,OverVotes,45
Marion,Governor,NA,NA,UnderVotes,332
Marion,Governor,NA,NPA,Gimenez / Gibson,536
Marion,Governor,NA,REP,DeSantis / Nuñez,108027
Marion,Registered Voters,NA,NA,NA,271032
Marion,Retention of Brian D. Lambert,Fifth District Court of Appeal,NA,OverVotes,30
Marion,Retention of Brian D. Lambert,Fifth District Court of Appeal,NA,UnderVotes,23349
Marion,Retention of Brian D. Lambert,Fifth District Court of Appeal,NOP,No,37543
Marion,Retention of Brian D. Lambert,Fifth District Court of Appeal,NOP,Yes,95505
Marion,Retention of Carrie Ann Wozniak,Fifth District Court of Appeal,NA,OverVotes,24
Marion,Retention of Carrie Ann Wozniak,Fifth District Court of Appeal,NA,UnderVotes,23509
Marion,Retention of Carrie Ann Wozniak,Fifth District Court of Appeal,NOP,No,36212
Marion,Retention of Carrie Ann Wozniak,Fifth District Court of Appeal,NOP,Yes,96682
Marion,Retention of Charles T. Canady,Justice of the Supreme Court,NA,OverVotes,63
Marion,Retention of Charles T. Canady,Justice of the Supreme Court,NA,UnderVotes,20586
Marion,Retention of Charles T. Canady,Justice of the Supreme Court,NOP,No,41080
Marion,Retention of Charles T. Canady,Justice of the Supreme Court,NOP,Yes,94698
Marion,Retention of Dan Traver,Fifth District Court of Appeal,NA,OverVotes,57
Marion,Retention of Dan Traver,Fifth District Court of Appeal,NA,UnderVotes,23909
Marion,Retention of Dan Traver,Fifth District Court of Appeal,NOP,No,37101
Marion,Retention of Dan Traver,Fifth District Court of Appeal,NOP,Yes,95360
Marion,Retention of James A. Edwards,Fifth District Court of Appeal,NA,OverVotes,26
Marion,Retention of James A. Edwards,Fifth District Court of Appeal,NA,UnderVotes,23696
Marion,Retention of James A. Edwards,Fifth District Court of Appeal,NOP,No,37086
Marion,Retention of James A. Edwards,Fifth District Court of Appeal,NOP,Yes,95619
Marion,Retention of Jamie Grosshans,Justice of the Supreme Court,NA,OverVotes,49
Marion,Retention of Jamie Grosshans,Justice of the Supreme Court,NA,UnderVotes,21841
Marion,Retention of Jamie Grosshans,Justice of the Supreme Court,NOP,No,39242
Marion,Retention of Jamie Grosshans,Justice of the Supreme Court,NOP,Yes,95295
Marion,Retention of Jay Cohen,Fifth District Court of Appeal,NA,OverVotes,64
Marion,Retention of Jay Cohen,Fifth District Court of Appeal,NA,UnderVotes,22930
Marion,Retention of Jay Cohen,Fifth District Court of Appeal,NOP,No,42492
Marion,Retention of Jay Cohen,Fifth District Court of Appeal,NOP,Yes,90941
Marion,Retention of John D. Couriel,Justice of the Supreme Court,NA,OverVotes,40
Marion,Retention of John D. Couriel,Justice of the Supreme Court,NA,UnderVotes,21749
Marion,Retention of John D. Couriel,Justice of the Supreme Court,NOP,No,39374
Marion,Retention of John D. Couriel,Justice of the Supreme Court,NOP,Yes,95264
Marion,Retention of Jorge Labarga,Justice of the Supreme Court,NA,OverVotes,69
Marion,Retention of Jorge Labarga,Justice of the Supreme Court,NA,UnderVotes,21857
Marion,Retention of Jorge Labarga,Justice of the Supreme Court,NOP,No,46947
Marion,Retention of Jorge Labarga,Justice of the Supreme Court,NOP,Yes,87554
Marion,Retention of Mary Nardella,Fifth District Court of Appeal,NA,OverVotes,43
Marion,Retention of Mary Nardella,Fifth District Court of Appeal,NA,UnderVotes,23623
Marion,Retention of Mary Nardella,Fifth District Court of Appeal,NOP,No,37194
Marion,Retention of Mary Nardella,Fifth District Court of Appeal,NOP,Yes,95567
Marion,Retention of Ricky Polston,Justice of the Supreme Court,NA,OverVotes,31
Marion,Retention of Ricky Polston,Justice of the Supreme Court,NA,UnderVotes,21927
Marion,Retention of Ricky Polston,Justice of the Supreme Court,NOP,No,43116
Marion,Retention of Ricky Polston,Justice of the Supreme Court,NOP,Yes,91353
Marion,State House,21,DEM,Yvonne Hayes Hinson,7252
Marion,State House,21,NA,OverVotes,2
Marion,State House,21,NA,UnderVotes,466
Marion,State House,21,REP,Hollye Merton,10336
Marion,State Senate,9,DEM,Rodney Long,47346
Marion,State Senate,9,NA,OverVotes,7
Marion,State Senate,9,NA,UnderVotes,2872
Marion,State Senate,9,REP,Keith Perry,106202
Marion,U.S. House,3,DEM,Danielle Hawk,29361
Marion,U.S. House,3,NA,OverVotes,4
Marion,U.S. House,3,NA,UnderVotes,1282
Marion,U.S. House,3,NPA,Linda S. Brooks,1167
Marion,U.S. House,3,REP,Kat Cammack,55232
Marion,U.S. House,6,LPF,"Joseph ""Joe"" Hannoush",12505
Marion,U.S. House,6,NA,OverVotes,5
Marion,U.S. House,6,NA,UnderVotes,5763
Marion,U.S. House,6,REP,Michael Waltz,51108
Marion,U.S. Senate,NA,DEM,Val Demings,49698
Marion,U.S. Senate,NA,LPF,Dennis Misigoy,625
Marion,U.S. Senate,NA,NA,OverVotes,23
Marion,U.S. Senate,NA,NA,UnderVotes,570
Marion,U.S. Senate,NA,NA,WriteinVotes,49
Marion,U.S. Senate,NA,NPA,Steven B. Grant,579
Marion,U.S. Senate,NA,NPA,Tuan TQ Nguyen,228
Marion,U.S. Senate,NA,REP,Marco Rubio,104655
Martin,Amendment No. 1: Limitation On Assessment of Real Property Used For Residential Purposes,NA,NA,OverVotes,36
Martin,Amendment No. 1: Limitation On Assessment of Real Property Used For Residential Purposes,NA,NA,UnderVotes,7994
Martin,Amendment No. 1: Limitation On Assessment of Real Property Used For Residential Purposes,NA,NOP,No for Rejection,28260
Martin,Amendment No. 1: Limitation On Assessment of Real Property Used For Residential Purposes,NA,NOP,Yes for Approval,41617
Martin,Amendment No. 2: Abolishing the Constitution Revision Commission,NA,NA,OverVotes,36
Martin,Amendment No. 2: Abolishing the Constitution Revision Commission,NA,NA,UnderVotes,7901
Martin,Amendment No. 2: Abolishing the Constitution Revision Commission,NA,NOP,No for Rejection,31229
Martin,Amendment No. 2: Abolishing the Constitution Revision Commission,NA,NOP,Yes for Approval,38741
Martin,Amendment No. 3: Additional Homestead Property Tax Exemption For Specified Critical Public Services Workforce,NA,NA,OverVotes,26
Martin,Amendment No. 3: Additional Homestead Property Tax Exemption For Specified Critical Public Services Workforce,NA,NA,UnderVotes,4690
Martin,Amendment No. 3: Additional Homestead Property Tax Exemption For Specified Critical Public Services Workforce,NA,NOP,No for Rejection,31624
Martin,Amendment No. 3: Additional Homestead Property Tax Exemption For Specified Critical Public Services Workforce,NA,NOP,Yes for Approval,41567
Martin,Attorney General,NA,DEM,Aramis Ayala,22614
Martin,Attorney General,NA,NA,OverVotes,4
Martin,Attorney General,NA,NA,UnderVotes,1277
Martin,Attorney General,NA,REP,Ashley Moody,54012
Martin,Chief Financial Officer,NA,DEM,Adam Hattersley,23385
Martin,Chief Financial Officer,NA,NA,OverVotes,6
Martin,Chief Financial Officer,NA,NA,UnderVotes,1900
Martin,Chief Financial Officer,NA,REP,Jimmy Patronis,52616
Martin,Commissioner of Agriculture,NA,DEM,Naomi Esther Blemur,23379
Martin,Commissioner of Agriculture,NA,NA,OverVotes,0
Martin,Commissioner of Agriculture,NA,NA,UnderVotes,2206
Martin,Commissioner of Agriculture,NA,REP,Wilton Simpson,52322
Martin,Governor,NA,DEM,Crist / Hernandez,23748
Martin,Governor,NA,LPF,Roos / Rorabaugh,140
Martin,Governor,NA,NA,OverVotes,34
Martin,Governor,NA,NA,UnderVotes,206
Martin,Governor,NA,NPA,Gimenez / Gibson,184
Martin,Governor,NA,REP,DeSantis / Nuñez,53595
Martin,Loxahatchee River Environmental Control District,Area 2,NA,OverVotes,5
Martin,Loxahatchee River Environmental Control District,Area 2,NA,UnderVotes,1154
Martin,Loxahatchee River Environmental Control District,Area 2,NOP,Akhil Chhabra,912
Martin,Loxahatchee River Environmental Control District,Area 2,NOP,Clinton Yerkes,1582
Martin,Loxahatchee River Environmental Control District,Area 4,NA,OverVotes,2
Martin,Loxahatchee River Environmental Control District,Area 4,NA,UnderVotes,1093
Martin,Loxahatchee River Environmental Control District,Area 4,NOP,Conrad Damon,279
Martin,Loxahatchee River Environmental Control District,Area 4,NOP,Kevin L. Baker,1094
Martin,Loxahatchee River Environmental Control District,Area 4,NOP,Mary Ann Hartman,1185
Martin,Registered Voters,NA,NA,NA,119066
Martin,Retention of Charles T. Canady,Justice of the Supreme Court,NA,OverVotes,28
Martin,Retention of Charles T. Canady,Justice of the Supreme Court,NA,UnderVotes,11700
Martin,Retention of Charles T. Canady,Justice of the Supreme Court,NOP,No,19582
Martin,Retention of Charles T. Canady,Justice of the Supreme Court,NOP,Yes,46597
Martin,Retention of Cory J. Ciklin,Fourth District Court of Appeal,NA,OverVotes,23
Martin,Retention of Cory J. Ciklin,Fourth District Court of Appeal,NA,UnderVotes,13899
Martin,Retention of Cory J. Ciklin,Fourth District Court of Appeal,NOP,No,22959
Martin,Retention of Cory J. Ciklin,Fourth District Court of Appeal,NOP,Yes,41026
Martin,Retention of Dorian K. Damoorgian,Fourth District Court of Appeal,NA,OverVotes,9
Martin,Retention of Dorian K. Damoorgian,Fourth District Court of Appeal,NA,UnderVotes,13874
Martin,Retention of Dorian K. Damoorgian,Fourth District Court of Appeal,NOP,No,19669
Martin,Retention of Dorian K. Damoorgian,Fourth District Court of Appeal,NOP,Yes,44355
Martin,Retention of Ed Artau,Fourth District Court of Appeal,NA,OverVotes,23
Martin,Retention of Ed Artau,Fourth District Court of Appeal,NA,UnderVotes,13597
Martin,Retention of Ed Artau,Fourth District Court of Appeal,NOP,No,18470
Martin,Retention of Ed Artau,Fourth District Court of Appeal,NOP,Yes,45817
Martin,Retention of Jamie Grosshans,Justice of the Supreme Court,NA,OverVotes,10
Martin,Retention of Jamie Grosshans,Justice of the Supreme Court,NA,UnderVotes,12234
Martin,Retention of Jamie Grosshans,Justice of the Supreme Court,NOP,No,19109
Martin,Retention of Jamie Grosshans,Justice of the Supreme Court,NOP,Yes,46554
Martin,Retention of John D. Couriel,Justice of the Supreme Court,NA,OverVotes,26
Martin,Retention of John D. Couriel,Justice of the Supreme Court,NA,UnderVotes,12151
Martin,Retention of John D. Couriel,Justice of the Supreme Court,NOP,No,19021
Martin,Retention of John D. Couriel,Justice of the Supreme Court,NOP,Yes,46709
Martin,Retention of Jonathan D. Gerber,Fourth District Court of Appeal,NA,OverVotes,15
Martin,Retention of Jonathan D. Gerber,Fourth District Court of Appeal,NA,UnderVotes,14565
Martin,Retention of Jonathan D. Gerber,Fourth District Court of Appeal,NOP,No,17899
Martin,Retention of Jonathan D. Gerber,Fourth District Court of Appeal,NOP,Yes,45428
Martin,Retention of Jorge Labarga,Justice of the Supreme Court,NA,OverVotes,44
Martin,Retention of Jorge Labarga,Justice of the Supreme Court,NA,UnderVotes,12437
Martin,Retention of Jorge Labarga,Justice of the Supreme Court,NOP,No,22711
Martin,Retention of Jorge Labarga,Justice of the Supreme Court,NOP,Yes,42715
Martin,Retention of Melanie G. May,Fourth District Court of Appeal,NA,OverVotes,4
Martin,Retention of Melanie G. May,Fourth District Court of Appeal,NA,UnderVotes,14823
Martin,Retention of Melanie G. May,Fourth District Court of Appeal,NOP,No,18164
Martin,Retention of Melanie G. May,Fourth District Court of Appeal,NOP,Yes,44916
Martin,Retention of Ricky Polston,Justice of the Supreme Court,NA,OverVotes,11
Martin,Retention of Ricky Polston,Justice of the Supreme Court,NA,UnderVotes,12839
Martin,Retention of Ricky Polston,Justice of the Supreme Court,NOP,No,20267
Martin,Retention of Ricky Polston,Justice of the Supreme Court,NOP,Yes,44790
Martin,Retention of Robert M. Gross,Fourth District Court of Appeal,NA,OverVotes,10
Martin,Retention of Robert M. Gross,Fourth District Court of Appeal,NA,UnderVotes,14871
Martin,Retention of Robert M. Gross,Fourth District Court of Appeal,NOP,No,19939
Martin,Retention of Robert M. Gross,Fourth District Court of Appeal,NOP,Yes,43087
Martin,Retention of Spencer D. Levine,Fourth District Court of Appeal,NA,OverVotes,17
Martin,Retention of Spencer D. Levine,Fourth District Court of Appeal,NA,UnderVotes,14985
Martin,Retention of Spencer D. Levine,Fourth District Court of Appeal,NOP,No,20362
Martin,Retention of Spencer D. Levine,Fourth District Court of Appeal,NOP,Yes,42543
Martin,State House,85,DEM,Curtis J. Tucker,5689
Martin,State House,85,NA,OverVotes,1
Martin,State House,85,NA,UnderVotes,387
Martin,State House,85,REP,Toby Overdorf,14134
Martin,State House,86,DEM,Raymond Denzel,17029
Martin,State House,86,NA,OverVotes,3
Martin,State House,86,NA,UnderVotes,1289
Martin,State House,86,REP,John Snyder,39375
Martin,U.S. House,21,DEM,Corinna Balderramos Robinson,22233
Martin,U.S. House,21,NA,OverVotes,5
Martin,U.S. House,21,NA,UnderVotes,651
Martin,U.S. House,21,REP,Brian Mast,55018
Martin,U.S. Senate,NA,DEM,Val Demings,24639
Martin,U.S. Senate,NA,LPF,Dennis Misigoy,242
Martin,U.S. Senate,NA,NA,OverVotes,24
Martin,U.S. Senate,NA,NA,UnderVotes,290
Martin,U.S. Senate,NA,NA,WriteinVotes,31
Martin,U.S. Senate,NA,NPA,Steven B. Grant,259
Martin,U.S. Senate,NA,NPA,Tuan TQ Nguyen,110
Martin,U.S. Senate,NA,REP,Marco Rubio,52312
Miami-Dade,Amendment No. 1: Limitation On Assessment of Real Property Used For Residential Purposes,NA,NA,OverVotes,565
Miami-Dade,Amendment No. 1: Limitation On Assessment of Real Property Used For Residential Purposes,NA,NA,UnderVotes,69997
Miami-Dade,Amendment No. 1: Limitation On Assessment of Real Property Used For Residential Purposes,NA,NOP,No for Rejection,276869
Miami-Dade,Amendment No. 1: Limitation On Assessment of Real Property Used For Residential Purposes,NA,NOP,Yes for Approval,367962
Miami-Dade,Amendment No. 2: Abolishing the Constitution Revision Commission,NA,NA,OverVotes,465
Miami-Dade,Amendment No. 2: Abolishing the Constitution Revision Commission,NA,NA,UnderVotes,86467
Miami-Dade,Amendment No. 2: Abolishing the Constitution Revision Commission,NA,NOP,No for Rejection,332251
Miami-Dade,Amendment No. 2: Abolishing the Constitution Revision Commission,NA,NOP,Yes for Approval,296210
Miami-Dade,Amendment No. 3: Additional Homestead Property Tax Exemption For Specified Critical Public Services Workforce,NA,NA,OverVotes,420
Miami-Dade,Amendment No. 3: Additional Homestead Property Tax Exemption For Specified Critical Public Services Workforce,NA,NA,UnderVotes,70332
Miami-Dade,Amendment No. 3: Additional Homestead Property Tax Exemption For Specified Critical Public Services Workforce,NA,NOP,No for Rejection,270690
Miami-Dade,Amendment No. 3: Additional Homestead Property Tax Exemption For Specified Critical Public Services Workforce,NA,NOP,Yes for Approval,373951
Miami-Dade,Attorney General,NA,DEM,Aramis Ayala,317204
Miami-Dade,Attorney General,NA,NA,OverVotes,215
Miami-Dade,Attorney General,NA,NA,UnderVotes,16668
Miami-Dade,Attorney General,NA,REP,Ashley Moody,381306
Miami-Dade,Chief Financial Officer,NA,DEM,Adam Hattersley,311005
Miami-Dade,Chief Financial Officer,NA,NA,OverVotes,87
Miami-Dade,Chief Financial Officer,NA,NA,UnderVotes,21206
Miami-Dade,Chief Financial Officer,NA,REP,Jimmy Patronis,383095
Miami-Dade,Commissioner of Agriculture,NA,DEM,Naomi Esther Blemur,318561
Miami-Dade,Commissioner of Agriculture,NA,NA,OverVotes,84
Miami-Dade,Commissioner of Agriculture,NA,NA,UnderVotes,20224
Miami-Dade,Commissioner of Agriculture,NA,REP,Wilton Simpson,376524
Miami-Dade,County Commissioner,2,NA,OverVotes,53
Miami-Dade,County Commissioner,2,NA,UnderVotes,2894
Miami-Dade,County Commissioner,2,NOP,Marleine Bastien,22046
Miami-Dade,County Commissioner,2,NOP,Philippe Bien-Aime,15394
Miami-Dade,County Commissioner,6,NA,OverVotes,41
Miami-Dade,County Commissioner,6,NA,UnderVotes,5734
Miami-Dade,County Commissioner,6,NOP,Jorge Fors,20319
Miami-Dade,County Commissioner,6,NOP,Kevin Marino Cabrera,32419
Miami-Dade,Cutler Cay Community Development District,Seat 1,NA,OverVotes,0
Miami-Dade,Cutler Cay Community Development District,Seat 1,NA,UnderVotes,123
Miami-Dade,Cutler Cay Community Development District,Seat 1,NOP,Leo D. Corradini,308
Miami-Dade,Cutler Cay Community Development District,Seat 1,NOP,Lois Rubin,181
Miami-Dade,Fountainbleau Lakes Community Development District,Seat 3,NA,OverVotes,0
Miami-Dade,Fountainbleau Lakes Community Development District,Seat 3,NA,UnderVotes,19
Miami-Dade,Fountainbleau Lakes Community Development District,Seat 3,NOP,Luis Gonzalez,121
Miami-Dade,Fountainbleau Lakes Community Development District,Seat 3,NOP,Miguel Ignacio Garcia Sanchez,99
Miami-Dade,Governor,NA,DEM,Crist / Hernandez,312972
Miami-Dade,Governor,NA,LPF,Roos / Rorabaugh,1721
Miami-Dade,Governor,NA,NA,OverVotes,444
Miami-Dade,Governor,NA,NA,UnderVotes,3098
Miami-Dade,Governor,NA,NPA,Gimenez / Gibson,3626
Miami-Dade,Governor,NA,REP,DeSantis / Nuñez,393532
Miami-Dade,Registered Voters,NA,NA,NA,1529439
Miami-Dade,Retention of Alexander Spicola Bokor,Third District Court of Appeal,NA,OverVotes,183
Miami-Dade,Retention of Alexander Spicola Bokor,Third District Court of Appeal,NA,UnderVotes,95700
Miami-Dade,Retention of Alexander Spicola Bokor,Third District Court of Appeal,NOP,No,217357
Miami-Dade,Retention of Alexander Spicola Bokor,Third District Court of Appeal,NOP,Yes,402153
Miami-Dade,Retention of Charles T. Canady,Justice of the Supreme Court,NA,OverVotes,419
Miami-Dade,Retention of Charles T. Canady,Justice of the Supreme Court,NA,UnderVotes,84199
Miami-Dade,Retention of Charles T. Canady,Justice of the Supreme Court,NOP,No,219781
Miami-Dade,Retention of Charles T. Canady,Justice of the Supreme Court,NOP,Yes,410994
Miami-Dade,Retention of Edwin A. Scales,Third District Court of Appeal,NA,OverVotes,198
Miami-Dade,Retention of Edwin A. Scales,Third District Court of Appeal,NA,UnderVotes,102152
Miami-Dade,Retention of Edwin A. Scales,Third District Court of Appeal,NOP,No,206817
Miami-Dade,Retention of Edwin A. Scales,Third District Court of Appeal,NOP,Yes,406226
Miami-Dade,Retention of Jamie Grosshans,Justice of the Supreme Court,NA,OverVotes,236
Miami-Dade,Retention of Jamie Grosshans,Justice of the Supreme Court,NA,UnderVotes,91682
Miami-Dade,Retention of Jamie Grosshans,Justice of the Supreme Court,NOP,No,221659
Miami-Dade,Retention of Jamie Grosshans,Justice of the Supreme Court,NOP,Yes,401816
Miami-Dade,Retention of John D. Couriel,Justice of the Supreme Court,NA,OverVotes,235
Miami-Dade,Retention of John D. Couriel,Justice of the Supreme Court,NA,UnderVotes,88861
Miami-Dade,Retention of John D. Couriel,Justice of the Supreme Court,NOP,No,222911
Miami-Dade,Retention of John D. Couriel,Justice of the Supreme Court,NOP,Yes,403386
Miami-Dade,Retention of Jorge Labarga,Justice of the Supreme Court,NA,OverVotes,420
Miami-Dade,Retention of Jorge Labarga,Justice of the Supreme Court,NA,UnderVotes,94231
Miami-Dade,Retention of Jorge Labarga,Justice of the Supreme Court,NOP,No,212224
Miami-Dade,Retention of Jorge Labarga,Justice of the Supreme Court,NOP,Yes,408518
Miami-Dade,Retention of Ricky Polston,Justice of the Supreme Court,NA,OverVotes,250
Miami-Dade,Retention of Ricky Polston,Justice of the Supreme Court,NA,UnderVotes,92098
Miami-Dade,Retention of Ricky Polston,Justice of the Supreme Court,NOP,No,221053
Miami-Dade,Retention of Ricky Polston,Justice of the Supreme Court,NOP,Yes,401992
Miami-Dade,State House,106,DEM,Jordan W. Leonard,26176
Miami-Dade,State House,106,NA,OverVotes,10
Miami-Dade,State House,106,NA,UnderVotes,1750
Miami-Dade,State House,106,REP,Fabián Basabe,26416
Miami-Dade,State House,113,DEM,"Alessandro ""A.J."" D'Amico",20234
Miami-Dade,State House,113,NA,OverVotes,6
Miami-Dade,State House,113,NA,UnderVotes,1559
Miami-Dade,State House,113,REP,Vicki Lopez,21059
Miami-Dade,State House,114,DEM,Adam Benna,25724
Miami-Dade,State House,114,NA,OverVotes,10
Miami-Dade,State House,114,NA,UnderVotes,1797
Miami-Dade,State House,114,REP,Demi Busatta Cabrera,33282
Miami-Dade,State House,115,DEM,Christie Cantin Davis,28696
Miami-Dade,State House,115,NA,OverVotes,9
Miami-Dade,State House,115,NA,UnderVotes,1762
Miami-Dade,State House,115,REP,Alina Garcia,40393
Miami-Dade,State House,118,DEM,Johnny Gonzalo Farias,18187
Miami-Dade,State House,118,NA,OverVotes,9
Miami-Dade,State House,118,NA,UnderVotes,1547
Miami-Dade,State House,118,REP,Juan Fernandez-Barquin,39344
Miami-Dade,State House,119,DEM,Gabriel Gonzalez,19700
Miami-Dade,State House,119,NA,OverVotes,7
Miami-Dade,State House,119,NA,UnderVotes,1019
Miami-Dade,State House,119,REP,Juan Carlos Porras,35574
Miami-Dade,State House,120,DEM,Adam Gentle,7657
Miami-Dade,State House,120,NA,OverVotes,5
Miami-Dade,State House,120,NA,UnderVotes,512
Miami-Dade,State House,120,REP,"James ""Jim"" V. Mooney Jr",11385
Miami-Dade,State Senate,36,DEM,Raquel Pacheco,52600
Miami-Dade,State Senate,36,NA,OverVotes,28
Miami-Dade,State Senate,36,NA,UnderVotes,2641
Miami-Dade,State Senate,36,REP,Ileana Garcia,75773
Miami-Dade,State Senate,38,DEM,Janelle Perez,78625
Miami-Dade,State Senate,38,NA,OverVotes,28
Miami-Dade,State Senate,38,NA,UnderVotes,3760
Miami-Dade,State Senate,38,REP,Alexis Maria Calatayud,93741
Miami-Dade,U.S. House,24,DEM,Frederica Wilson,118035
Miami-Dade,U.S. House,24,NA,OverVotes,30
Miami-Dade,U.S. House,24,NA,UnderVotes,4771
Miami-Dade,U.S. House,24,REP,Jesus G. Navarro,49149
Miami-Dade,U.S. House,26,DEM,Christine Alexandria Olivo,36626
Miami-Dade,U.S. House,26,NA,OverVotes,15
Miami-Dade,U.S. House,26,NA,UnderVotes,2019
Miami-Dade,U.S. House,26,REP,Mario Diaz-Balart,85708
Miami-Dade,U.S. House,27,DEM,Annette Taddeo,101404
Miami-Dade,U.S. House,27,NA,OverVotes,34
Miami-Dade,U.S. House,27,NA,UnderVotes,2616
Miami-Dade,U.S. House,27,REP,María Elvira Salazar,136038
Miami-Dade,U.S. House,28,DEM,Robert Asencio,63482
Miami-Dade,U.S. House,28,NA,OverVotes,58
Miami-Dade,U.S. House,28,NA,UnderVotes,2013
Miami-Dade,U.S. House,28,NA,WriteinVotes,288
Miami-Dade,U.S. House,28,REP,Carlos A. Gimenez,114036
Miami-Dade,U.S. Senate,NA,DEM,Val Demings,318978
Miami-Dade,U.S. Senate,NA,LPF,Dennis Misigoy,2593
Miami-Dade,U.S. Senate,NA,NA,OverVotes,440
Miami-Dade,U.S. Senate,NA,NA,UnderVotes,3877
Miami-Dade,U.S. Senate,NA,NA,WriteinVotes,293
Miami-Dade,U.S. Senate,NA,NPA,Steven B. Grant,2633
Miami-Dade,U.S. Senate,NA,NPA,Tuan TQ Nguyen,1257
Miami-Dade,U.S. Senate,NA,REP,Marco Rubio,386251
Monroe,Amendment No. 1: Limitation On Assessment of Real Property Used For Residential Purposes,NA,NA,OverVotes,4
Monroe,Amendment No. 1: Limitation On Assessment of Real Property Used For Residential Purposes,NA,NA,UnderVotes,2633
Monroe,Amendment No. 1: Limitation On Assessment of Real Property Used For Residential Purposes,NA,NOP,No for Rejection,11274
Monroe,Amendment No. 1: Limitation On Assessment of Real Property Used For Residential Purposes,NA,NOP,Yes for Approval,20205
Monroe,Amendment No. 2: Abolishing the Constitution Revision Commission,NA,NA,OverVotes,3
Monroe,Amendment No. 2: Abolishing the Constitution Revision Commission,NA,NA,UnderVotes,3345
Monroe,Amendment No. 2: Abolishing the Constitution Revision Commission,NA,NOP,No for Rejection,13728
Monroe,Amendment No. 2: Abolishing the Constitution Revision Commission,NA,NOP,Yes for Approval,17040
Monroe,Amendment No. 3: Additional Homestead Property Tax Exemption For Specified Critical Public Services Workforce,NA,NA,OverVotes,1
Monroe,Amendment No. 3: Additional Homestead Property Tax Exemption For Specified Critical Public Services Workforce,NA,NA,UnderVotes,1944
Monroe,Amendment No. 3: Additional Homestead Property Tax Exemption For Specified Critical Public Services Workforce,NA,NOP,No for Rejection,11443
Monroe,Amendment No. 3: Additional Homestead Property Tax Exemption For Specified Critical Public Services Workforce,NA,NOP,Yes for Approval,20728
Monroe,Attorney General,NA,DEM,Aramis Ayala,13037
Monroe,Attorney General,NA,NA,OverVotes,0
Monroe,Attorney General,NA,NA,UnderVotes,651
Monroe,Attorney General,NA,REP,Ashley Moody,20428
Monroe,Chief Financial Officer,NA,DEM,Adam Hattersley,12992
Monroe,Chief Financial Officer,NA,NA,OverVotes,0
Monroe,Chief Financial Officer,NA,NA,UnderVotes,936
Monroe,Chief Financial Officer,NA,REP,Jimmy Patronis,20188
Monroe,Commissioner of Agriculture,NA,DEM,Naomi Esther Blemur,13267
Monroe,Commissioner of Agriculture,NA,NA,OverVotes,0
Monroe,Commissioner of Agriculture,NA,NA,UnderVotes,903
Monroe,Commissioner of Agriculture,NA,REP,Wilton Simpson,19946
Monroe,Governor,NA,DEM,Crist / Hernandez,13314
Monroe,Governor,NA,LPF,Roos / Rorabaugh,85
Monroe,Governor,NA,NA,OverVotes,2
Monroe,Governor,NA,NA,UnderVotes,110
Monroe,Governor,NA,NPA,Gimenez / Gibson,126
Monroe,Governor,NA,REP,DeSantis / Nuñez,20479
Monroe,Key Largo Wastewater Treatment District (Vote For 3),NA,NOP,Andrew Tobin,2009
Monroe,Key Largo Wastewater Treatment District (Vote For 3),NA,NOP,Robby Majeska,2785
Monroe,Key Largo Wastewater Treatment District (Vote For 3),NA,NOP,Sue Heim,2394
Monroe,Key Largo Wastewater Treatment District (Vote For 3),NA,NOP,Tim Maloney,2421
Monroe,Registered Voters,NA,NA,NA,55183
Monroe,Retention of Alexander Spicola Bokor,Third District Court of Appeal,NA,OverVotes,5
Monroe,Retention of Alexander Spicola Bokor,Third District Court of Appeal,NA,UnderVotes,5515
Monroe,Retention of Alexander Spicola Bokor,Third District Court of Appeal,NOP,No,10295
Monroe,Retention of Alexander Spicola Bokor,Third District Court of Appeal,NOP,Yes,18301
Monroe,Retention of Charles T. Canady,Justice of the Supreme Court,NA,OverVotes,6
Monroe,Retention of Charles T. Canady,Justice of the Supreme Court,NA,UnderVotes,4858
Monroe,Retention of Charles T. Canady,Justice of the Supreme Court,NOP,No,10750
Monroe,Retention of Charles T. Canady,Justice of the Supreme Court,NOP,Yes,18502
Monroe,Retention of Edwin A. Scales,Third District Court of Appeal,NA,OverVotes,1
Monroe,Retention of Edwin A. Scales,Third District Court of Appeal,NA,UnderVotes,5244
Monroe,Retention of Edwin A. Scales,Third District Court of Appeal,NOP,No,9092
Monroe,Retention of Edwin A. Scales,Third District Court of Appeal,NOP,Yes,19779
Monroe,Retention of Jamie Grosshans,Justice of the Supreme Court,NA,OverVotes,4
Monroe,Retention of Jamie Grosshans,Justice of the Supreme Court,NA,UnderVotes,5195
Monroe,Retention of Jamie Grosshans,Justice of the Supreme Court,NOP,No,10879
Monroe,Retention of Jamie Grosshans,Justice of the Supreme Court,NOP,Yes,18038
Monroe,Retention of John D. Couriel,Justice of the Supreme Court,NA,OverVotes,3
Monroe,Retention of John D. Couriel,Justice of the Supreme Court,NA,UnderVotes,5132
Monroe,Retention of John D. Couriel,Justice of the Supreme Court,NOP,No,11057
Monroe,Retention of John D. Couriel,Justice of the Supreme Court,NOP,Yes,17924
Monroe,Retention of Jorge Labarga,Justice of the Supreme Court,NA,OverVotes,4
Monroe,Retention of Jorge Labarga,Justice of the Supreme Court,NA,UnderVotes,5213
Monroe,Retention of Jorge Labarga,Justice of the Supreme Court,NOP,No,10040
Monroe,Retention of Jorge Labarga,Justice of the Supreme Court,NOP,Yes,18859
Monroe,Retention of Ricky Polston,Justice of the Supreme Court,NA,OverVotes,1
Monroe,Retention of Ricky Polston,Justice of the Supreme Court,NA,UnderVotes,5267
Monroe,Retention of Ricky Polston,Justice of the Supreme Court,NOP,No,10792
Monroe,Retention of Ricky Polston,Justice of the Supreme Court,NOP,Yes,18056
Monroe,State House,120,DEM,Adam Gentle,13005
Monroe,State House,120,NA,OverVotes,2
Monroe,State House,120,NA,UnderVotes,706
Monroe,State House,120,REP,"James ""Jim"" V. Mooney Jr",20403
Monroe,U.S. House,28,DEM,Robert Asencio,13183
Monroe,U.S. House,28,NA,OverVotes,0
Monroe,U.S. House,28,NA,UnderVotes,459
Monroe,U.S. House,28,NA,WriteinVotes,53
Monroe,U.S. House,28,REP,Carlos A. Gimenez,20421
Monroe,U.S. Senate,NA,DEM,Val Demings,13756
Monroe,U.S. Senate,NA,LPF,Dennis Misigoy,151
Monroe,U.S. Senate,NA,NA,OverVotes,2
Monroe,U.S. Senate,NA,NA,UnderVotes,126
Monroe,U.S. Senate,NA,NA,WriteinVotes,16
Monroe,U.S. Senate,NA,NPA,Steven B. Grant,107
Monroe,U.S. Senate,NA,NPA,Tuan TQ Nguyen,61
Monroe,U.S. Senate,NA,REP,Marco Rubio,19897
Nassau,Amelia National Community Development District,Seat 5,NA,OverVotes,0
Nassau,Amelia National Community Development District,Seat 5,NA,UnderVotes,63
Nassau,Amelia National Community Development District,Seat 5,NOP,Fred Phelleps,160
Nassau,Amelia National Community Development District,Seat 5,NOP,Stephen G. Kearney,329
Nassau,Amendment No. 1: Limitation On Assessment of Real Property Used For Residential Purposes,NA,NA,OverVotes,18
Nassau,Amendment No. 1: Limitation On Assessment of Real Property Used For Residential Purposes,NA,NA,UnderVotes,4214
Nassau,Amendment No. 1: Limitation On Assessment of Real Property Used For Residential Purposes,NA,NOP,No for Rejection,17446
Nassau,Amendment No. 1: Limitation On Assessment of Real Property Used For Residential Purposes,NA,NOP,Yes for Approval,26213
Nassau,Amendment No. 2: Abolishing the Constitution Revision Commission,NA,NA,OverVotes,14
Nassau,Amendment No. 2: Abolishing the Constitution Revision Commission,NA,NA,UnderVotes,4649
Nassau,Amendment No. 2: Abolishing the Constitution Revision Commission,NA,NOP,No for Rejection,18005
Nassau,Amendment No. 2: Abolishing the Constitution Revision Commission,NA,NOP,Yes for Approval,25223
Nassau,Amendment No. 3: Additional Homestead Property Tax Exemption For Specified Critical Public Services Workforce,NA,NA,OverVotes,24
Nassau,Amendment No. 3: Additional Homestead Property Tax Exemption For Specified Critical Public Services Workforce,NA,NA,UnderVotes,2957
Nassau,Amendment No. 3: Additional Homestead Property Tax Exemption For Specified Critical Public Services Workforce,NA,NOP,No for Rejection,20360
Nassau,Amendment No. 3: Additional Homestead Property Tax Exemption For Specified Critical Public Services Workforce,NA,NOP,Yes for Approval,24550
Nassau,Attorney General,NA,DEM,Aramis Ayala,10225
Nassau,Attorney General,NA,NA,OverVotes,4
Nassau,Attorney General,NA,NA,UnderVotes,618
Nassau,Attorney General,NA,REP,Ashley Moody,37044
Nassau,Chief Financial Officer,NA,DEM,Adam Hattersley,10682
Nassau,Chief Financial Officer,NA,NA,OverVotes,3
Nassau,Chief Financial Officer,NA,NA,UnderVotes,984
Nassau,Chief Financial Officer,NA,REP,Jimmy Patronis,36222
Nassau,Commissioner of Agriculture,NA,DEM,Naomi Esther Blemur,10773
Nassau,Commissioner of Agriculture,NA,NA,OverVotes,1
Nassau,Commissioner of Agriculture,NA,NA,UnderVotes,1033
Nassau,Commissioner of Agriculture,NA,REP,Wilton Simpson,36084
Nassau,Governor,NA,DEM,Crist / Hernandez,10973
Nassau,Governor,NA,LPF,Roos / Rorabaugh,115
Nassau,Governor,NA,NA,OverVotes,10
Nassau,Governor,NA,NA,UnderVotes,117
Nassau,Governor,NA,NPA,Gimenez / Gibson,125
Nassau,Governor,NA,REP,DeSantis / Nuñez,36551
Nassau,Registered Voters,NA,NA,NA,75750
Nassau,Retention of Bo Winokur,First District Court of Appeal,NA,OverVotes,12
Nassau,Retention of Bo Winokur,First District Court of Appeal,NA,UnderVotes,7275
Nassau,Retention of Bo Winokur,First District Court of Appeal,NOP,No,11664
Nassau,Retention of Bo Winokur,First District Court of Appeal,NOP,Yes,28940
Nassau,Retention of Bobby Long,First District Court of Appeal,NA,OverVotes,9
Nassau,Retention of Bobby Long,First District Court of Appeal,NA,UnderVotes,7150
Nassau,Retention of Bobby Long,First District Court of Appeal,NOP,No,11195
Nassau,Retention of Bobby Long,First District Court of Appeal,NOP,Yes,29537
Nassau,Retention of Charles T. Canady,Justice of the Supreme Court,NA,OverVotes,20
Nassau,Retention of Charles T. Canady,Justice of the Supreme Court,NA,UnderVotes,6340
Nassau,Retention of Charles T. Canady,Justice of the Supreme Court,NOP,No,14356
Nassau,Retention of Charles T. Canady,Justice of the Supreme Court,NOP,Yes,27175
Nassau,Retention of Jamie Grosshans,Justice of the Supreme Court,NA,OverVotes,16
Nassau,Retention of Jamie Grosshans,Justice of the Supreme Court,NA,UnderVotes,6716
Nassau,Retention of Jamie Grosshans,Justice of the Supreme Court,NOP,No,13281
Nassau,Retention of Jamie Grosshans,Justice of the Supreme Court,NOP,Yes,27878
Nassau,Retention of John D. Couriel,Justice of the Supreme Court,NA,OverVotes,13
Nassau,Retention of John D. Couriel,Justice of the Supreme Court,NA,UnderVotes,6657
Nassau,Retention of John D. Couriel,Justice of the Supreme Court,NOP,No,11480
Nassau,Retention of John D. Couriel,Justice of the Supreme Court,NOP,Yes,29741
Nassau,Retention of Jorge Labarga,Justice of the Supreme Court,NA,OverVotes,25
Nassau,Retention of Jorge Labarga,Justice of the Supreme Court,NA,UnderVotes,6722
Nassau,Retention of Jorge Labarga,Justice of the Supreme Court,NOP,No,16867
Nassau,Retention of Jorge Labarga,Justice of the Supreme Court,NOP,Yes,24277
Nassau,Retention of Lori S. Rowe,First District Court of Appeal,NA,OverVotes,12
Nassau,Retention of Lori S. Rowe,First District Court of Appeal,NA,UnderVotes,7161
Nassau,Retention of Lori S. Rowe,First District Court of Appeal,NOP,No,14652
Nassau,Retention of Lori S. Rowe,First District Court of Appeal,NOP,Yes,26066
Nassau,Retention of Ricky Polston,Justice of the Supreme Court,NA,OverVotes,2
Nassau,Retention of Ricky Polston,Justice of the Supreme Court,NA,UnderVotes,6684
Nassau,Retention of Ricky Polston,Justice of the Supreme Court,NOP,No,15380
Nassau,Retention of Ricky Polston,Justice of the Supreme Court,NOP,Yes,25825
Nassau,Retention of Ross L. Bilbrey,First District Court of Appeal,NA,OverVotes,20
Nassau,Retention of Ross L. Bilbrey,First District Court of Appeal,NA,UnderVotes,7036
Nassau,Retention of Ross L. Bilbrey,First District Court of Appeal,NOP,No,11474
Nassau,Retention of Ross L. Bilbrey,First District Court of Appeal,NOP,Yes,29361
Nassau,Retention of Susan Kelsey,First District Court of Appeal,NA,OverVotes,10
Nassau,Retention of Susan Kelsey,First District Court of Appeal,NA,UnderVotes,7097
Nassau,Retention of Susan Kelsey,First District Court of Appeal,NOP,No,11085
Nassau,Retention of Susan Kelsey,First District Court of Appeal,NOP,Yes,29699
Nassau,School Board,1,NA,OverVotes,21
Nassau,School Board,1,NA,UnderVotes,6510
Nassau,School Board,1,NOP,Jamie Deonas,20017
Nassau,School Board,1,NOP,Shannon Hogue,21343
Nassau,School Board,3,NA,OverVotes,5
Nassau,School Board,3,NA,UnderVotes,7555
Nassau,School Board,3,NOP,Albert J Wagner,16664
Nassau,School Board,3,NOP,Curtis Gaus,23667
Nassau,State House,15,NA,OverVotes,3
Nassau,State House,15,NA,UnderVotes,7375
Nassau,State House,15,NA,WriteinVotes,1958
Nassau,State House,15,REP,Dean Black,38555
Nassau,State Senate,4,DEM,Sharmin Smith,10628
Nassau,State Senate,4,NA,OverVotes,3
Nassau,State Senate,4,NA,UnderVotes,861
Nassau,State Senate,4,REP,Clay Yarborough,36399
Nassau,U.S. House,4,DEM,"LaShonda ""L.J."" Holloway",10387
Nassau,U.S. House,4,NA,OverVotes,4
Nassau,U.S. House,4,NA,UnderVotes,415
Nassau,U.S. House,4,NA,WriteinVotes,64
Nassau,U.S. House,4,REP,Aaron Bean,37021
Nassau,U.S. Senate,NA,DEM,Val Demings,11337
Nassau,U.S. Senate,NA,LPF,Dennis Misigoy,201
Nassau,U.S. Senate,NA,NA,OverVotes,4
Nassau,U.S. Senate,NA,NA,UnderVotes,153
Nassau,U.S. Senate,NA,NA,WriteinVotes,22
Nassau,U.S. Senate,NA,NPA,Steven B. Grant,166
Nassau,U.S. Senate,NA,NPA,Tuan TQ Nguyen,64
Nassau,U.S. Senate,NA,REP,Marco Rubio,35944
Okaloosa,Amendment No. 1: Limitation On Assessment of Real Property Used For Residential Purposes,NA,NA,OverVotes,23
Okaloosa,Amendment No. 1: Limitation On Assessment of Real Property Used For Residential Purposes,NA,NA,UnderVotes,5512
Okaloosa,Amendment No. 1: Limitation On Assessment of Real Property Used For Residential Purposes,NA,NOP,No for Rejection,30221
Okaloosa,Amendment No. 1: Limitation On Assessment of Real Property Used For Residential Purposes,NA,NOP,Yes for Approval,45410
Okaloosa,Amendment No. 2: Abolishing the Constitution Revision Commission,NA,NA,OverVotes,16
Okaloosa,Amendment No. 2: Abolishing the Constitution Revision Commission,NA,NA,UnderVotes,6015
Okaloosa,Amendment No. 2: Abolishing the Constitution Revision Commission,NA,NOP,No for Rejection,31042
Okaloosa,Amendment No. 2: Abolishing the Constitution Revision Commission,NA,NOP,Yes for Approval,44093
Okaloosa,Amendment No. 3: Additional Homestead Property Tax Exemption For Specified Critical Public Services Workforce,NA,NA,OverVotes,22
Okaloosa,Amendment No. 3: Additional Homestead Property Tax Exemption For Specified Critical Public Services Workforce,NA,NA,UnderVotes,3474
Okaloosa,Amendment No. 3: Additional Homestead Property Tax Exemption For Specified Critical Public Services Workforce,NA,NOP,No for Rejection,26274
Okaloosa,Amendment No. 3: Additional Homestead Property Tax Exemption For Specified Critical Public Services Workforce,NA,NOP,Yes for Approval,51396
Okaloosa,Attorney General,NA,DEM,Aramis Ayala,18338
Okaloosa,Attorney General,NA,NA,OverVotes,3
Okaloosa,Attorney General,NA,NA,UnderVotes,937
Okaloosa,Attorney General,NA,REP,Ashley Moody,61888
Okaloosa,Chief Financial Officer,NA,DEM,Adam Hattersley,18521
Okaloosa,Chief Financial Officer,NA,NA,OverVotes,4
Okaloosa,Chief Financial Officer,NA,NA,UnderVotes,1408
Okaloosa,Chief Financial Officer,NA,REP,Jimmy Patronis,61233
Okaloosa,Commissioner of Agriculture,NA,DEM,Naomi Esther Blemur,19007
Okaloosa,Commissioner of Agriculture,NA,NA,OverVotes,7
Okaloosa,Commissioner of Agriculture,NA,NA,UnderVotes,1539
Okaloosa,Commissioner of Agriculture,NA,REP,Wilton Simpson,60613
Okaloosa,Governor,NA,DEM,Crist / Hernandez,18569
Okaloosa,Governor,NA,LPF,Roos / Rorabaugh,348
Okaloosa,Governor,NA,NA,OverVotes,10
Okaloosa,Governor,NA,NA,UnderVotes,148
Okaloosa,Governor,NA,NPA,Gimenez / Gibson,376
Okaloosa,Governor,NA,REP,DeSantis / Nuñez,61715
Okaloosa,Registered Voters,NA,NA,NA,144013
Okaloosa,Retention of Bo Winokur,First District Court of Appeal,NA,OverVotes,13
Okaloosa,Retention of Bo Winokur,First District Court of Appeal,NA,UnderVotes,11232
Okaloosa,Retention of Bo Winokur,First District Court of Appeal,NOP,No,22762
Okaloosa,Retention of Bo Winokur,First District Court of Appeal,NOP,Yes,47159
Okaloosa,Retention of Bobby Long,First District Court of Appeal,NA,OverVotes,29
Okaloosa,Retention of Bobby Long,First District Court of Appeal,NA,UnderVotes,11281
Okaloosa,Retention of Bobby Long,First District Court of Appeal,NOP,No,21640
Okaloosa,Retention of Bobby Long,First District Court of Appeal,NOP,Yes,48216
Okaloosa,Retention of Charles T. Canady,Justice of the Supreme Court,NA,OverVotes,34
Okaloosa,Retention of Charles T. Canady,Justice of the Supreme Court,NA,UnderVotes,9649
Okaloosa,Retention of Charles T. Canady,Justice of the Supreme Court,NOP,No,23542
Okaloosa,Retention of Charles T. Canady,Justice of the Supreme Court,NOP,Yes,47941
Okaloosa,Retention of Jamie Grosshans,Justice of the Supreme Court,NA,OverVotes,19
Okaloosa,Retention of Jamie Grosshans,Justice of the Supreme Court,NA,UnderVotes,10308
Okaloosa,Retention of Jamie Grosshans,Justice of the Supreme Court,NOP,No,22305
Okaloosa,Retention of Jamie Grosshans,Justice of the Supreme Court,NOP,Yes,48534
Okaloosa,Retention of John D. Couriel,Justice of the Supreme Court,NA,OverVotes,18
Okaloosa,Retention of John D. Couriel,Justice of the Supreme Court,NA,UnderVotes,10657
Okaloosa,Retention of John D. Couriel,Justice of the Supreme Court,NOP,No,22487
Okaloosa,Retention of John D. Couriel,Justice of the Supreme Court,NOP,Yes,48004
Okaloosa,Retention of Jorge Labarga,Justice of the Supreme Court,NA,OverVotes,32
Okaloosa,Retention of Jorge Labarga,Justice of the Supreme Court,NA,UnderVotes,10424
Okaloosa,Retention of Jorge Labarga,Justice of the Supreme Court,NOP,No,27852
Okaloosa,Retention of Jorge Labarga,Justice of the Supreme Court,NOP,Yes,42858
Okaloosa,Retention of Lori S. Rowe,First District Court of Appeal,NA,OverVotes,33
Okaloosa,Retention of Lori S. Rowe,First District Court of Appeal,NA,UnderVotes,11189
Okaloosa,Retention of Lori S. Rowe,First District Court of Appeal,NOP,No,22125
Okaloosa,Retention of Lori S. Rowe,First District Court of Appeal,NOP,Yes,47819
Okaloosa,Retention of Ricky Polston,Justice of the Supreme Court,NA,OverVotes,18
Okaloosa,Retention of Ricky Polston,Justice of the Supreme Court,NA,UnderVotes,10479
Okaloosa,Retention of Ricky Polston,Justice of the Supreme Court,NOP,No,24272
Okaloosa,Retention of Ricky Polston,Justice of the Supreme Court,NOP,Yes,46397
Okaloosa,Retention of Ross L. Bilbrey,First District Court of Appeal,NA,OverVotes,30
Okaloosa,Retention of Ross L. Bilbrey,First District Court of Appeal,NA,UnderVotes,10981
Okaloosa,Retention of Ross L. Bilbrey,First District Court of Appeal,NOP,No,22000
Okaloosa,Retention of Ross L. Bilbrey,First District Court of Appeal,NOP,Yes,48155
Okaloosa,Retention of Susan Kelsey,First District Court of Appeal,NA,OverVotes,35
Okaloosa,Retention of Susan Kelsey,First District Court of Appeal,NA,UnderVotes,11046
Okaloosa,Retention of Susan Kelsey,First District Court of Appeal,NOP,No,20723
Okaloosa,Retention of Susan Kelsey,First District Court of Appeal,NOP,Yes,49362
Okaloosa,State House,3,NA,OverVotes,1
Okaloosa,State House,3,NA,UnderVotes,1052
Okaloosa,State House,3,NA,WriteinVotes,293
Okaloosa,State House,3,REP,Joel Rudman,10427
Okaloosa,State Senate,1,DEM,Charlie Nichols,3179
Okaloosa,State Senate,1,NA,OverVotes,0
Okaloosa,State Senate,1,NA,UnderVotes,268
Okaloosa,State Senate,1,REP,Doug Broxson,11055
Okaloosa,State Senate,2,DEM,Carolynn Zonia,16090
Okaloosa,State Senate,2,NA,OverVotes,4
Okaloosa,State Senate,2,NA,UnderVotes,1532
Okaloosa,State Senate,2,REP,Jay Trumbull,49038
Okaloosa,U.S. House,1,DEM,Rebekah Jones,23015
Okaloosa,U.S. House,1,NA,OverVotes,2
Okaloosa,U.S. House,1,NA,UnderVotes,1528
Okaloosa,U.S. House,1,REP,Matt Gaetz,56621
Okaloosa,U.S. Senate,NA,DEM,Val Demings,18851
Okaloosa,U.S. Senate,NA,LPF,Dennis Misigoy,473
Okaloosa,U.S. Senate,NA,NA,OverVotes,2
Okaloosa,U.S. Senate,NA,NA,UnderVotes,342
Okaloosa,U.S. Senate,NA,NA,WriteinVotes,33
Okaloosa,U.S. Senate,NA,NPA,Steven B. Grant,371
Okaloosa,U.S. Senate,NA,NPA,Tuan TQ Nguyen,286
Okaloosa,U.S. Senate,NA,REP,Marco Rubio,60808
Okeechobee,Amendment No. 1: Limitation On Assessment of Real Property Used For Residential Purposes,NA,NA,OverVotes,4
Okeechobee,Amendment No. 1: Limitation On Assessment of Real Property Used For Residential Purposes,NA,NA,UnderVotes,981
Okeechobee,Amendment No. 1: Limitation On Assessment of Real Property Used For Residential Purposes,NA,NOP,No for Rejection,4390
Okeechobee,Amendment No. 1: Limitation On Assessment of Real Property Used For Residential Purposes,NA,NOP,Yes for Approval,5559
Okeechobee,Amendment No. 2: Abolishing the Constitution Revision Commission,NA,NA,OverVotes,5
Okeechobee,Amendment No. 2: Abolishing the Constitution Revision Commission,NA,NA,UnderVotes,1053
Okeechobee,Amendment No. 2: Abolishing the Constitution Revision Commission,NA,NOP,No for Rejection,4421
Okeechobee,Amendment No. 2: Abolishing the Constitution Revision Commission,NA,NOP,Yes for Approval,5455
Okeechobee,Amendment No. 3: Additional Homestead Property Tax Exemption For Specified Critical Public Services Workforce,NA,NA,OverVotes,2
Okeechobee,Amendment No. 3: Additional Homestead Property Tax Exemption For Specified Critical Public Services Workforce,NA,NA,UnderVotes,673
Okeechobee,Amendment No. 3: Additional Homestead Property Tax Exemption For Specified Critical Public Services Workforce,NA,NOP,No for Rejection,4138
Okeechobee,Amendment No. 3: Additional Homestead Property Tax Exemption For Specified Critical Public Services Workforce,NA,NOP,Yes for Approval,6121
Okeechobee,Attorney General,NA,DEM,Aramis Ayala,2025
Okeechobee,Attorney General,NA,NA,OverVotes,0
Okeechobee,Attorney General,NA,NA,UnderVotes,205
Okeechobee,Attorney General,NA,REP,Ashley Moody,8704
Okeechobee,Chief Financial Officer,NA,DEM,Adam Hattersley,2179
Okeechobee,Chief Financial Officer,NA,NA,OverVotes,1
Okeechobee,Chief Financial Officer,NA,NA,UnderVotes,326
Okeechobee,Chief Financial Officer,NA,REP,Jimmy Patronis,8428
Okeechobee,Commissioner of Agriculture,NA,DEM,Naomi Esther Blemur,2087
Okeechobee,Commissioner of Agriculture,NA,NA,OverVotes,1
Okeechobee,Commissioner of Agriculture,NA,NA,UnderVotes,258
Okeechobee,Commissioner of Agriculture,NA,REP,Wilton Simpson,8588
Okeechobee,Governor,NA,DEM,Crist / Hernandez,2079
Okeechobee,Governor,NA,LPF,Roos / Rorabaugh,18
Okeechobee,Governor,NA,NA,OverVotes,5
Okeechobee,Governor,NA,NA,UnderVotes,43
Okeechobee,Governor,NA,NPA,Gimenez / Gibson,43
Okeechobee,Governor,NA,REP,DeSantis / Nuñez,8746
Okeechobee,Registered Voters,NA,NA,NA,22757
Okeechobee,Retention of Charles T. Canady,Justice of the Supreme Court,NA,OverVotes,3
Okeechobee,Retention of Charles T. Canady,Justice of the Supreme Court,NA,UnderVotes,1318
Okeechobee,Retention of Charles T. Canady,Justice of the Supreme Court,NOP,No,2633
Okeechobee,Retention of Charles T. Canady,Justice of the Supreme Court,NOP,Yes,6980
Okeechobee,Retention of Cory J. Ciklin,Fourth District Court of Appeal,NA,OverVotes,5
Okeechobee,Retention of Cory J. Ciklin,Fourth District Court of Appeal,NA,UnderVotes,1527
Okeechobee,Retention of Cory J. Ciklin,Fourth District Court of Appeal,NOP,No,3308
Okeechobee,Retention of Cory J. Ciklin,Fourth District Court of Appeal,NOP,Yes,6094
Okeechobee,Retention of Dorian K. Damoorgian,Fourth District Court of Appeal,NA,OverVotes,4
Okeechobee,Retention of Dorian K. Damoorgian,Fourth District Court of Appeal,NA,UnderVotes,1538
Okeechobee,Retention of Dorian K. Damoorgian,Fourth District Court of Appeal,NOP,No,2891
Okeechobee,Retention of Dorian K. Damoorgian,Fourth District Court of Appeal,NOP,Yes,6501
Okeechobee,Retention of Ed Artau,Fourth District Court of Appeal,NA,OverVotes,3
Okeechobee,Retention of Ed Artau,Fourth District Court of Appeal,NA,UnderVotes,1473
Okeechobee,Retention of Ed Artau,Fourth District Court of Appeal,NOP,No,2589
Okeechobee,Retention of Ed Artau,Fourth District Court of Appeal,NOP,Yes,6869
Okeechobee,Retention of Jamie Grosshans,Justice of the Supreme Court,NA,OverVotes,2
Okeechobee,Retention of Jamie Grosshans,Justice of the Supreme Court,NA,UnderVotes,1408
Okeechobee,Retention of Jamie Grosshans,Justice of the Supreme Court,NOP,No,2468
Okeechobee,Retention of Jamie Grosshans,Justice of the Supreme Court,NOP,Yes,7056
Okeechobee,Retention of John D. Couriel,Justice of the Supreme Court,NA,OverVotes,1
Okeechobee,Retention of John D. Couriel,Justice of the Supreme Court,NA,UnderVotes,1386
Okeechobee,Retention of John D. Couriel,Justice of the Supreme Court,NOP,No,2489
Okeechobee,Retention of John D. Couriel,Justice of the Supreme Court,NOP,Yes,7058
Okeechobee,Retention of Jonathan D. Gerber,Fourth District Court of Appeal,NA,OverVotes,2
Okeechobee,Retention of Jonathan D. Gerber,Fourth District Court of Appeal,NA,UnderVotes,1521
Okeechobee,Retention of Jonathan D. Gerber,Fourth District Court of Appeal,NOP,No,2594
Okeechobee,Retention of Jonathan D. Gerber,Fourth District Court of Appeal,NOP,Yes,6817
Okeechobee,Retention of Jorge Labarga,Justice of the Supreme Court,NA,OverVotes,3
Okeechobee,Retention of Jorge Labarga,Justice of the Supreme Court,NA,UnderVotes,1405
Okeechobee,Retention of Jorge Labarga,Justice of the Supreme Court,NOP,No,3582
Okeechobee,Retention of Jorge Labarga,Justice of the Supreme Court,NOP,Yes,5944
Okeechobee,Retention of Melanie G. May,Fourth District Court of Appeal,NA,OverVotes,1
Okeechobee,Retention of Melanie G. May,Fourth District Court of Appeal,NA,UnderVotes,1649
Okeechobee,Retention of Melanie G. May,Fourth District Court of Appeal,NOP,No,2484
Okeechobee,Retention of Melanie G. May,Fourth District Court of Appeal,NOP,Yes,6800
Okeechobee,Retention of Ricky Polston,Justice of the Supreme Court,NA,OverVotes,7
Okeechobee,Retention of Ricky Polston,Justice of the Supreme Court,NA,UnderVotes,1398
Okeechobee,Retention of Ricky Polston,Justice of the Supreme Court,NOP,No,2734
Okeechobee,Retention of Ricky Polston,Justice of the Supreme Court,NOP,Yes,6795
Okeechobee,Retention of Robert M. Gross,Fourth District Court of Appeal,NA,OverVotes,10
Okeechobee,Retention of Robert M. Gross,Fourth District Court of Appeal,NA,UnderVotes,1611
Okeechobee,Retention of Robert M. Gross,Fourth District Court of Appeal,NOP,No,2892
Okeechobee,Retention of Robert M. Gross,Fourth District Court of Appeal,NOP,Yes,6421
Okeechobee,Retention of Spencer D. Levine,Fourth District Court of Appeal,NA,OverVotes,9
Okeechobee,Retention of Spencer D. Levine,Fourth District Court of Appeal,NA,UnderVotes,1660
Okeechobee,Retention of Spencer D. Levine,Fourth District Court of Appeal,NOP,No,2737
Okeechobee,Retention of Spencer D. Levine,Fourth District Court of Appeal,NOP,Yes,6528
Okeechobee,U.S. House,18,NA,OverVotes,2
Okeechobee,U.S. House,18,NA,UnderVotes,481
Okeechobee,U.S. House,18,NA,WriteinVotes,30
Okeechobee,U.S. House,18,NPA,Keith R. Hayden Jr,1860
Okeechobee,U.S. House,18,REP,Scott Franklin,8561
Okeechobee,U.S. Senate,NA,DEM,Val Demings,2218
Okeechobee,U.S. Senate,NA,LPF,Dennis Misigoy,38
Okeechobee,U.S. Senate,NA,NA,OverVotes,3
Okeechobee,U.S. Senate,NA,NA,UnderVotes,64
Okeechobee,U.S. Senate,NA,NA,WriteinVotes,4
Okeechobee,U.S. Senate,NA,NPA,Steven B. Grant,59
Okeechobee,U.S. Senate,NA,NPA,Tuan TQ Nguyen,16
Okeechobee,U.S. Senate,NA,REP,Marco Rubio,8532
Orange,Amendment No. 1: Limitation On Assessment of Real Property Used For Residential Purposes,NA,NA,OverVotes,216
Orange,Amendment No. 1: Limitation On Assessment of Real Property Used For Residential Purposes,NA,NA,UnderVotes,39142
Orange,Amendment No. 1: Limitation On Assessment of Real Property Used For Residential Purposes,NA,NOP,No for Rejection,178514
Orange,Amendment No. 1: Limitation On Assessment of Real Property Used For Residential Purposes,NA,NOP,Yes for Approval,190745
Orange,Amendment No. 2: Abolishing the Constitution Revision Commission,NA,NA,OverVotes,196
Orange,Amendment No. 2: Abolishing the Constitution Revision Commission,NA,NA,UnderVotes,39803
Orange,Amendment No. 2: Abolishing the Constitution Revision Commission,NA,NOP,No for Rejection,180654
Orange,Amendment No. 2: Abolishing the Constitution Revision Commission,NA,NOP,Yes for Approval,187964
Orange,Amendment No. 3: Additional Homestead Property Tax Exemption For Specified Critical Public Services Workforce,NA,NA,OverVotes,147
Orange,Amendment No. 3: Additional Homestead Property Tax Exemption For Specified Critical Public Services Workforce,NA,NA,UnderVotes,30356
Orange,Amendment No. 3: Additional Homestead Property Tax Exemption For Specified Critical Public Services Workforce,NA,NOP,No for Rejection,163484
Orange,Amendment No. 3: Additional Homestead Property Tax Exemption For Specified Critical Public Services Workforce,NA,NOP,Yes for Approval,214630
Orange,Attorney General,NA,DEM,Aramis Ayala,209882
Orange,Attorney General,NA,NA,OverVotes,68
Orange,Attorney General,NA,NA,UnderVotes,6875
Orange,Attorney General,NA,REP,Ashley Moody,191792
Orange,Chief Financial Officer,NA,DEM,Adam Hattersley,213592
Orange,Chief Financial Officer,NA,NA,OverVotes,39
Orange,Chief Financial Officer,NA,NA,UnderVotes,10189
Orange,Chief Financial Officer,NA,REP,Jimmy Patronis,184797
Orange,Commissioner of Agriculture,NA,DEM,Naomi Esther Blemur,216682
Orange,Commissioner of Agriculture,NA,NA,OverVotes,53
Orange,Commissioner of Agriculture,NA,NA,UnderVotes,9971
Orange,Commissioner of Agriculture,NA,REP,Wilton Simpson,181911
Orange,County Commissioner,4,NA,OverVotes,17
Orange,County Commissioner,4,NA,UnderVotes,9261
Orange,County Commissioner,4,NOP,Maribel Gomez Cordero,32767
Orange,County Commissioner,4,NOP,Mercedes Fonseca,24157
Orange,County Commissioner,6,NA,OverVotes,10
Orange,County Commissioner,6,NA,UnderVotes,4597
Orange,County Commissioner,6,NOP,Lawanna Gelzer,16402
Orange,County Commissioner,6,NOP,"Michael ""Mike"" Scott",17058
Orange,Governor,NA,DEM,Crist / Hernandez,216221
Orange,Governor,NA,LPF,Roos / Rorabaugh,1213
Orange,Governor,NA,NA,OverVotes,99
Orange,Governor,NA,NA,UnderVotes,1288
Orange,Governor,NA,NPA,Gimenez / Gibson,2143
Orange,Governor,NA,REP,DeSantis / Nuñez,187653
Orange,Orange Soil and Water Conservation District,Group 4,NA,OverVotes,63
Orange,Orange Soil and Water Conservation District,Group 4,NA,UnderVotes,75803
Orange,Orange Soil and Water Conservation District,Group 4,NOP,Karoyln Campbell,231008
Orange,Orange Soil and Water Conservation District,Group 4,NOP,Vicente Rafael Perez,101743
Orange,Randal Park Community Development District,Seat 4,NA,OverVotes,0
Orange,Randal Park Community Development District,Seat 4,NA,UnderVotes,129
Orange,Randal Park Community Development District,Seat 4,NOP,Lori Shayne Ciaravella,202
Orange,Randal Park Community Development District,Seat 4,NOP,Marcela Asquith,233
Orange,Randal Park Community Development District,Seat 4,NOP,Sean Masherella,340
Orange,Registered Voters,NA,NA,NA,870296
Orange,Retention of Brian D. Lambert,Fifth District Court of Appeal,NA,OverVotes,116
Orange,Retention of Brian D. Lambert,Fifth District Court of Appeal,NA,UnderVotes,54688
Orange,Retention of Brian D. Lambert,Fifth District Court of Appeal,NOP,No,117643
Orange,Retention of Brian D. Lambert,Fifth District Court of Appeal,NOP,Yes,236170
Orange,Retention of Carrie Ann Wozniak,Fifth District Court of Appeal,NA,OverVotes,68
Orange,Retention of Carrie Ann Wozniak,Fifth District Court of Appeal,NA,UnderVotes,52832
Orange,Retention of Carrie Ann Wozniak,Fifth District Court of Appeal,NOP,No,138338
Orange,Retention of Carrie Ann Wozniak,Fifth District Court of Appeal,NOP,Yes,217379
Orange,Retention of Charles T. Canady,Justice of the Supreme Court,NA,OverVotes,205
Orange,Retention of Charles T. Canady,Justice of the Supreme Court,NA,UnderVotes,46286
Orange,Retention of Charles T. Canady,Justice of the Supreme Court,NOP,No,155053
Orange,Retention of Charles T. Canady,Justice of the Supreme Court,NOP,Yes,207073
Orange,Retention of Dan Traver,Fifth District Court of Appeal,NA,OverVotes,135
Orange,Retention of Dan Traver,Fifth District Court of Appeal,NA,UnderVotes,54698
Orange,Retention of Dan Traver,Fifth District Court of Appeal,NOP,No,139302
Orange,Retention of Dan Traver,Fifth District Court of Appeal,NOP,Yes,214482
Orange,Retention of James A. Edwards,Fifth District Court of Appeal,NA,OverVotes,123
Orange,Retention of James A. Edwards,Fifth District Court of Appeal,NA,UnderVotes,54058
Orange,Retention of James A. Edwards,Fifth District Court of Appeal,NOP,No,112097
Orange,Retention of James A. Edwards,Fifth District Court of Appeal,NOP,Yes,242339
Orange,Retention of Jamie Grosshans,Justice of the Supreme Court,NA,OverVotes,177
Orange,Retention of Jamie Grosshans,Justice of the Supreme Court,NA,UnderVotes,49961
Orange,Retention of Jamie Grosshans,Justice of the Supreme Court,NOP,No,157839
Orange,Retention of Jamie Grosshans,Justice of the Supreme Court,NOP,Yes,200640
Orange,Retention of Jay Cohen,Fifth District Court of Appeal,NA,OverVotes,242
Orange,Retention of Jay Cohen,Fifth District Court of Appeal,NA,UnderVotes,52370
Orange,Retention of Jay Cohen,Fifth District Court of Appeal,NOP,No,123842
Orange,Retention of Jay Cohen,Fifth District Court of Appeal,NOP,Yes,232163
Orange,Retention of John D. Couriel,Justice of the Supreme Court,NA,OverVotes,120
Orange,Retention of John D. Couriel,Justice of the Supreme Court,NA,UnderVotes,49227
Orange,Retention of John D. Couriel,Justice of the Supreme Court,NOP,No,160331
Orange,Retention of John D. Couriel,Justice of the Supreme Court,NOP,Yes,198939
Orange,Retention of Jorge Labarga,Justice of the Supreme Court,NA,OverVotes,261
Orange,Retention of Jorge Labarga,Justice of the Supreme Court,NA,UnderVotes,50476
Orange,Retention of Jorge Labarga,Justice of the Supreme Court,NOP,No,126477
Orange,Retention of Jorge Labarga,Justice of the Supreme Court,NOP,Yes,231403
Orange,Retention of Mary Nardella,Fifth District Court of Appeal,NA,OverVotes,160
Orange,Retention of Mary Nardella,Fifth District Court of Appeal,NA,UnderVotes,53241
Orange,Retention of Mary Nardella,Fifth District Court of Appeal,NOP,No,145781
Orange,Retention of Mary Nardella,Fifth District Court of Appeal,NOP,Yes,209435
Orange,Retention of Ricky Polston,Justice of the Supreme Court,NA,OverVotes,91
Orange,Retention of Ricky Polston,Justice of the Supreme Court,NA,UnderVotes,49937
Orange,Retention of Ricky Polston,Justice of the Supreme Court,NOP,No,153273
Orange,Retention of Ricky Polston,Justice of the Supreme Court,NOP,Yes,205316
Orange,School Board,2,NA,OverVotes,12
Orange,School Board,2,NA,UnderVotes,7308
Orange,School Board,2,NOP,Heather Ashby,22181
Orange,School Board,2,NOP,Maria Salamanca,22718
Orange,School Board,3,NA,OverVotes,28
Orange,School Board,3,NA,UnderVotes,5709
Orange,School Board,3,NA,WriteinVotes,160
Orange,School Board,3,NOP,Alicia Farrant,26493
Orange,School Board,3,NOP,Michael Daniels,24112
Orange,State House,35,DEM,Rishi Bagga,22451
Orange,State House,35,NA,OverVotes,6
Orange,State House,35,NA,UnderVotes,1003
Orange,State House,35,REP,Fred Hawkins,23689
Orange,State House,37,DEM,Carlos Guillermo Smith,12713
Orange,State House,37,NA,OverVotes,3
Orange,State House,37,NA,UnderVotes,411
Orange,State House,37,REP,Susan Plasencia,10228
Orange,State House,39,DEM,Tiffany Hughes,20106
Orange,State House,39,NA,OverVotes,4
Orange,State House,39,NA,UnderVotes,818
Orange,State House,39,REP,Doug Bankson,22477
Orange,State House,40,DEM,LaVon Bracy Davis,27920
Orange,State House,40,NA,OverVotes,5
Orange,State House,40,NA,UnderVotes,1111
Orange,State House,40,REP,Nate Robertson,15040
Orange,State House,41,DEM,Bruce H. Antone,20207
Orange,State House,41,GRE,Robin Denise Harris,4601
Orange,State House,41,NA,OverVotes,15
Orange,State House,41,NA,UnderVotes,2310
Orange,State House,42,DEM,Anna V. Eskamani,43103
Orange,State House,42,NA,OverVotes,6
Orange,State House,42,NA,UnderVotes,1545
Orange,State House,42,REP,Bonnie Jackson,33014
Orange,State House,43,DEM,Johanna Lopez,22146
Orange,State House,43,NA,OverVotes,0
Orange,State House,43,NA,UnderVotes,859
Orange,State House,43,REP,Christopher Wright,16427
Orange,State House,45,DEM,Allie Braswell,25241
Orange,State House,45,NA,OverVotes,5
Orange,State House,45,NA,UnderVotes,951
Orange,State House,45,REP,Carolina Amesty,29539
Orange,State House,47,DEM,Anthony Nieves,3326
Orange,State House,47,NA,OverVotes,1
Orange,State House,47,NA,UnderVotes,112
Orange,State House,47,REP,Paula A. Stark,1980
Orange,State Senate,10,DEM,Joy Goff-Marcil,15420
Orange,State Senate,10,NA,OverVotes,1
Orange,State Senate,10,NA,UnderVotes,742
Orange,State Senate,10,REP,Jason Brodeur,13605
Orange,State Senate,13,DEM,Stephanie L. Dukes,27400
Orange,State Senate,13,NA,OverVotes,6
Orange,State Senate,13,NA,UnderVotes,1285
Orange,State Senate,13,REP,Dennis Baxley,31502
Orange,State Senate,17,DEM,Linda Stewart,85689
Orange,State Senate,17,NA,OverVotes,9
Orange,State Senate,17,NA,UnderVotes,2854
Orange,State Senate,17,REP,Steve Dixon,67170
Orange,State Senate,25,DEM,Victor M. Torres Jr,19396
Orange,State Senate,25,NA,OverVotes,2
Orange,State Senate,25,NA,UnderVotes,688
Orange,State Senate,25,REP,Peter A. Vivaldi Jr,12844
Orange,U.S. House,10,DEM,Maxwell Alejandro Frost,117955
Orange,U.S. House,10,NA,OverVotes,56
Orange,U.S. House,10,NA,UnderVotes,3749
Orange,U.S. House,10,NPA,Jason Holic,2001
Orange,U.S. House,10,NPA,Usha Jain,1110
Orange,U.S. House,10,REP,Calvin B. Wimbish,78844
Orange,U.S. House,11,DEM,Shante Munns,53009
Orange,U.S. House,11,NA,OverVotes,13
Orange,U.S. House,11,NA,UnderVotes,1589
Orange,U.S. House,11,NPA,Kevin Porter,1496
Orange,U.S. House,11,REP,Daniel Webster,61892
Orange,U.S. House,8,DEM,Joanne Terry,216
Orange,U.S. House,8,NA,OverVotes,0
Orange,U.S. House,8,NA,UnderVotes,13
Orange,U.S. House,8,REP,Bill Posey,881
Orange,U.S. House,9,DEM,Darren Soto,46756
Orange,U.S. House,9,NA,OverVotes,19
Orange,U.S. House,9,NA,UnderVotes,1249
Orange,U.S. House,9,REP,Scotty Moore,37769
Orange,U.S. Senate,NA,DEM,Val Demings,225569
Orange,U.S. Senate,NA,LPF,Dennis Misigoy,1758
Orange,U.S. Senate,NA,NA,OverVotes,161
Orange,U.S. Senate,NA,NA,UnderVotes,1231
Orange,U.S. Senate,NA,NA,WriteinVotes,181
Orange,U.S. Senate,NA,NPA,Steven B. Grant,1388
Orange,U.S. Senate,NA,NPA,Tuan TQ Nguyen,1224
Orange,U.S. Senate,NA,REP,Marco Rubio,177105
Osceola,Amendment No. 1: Limitation On Assessment of Real Property Used For Residential Purposes,NA,NA,OverVotes,28
Osceola,Amendment No. 1: Limitation On Assessment of Real Property Used For Residential Purposes,NA,NA,UnderVotes,9235
Osceola,Amendment No. 1: Limitation On Assessment of Real Property Used For Residential Purposes,NA,NOP,No for Rejection,38734
Osceola,Amendment No. 1: Limitation On Assessment of Real Property Used For Residential Purposes,NA,NOP,Yes for Approval,55176
Osceola,Amendment No. 2: Abolishing the Constitution Revision Commission,NA,NA,OverVotes,23
Osceola,Amendment No. 2: Abolishing the Constitution Revision Commission,NA,NA,UnderVotes,9982
Osceola,Amendment No. 2: Abolishing the Constitution Revision Commission,NA,NOP,No for Rejection,43530
Osceola,Amendment No. 2: Abolishing the Constitution Revision Commission,NA,NOP,Yes for Approval,49638
Osceola,Amendment No. 3: Additional Homestead Property Tax Exemption For Specified Critical Public Services Workforce,NA,NA,OverVotes,21
Osceola,Amendment No. 3: Additional Homestead Property Tax Exemption For Specified Critical Public Services Workforce,NA,NA,UnderVotes,7601
Osceola,Amendment No. 3: Additional Homestead Property Tax Exemption For Specified Critical Public Services Workforce,NA,NOP,No for Rejection,32923
Osceola,Amendment No. 3: Additional Homestead Property Tax Exemption For Specified Critical Public Services Workforce,NA,NOP,Yes for Approval,62628
Osceola,Anthem Park Community Development District,Seat 2,NA,OverVotes,1
Osceola,Anthem Park Community Development District,Seat 2,NA,UnderVotes,85
Osceola,Anthem Park Community Development District,Seat 2,NOP,Geoffrey von Rentzell,175
Osceola,Anthem Park Community Development District,Seat 2,NOP,Kenneth Williams,268
Osceola,Attorney General,NA,DEM,Aramis Ayala,47256
Osceola,Attorney General,NA,NA,OverVotes,14
Osceola,Attorney General,NA,NA,UnderVotes,1367
Osceola,Attorney General,NA,REP,Ashley Moody,54536
Osceola,Celebration Community Development District,Seat 2,NA,OverVotes,1
Osceola,Celebration Community Development District,Seat 2,NA,UnderVotes,964
Osceola,Celebration Community Development District,Seat 2,NOP,Daniel Swinford,1437
Osceola,Celebration Community Development District,Seat 2,NOP,David Hulme,2969
Osceola,Celebration Community Development District,Seat 4,NA,OverVotes,0
Osceola,Celebration Community Development District,Seat 4,NA,UnderVotes,956
Osceola,Celebration Community Development District,Seat 4,NOP,Kevin Kirby,2002
Osceola,Celebration Community Development District,Seat 4,NOP,Tom A Touzin,2413
Osceola,Chief Financial Officer,NA,DEM,Adam Hattersley,48569
Osceola,Chief Financial Officer,NA,NA,OverVotes,5
Osceola,Chief Financial Officer,NA,NA,UnderVotes,2194
Osceola,Chief Financial Officer,NA,REP,Jimmy Patronis,52405
Osceola,Commissioner of Agriculture,NA,DEM,Naomi Esther Blemur,48938
Osceola,Commissioner of Agriculture,NA,NA,OverVotes,7
Osceola,Commissioner of Agriculture,NA,NA,UnderVotes,2111
Osceola,Commissioner of Agriculture,NA,REP,Wilton Simpson,52117
Osceola,Concorde Estates Community Development District,Seat 1,NA,OverVotes,0
Osceola,Concorde Estates Community Development District,Seat 1,NA,UnderVotes,41
Osceola,Concorde Estates Community Development District,Seat 1,NOP,Michael Barbuck,133
Osceola,Concorde Estates Community Development District,Seat 1,NOP,Veronica Rivera,208
Osceola,Concorde Estates Community Development District,Seat 2,NA,OverVotes,0
Osceola,Concorde Estates Community Development District,Seat 2,NA,UnderVotes,30
Osceola,Concorde Estates Community Development District,Seat 2,NOP,Sailyn Alli,123
Osceola,Concorde Estates Community Development District,Seat 2,NOP,Victor Cruz,229
Osceola,Concorde Estates Community Development District,Seat 3,NA,OverVotes,0
Osceola,Concorde Estates Community Development District,Seat 3,NA,UnderVotes,57
Osceola,Concorde Estates Community Development District,Seat 3,NOP,Basam Alli,129
Osceola,Concorde Estates Community Development District,Seat 3,NOP,Cesar Goyetche,196
Osceola,County Commissioner,2,DEM,Viviana Janer,11563
Osceola,County Commissioner,2,NA,OverVotes,8
Osceola,County Commissioner,2,NA,UnderVotes,1364
Osceola,County Commissioner,2,NPA,"Beulah ""Rosita"" Farquharson",4076
Osceola,Governor,NA,DEM,Crist / Hernandez,47387
Osceola,Governor,NA,LPF,Roos / Rorabaugh,333
Osceola,Governor,NA,NA,OverVotes,60
Osceola,Governor,NA,NA,UnderVotes,288
Osceola,Governor,NA,NPA,Gimenez / Gibson,775
Osceola,Governor,NA,REP,DeSantis / Nuñez,54330
Osceola,Gramercy Farms Community Development District,"Osceola County, Seat 4",NA,OverVotes,1
Osceola,Gramercy Farms Community Development District,"Osceola County, Seat 4",NA,UnderVotes,58
Osceola,Gramercy Farms Community Development District,"Osceola County, Seat 4",NOP,Cynthia Sircus,147
Osceola,Gramercy Farms Community Development District,"Osceola County, Seat 4",NOP,Elizabeth Fernández,266
Osceola,Gramercy Farms Community Development District,"Osceola County, Seat 5",NA,OverVotes,0
Osceola,Gramercy Farms Community Development District,"Osceola County, Seat 5",NA,UnderVotes,56
Osceola,Gramercy Farms Community Development District,"Osceola County, Seat 5",NOP,Daniel Urra,126
Osceola,Gramercy Farms Community Development District,"Osceola County, Seat 5",NOP,Rolando Fernandez,192
Osceola,Gramercy Farms Community Development District,"Osceola County, Seat 5",NOP,Steven Sircus,98
Osceola,Overoaks Community Development District,Seat 3,NA,OverVotes,0
Osceola,Overoaks Community Development District,Seat 3,NA,UnderVotes,132
Osceola,Overoaks Community Development District,Seat 3,NOP,Debbie Allen,478
Osceola,Overoaks Community Development District,Seat 3,NOP,Michelle Bowden,419
Osceola,Overoaks Community Development District,Seat 4,NA,OverVotes,0
Osceola,Overoaks Community Development District,Seat 4,NA,UnderVotes,135
Osceola,Overoaks Community Development District,Seat 4,NOP,Melissa Palomino,535
Osceola,Overoaks Community Development District,Seat 4,NOP,Tricia Vanderbeck,359
Osceola,Registered Voters,NA,NA,NA,254867
Osceola,Retention of Brian D. Lambert,Fifth District Court of Appeal,NA,OverVotes,22
Osceola,Retention of Brian D. Lambert,Fifth District Court of Appeal,NA,UnderVotes,11655
Osceola,Retention of Brian D. Lambert,Fifth District Court of Appeal,NOP,No,30920
Osceola,Retention of Brian D. Lambert,Fifth District Court of Appeal,NOP,Yes,60576
Osceola,Retention of Carrie Ann Wozniak,Fifth District Court of Appeal,NA,OverVotes,14
Osceola,Retention of Carrie Ann Wozniak,Fifth District Court of Appeal,NA,UnderVotes,11498
Osceola,Retention of Carrie Ann Wozniak,Fifth District Court of Appeal,NOP,No,30812
Osceola,Retention of Carrie Ann Wozniak,Fifth District Court of Appeal,NOP,Yes,60849
Osceola,Retention of Charles T. Canady,Justice of the Supreme Court,NA,OverVotes,36
Osceola,Retention of Charles T. Canady,Justice of the Supreme Court,NA,UnderVotes,9806
Osceola,Retention of Charles T. Canady,Justice of the Supreme Court,NOP,No,33621
Osceola,Retention of Charles T. Canady,Justice of the Supreme Court,NOP,Yes,59710
Osceola,Retention of Dan Traver,Fifth District Court of Appeal,NA,OverVotes,21
Osceola,Retention of Dan Traver,Fifth District Court of Appeal,NA,UnderVotes,11700
Osceola,Retention of Dan Traver,Fifth District Court of Appeal,NOP,No,31299
Osceola,Retention of Dan Traver,Fifth District Court of Appeal,NOP,Yes,60153
Osceola,Retention of James A. Edwards,Fifth District Court of Appeal,NA,OverVotes,49
Osceola,Retention of James A. Edwards,Fifth District Court of Appeal,NA,UnderVotes,11420
Osceola,Retention of James A. Edwards,Fifth District Court of Appeal,NOP,No,29571
Osceola,Retention of James A. Edwards,Fifth District Court of Appeal,NOP,Yes,62133
Osceola,Retention of Jamie Grosshans,Justice of the Supreme Court,NA,OverVotes,20
Osceola,Retention of Jamie Grosshans,Justice of the Supreme Court,NA,UnderVotes,10456
Osceola,Retention of Jamie Grosshans,Justice of the Supreme Court,NOP,No,33865
Osceola,Retention of Jamie Grosshans,Justice of the Supreme Court,NOP,Yes,58832
Osceola,Retention of Jay Cohen,Fifth District Court of Appeal,NA,OverVotes,16
Osceola,Retention of Jay Cohen,Fifth District Court of Appeal,NA,UnderVotes,11420
Osceola,Retention of Jay Cohen,Fifth District Court of Appeal,NOP,No,32503
Osceola,Retention of Jay Cohen,Fifth District Court of Appeal,NOP,Yes,59234
Osceola,Retention of John D. Couriel,Justice of the Supreme Court,NA,OverVotes,24
Osceola,Retention of John D. Couriel,Justice of the Supreme Court,NA,UnderVotes,10318
Osceola,Retention of John D. Couriel,Justice of the Supreme Court,NOP,No,34391
Osceola,Retention of John D. Couriel,Justice of the Supreme Court,NOP,Yes,58440
Osceola,Retention of Jorge Labarga,Justice of the Supreme Court,NA,OverVotes,26
Osceola,Retention of Jorge Labarga,Justice of the Supreme Court,NA,UnderVotes,10689
Osceola,Retention of Jorge Labarga,Justice of the Supreme Court,NOP,No,33929
Osceola,Retention of Jorge Labarga,Justice of the Supreme Court,NOP,Yes,58529
Osceola,Retention of Mary Nardella,Fifth District Court of Appeal,NA,OverVotes,24
Osceola,Retention of Mary Nardella,Fifth District Court of Appeal,NA,UnderVotes,11523
Osceola,Retention of Mary Nardella,Fifth District Court of Appeal,NOP,No,31268
Osceola,Retention of Mary Nardella,Fifth District Court of Appeal,NOP,Yes,60358
Osceola,Retention of Ricky Polston,Justice of the Supreme Court,NA,OverVotes,17
Osceola,Retention of Ricky Polston,Justice of the Supreme Court,NA,UnderVotes,10850
Osceola,Retention of Ricky Polston,Justice of the Supreme Court,NOP,No,33672
Osceola,Retention of Ricky Polston,Justice of the Supreme Court,NOP,Yes,58634
Osceola,Reunion West Community Development District,Seat 3,NA,OverVotes,0
Osceola,Reunion West Community Development District,Seat 3,NA,UnderVotes,45
Osceola,Reunion West Community Development District,Seat 3,NOP,Marshall Tweed,74
Osceola,Reunion West Community Development District,Seat 3,NOP,William L Witcher,137
Osceola,Reunion West Community Development District,Seat 5,NA,OverVotes,0
Osceola,Reunion West Community Development District,Seat 5,NA,UnderVotes,51
Osceola,Reunion West Community Development District,Seat 5,NOP,Michael Barry,135
Osceola,Reunion West Community Development District,Seat 5,NOP,Quentin Reed,70
Osceola,School Board,4,NA,OverVotes,12
Osceola,School Board,4,NA,UnderVotes,1257
Osceola,School Board,4,NOP,Heather Kahoun,8442
Osceola,School Board,4,NOP,"Will ""Coach"" Fonseca",7918
Osceola,State House,35,DEM,Rishi Bagga,3996
Osceola,State House,35,NA,OverVotes,2
Osceola,State House,35,NA,UnderVotes,365
Osceola,State House,35,REP,Fred Hawkins,9169
Osceola,State House,45,DEM,Allie Braswell,5919
Osceola,State House,45,NA,OverVotes,0
Osceola,State House,45,NA,UnderVotes,177
Osceola,State House,45,REP,Carolina Amesty,6056
Osceola,State House,46,DEM,Kristen Arrington,20146
Osceola,State House,46,NA,OverVotes,12
Osceola,State House,46,NA,UnderVotes,539
Osceola,State House,46,NPA,Ivan A. Rivera,1026
Osceola,State House,46,REP,Christian De La Torre,13393
Osceola,State House,47,DEM,Anthony Nieves,19621
Osceola,State House,47,NA,OverVotes,2
Osceola,State House,47,NA,UnderVotes,905
Osceola,State House,47,REP,Paula A. Stark,21845
Osceola,State Senate,25,DEM,Victor M. Torres Jr,50724
Osceola,State Senate,25,NA,OverVotes,4
Osceola,State Senate,25,NA,UnderVotes,2001
Osceola,State Senate,25,REP,Peter A. Vivaldi Jr,50444
Osceola,U.S. House,9,DEM,Darren Soto,52827
Osceola,U.S. House,9,NA,OverVotes,16
Osceola,U.S. House,9,NA,UnderVotes,1401
Osceola,U.S. House,9,REP,Scotty Moore,48929
Osceola,U.S. Senate,NA,DEM,Val Demings,49907
Osceola,U.S. Senate,NA,LPF,Dennis Misigoy,532
Osceola,U.S. Senate,NA,NA,OverVotes,29
Osceola,U.S. Senate,NA,NA,UnderVotes,398
Osceola,U.S. Senate,NA,NA,WriteinVotes,60
Osceola,U.S. Senate,NA,NPA,Steven B. Grant,513
Osceola,U.S. Senate,NA,NPA,Tuan TQ Nguyen,312
Osceola,U.S. Senate,NA,REP,Marco Rubio,51422
Osceola,Villasol Community Development District,Seat 1,NA,OverVotes,1
Osceola,Villasol Community Development District,Seat 1,NA,UnderVotes,12
Osceola,Villasol Community Development District,Seat 1,NOP,Mario A Cordova,288
Osceola,Villasol Community Development District,Seat 1,NOP,Ramon E Bermúdez,73
Osceola,Villasol Community Development District,Seat 4,NA,OverVotes,0
Osceola,Villasol Community Development District,Seat 4,NA,UnderVotes,16
Osceola,Villasol Community Development District,Seat 4,NOP,Anna Marie Werksman,128
Osceola,Villasol Community Development District,Seat 4,NOP,Corey T Gagnon,230
Osceola,Villasol Community Development District,Seat 5,NA,OverVotes,0
Osceola,Villasol Community Development District,Seat 5,NA,UnderVotes,20
Osceola,Villasol Community Development District,Seat 5,NOP,Herman A Pérez,298
Osceola,Villasol Community Development District,Seat 5,NOP,Mark Gosdin,56
Palm Beach,Amendment No. 1: Limitation On Assessment of Real Property Used For Residential Purposes,NA,NA,OverVotes,151
Palm Beach,Amendment No. 1: Limitation On Assessment of Real Property Used For Residential Purposes,NA,NA,UnderVotes,65859
Palm Beach,Amendment No. 1: Limitation On Assessment of Real Property Used For Residential Purposes,NA,NOP,No for Rejection,193669
Palm Beach,Amendment No. 1: Limitation On Assessment of Real Property Used For Residential Purposes,NA,NOP,Yes for Approval,285871
Palm Beach,Amendment No. 2: Abolishing the Constitution Revision Commission,NA,NA,OverVotes,131
Palm Beach,Amendment No. 2: Abolishing the Constitution Revision Commission,NA,NA,UnderVotes,71381
Palm Beach,Amendment No. 2: Abolishing the Constitution Revision Commission,NA,NOP,No for Rejection,226215
Palm Beach,Amendment No. 2: Abolishing the Constitution Revision Commission,NA,NOP,Yes for Approval,247823
Palm Beach,Amendment No. 3: Additional Homestead Property Tax Exemption For Specified Critical Public Services Workforce,NA,NA,OverVotes,102
Palm Beach,Amendment No. 3: Additional Homestead Property Tax Exemption For Specified Critical Public Services Workforce,NA,NA,UnderVotes,56413
Palm Beach,Amendment No. 3: Additional Homestead Property Tax Exemption For Specified Critical Public Services Workforce,NA,NOP,No for Rejection,181502
Palm Beach,Amendment No. 3: Additional Homestead Property Tax Exemption For Specified Critical Public Services Workforce,NA,NOP,Yes for Approval,307533
Palm Beach,Attorney General,NA,DEM,Aramis Ayala,259365
Palm Beach,Attorney General,NA,NA,OverVotes,44
Palm Beach,Attorney General,NA,NA,UnderVotes,7802
Palm Beach,Attorney General,NA,REP,Ashley Moody,278339
Palm Beach,Chief Financial Officer,NA,DEM,Adam Hattersley,262203
Palm Beach,Chief Financial Officer,NA,NA,OverVotes,19
Palm Beach,Chief Financial Officer,NA,NA,UnderVotes,12026
Palm Beach,Chief Financial Officer,NA,REP,Jimmy Patronis,271302
Palm Beach,Commissioner of Agriculture,NA,DEM,Naomi Esther Blemur,262871
Palm Beach,Commissioner of Agriculture,NA,NA,OverVotes,32
Palm Beach,Commissioner of Agriculture,NA,NA,UnderVotes,12869
Palm Beach,Commissioner of Agriculture,NA,REP,Wilton Simpson,269778
Palm Beach,County Commissioner,2,DEM,Gregg K. Weiss,37273
Palm Beach,County Commissioner,2,NA,OverVotes,8
Palm Beach,County Commissioner,2,NA,UnderVotes,1883
Palm Beach,County Commissioner,2,REP,Jeffrey Skene,29132
Palm Beach,County Commissioner,4,DEM,Robert S. Weinroth,45740
Palm Beach,County Commissioner,4,NA,OverVotes,11
Palm Beach,County Commissioner,4,NA,UnderVotes,2816
Palm Beach,County Commissioner,4,REP,Marci Woodward,49198
Palm Beach,County Commissioner,6,DEM,Michelle Oyola McGovern,37178
Palm Beach,County Commissioner,6,NA,OverVotes,3
Palm Beach,County Commissioner,6,NA,UnderVotes,1627
Palm Beach,County Commissioner,6,REP,Sara Baxter,41127
Palm Beach,Governor,NA,DEM,Crist / Hernandez,262655
Palm Beach,Governor,NA,LPF,Roos / Rorabaugh,941
Palm Beach,Governor,NA,NA,OverVotes,173
Palm Beach,Governor,NA,NA,UnderVotes,1589
Palm Beach,Governor,NA,NPA,Gimenez / Gibson,1738
Palm Beach,Governor,NA,REP,DeSantis / Nuñez,278454
Palm Beach,Indian Trail Improvement District,Seat 1,NA,OverVotes,2
Palm Beach,Indian Trail Improvement District,Seat 1,NA,UnderVotes,2842
Palm Beach,Indian Trail Improvement District,Seat 1,NOP,Elizabeth Accomando,8890
Palm Beach,Indian Trail Improvement District,Seat 1,NOP,Jerrad Jablonski,7238
Palm Beach,Indian Trail Improvement District,Seat 3,NA,OverVotes,2
Palm Beach,Indian Trail Improvement District,Seat 3,NA,UnderVotes,2935
Palm Beach,Indian Trail Improvement District,Seat 3,NOP,Joni Martin,7836
Palm Beach,Indian Trail Improvement District,Seat 3,NOP,Patricia A. Farrell,8199
Palm Beach,Indian Trail Improvement District,Seat 5,NA,OverVotes,1
Palm Beach,Indian Trail Improvement District,Seat 5,NA,UnderVotes,3103
Palm Beach,Indian Trail Improvement District,Seat 5,NOP,John Rivera,7157
Palm Beach,Indian Trail Improvement District,Seat 5,NOP,Michael T. Johnson,8711
Palm Beach,Loxahatchee River Environmental Control District,Area 2,NA,OverVotes,6
Palm Beach,Loxahatchee River Environmental Control District,Area 2,NA,UnderVotes,10596
Palm Beach,Loxahatchee River Environmental Control District,Area 2,NOP,Akhil Chhabra,12023
Palm Beach,Loxahatchee River Environmental Control District,Area 2,NOP,Clinton Yerkes,19643
Palm Beach,Loxahatchee River Environmental Control District,Area 4,NA,OverVotes,5
Palm Beach,Loxahatchee River Environmental Control District,Area 4,NA,UnderVotes,9355
Palm Beach,Loxahatchee River Environmental Control District,Area 4,NOP,Conrad Damon,3058
Palm Beach,Loxahatchee River Environmental Control District,Area 4,NOP,Kevin L. Baker,16770
Palm Beach,Loxahatchee River Environmental Control District,Area 4,NOP,Mary Ann Hartman,13080
Palm Beach,Palm Beach Soil and Water Conservation District,Group 5,NA,OverVotes,109
Palm Beach,Palm Beach Soil and Water Conservation District,Group 5,NA,UnderVotes,89738
Palm Beach,Palm Beach Soil and Water Conservation District,Group 5,NOP,Eva Webb,239628
Palm Beach,Palm Beach Soil and Water Conservation District,Group 5,NOP,Shari Portnoy,216075
Palm Beach,Port of Palm Beach District,Group 4,DEM,Blair J. Ciklin,77713
Palm Beach,Port of Palm Beach District,Group 4,NA,OverVotes,16
Palm Beach,Port of Palm Beach District,Group 4,NA,UnderVotes,4964
Palm Beach,Port of Palm Beach District,Group 4,REP,Doreen Benson,74330
Palm Beach,Port of Palm Beach District,Group 5,DEM,Deandre Poole,77189
Palm Beach,Port of Palm Beach District,Group 5,NA,OverVotes,9
Palm Beach,Port of Palm Beach District,Group 5,NA,UnderVotes,5454
Palm Beach,Port of Palm Beach District,Group 5,REP,Roderick Clarke,74371
Palm Beach,Registered Voters,NA,NA,NA,1003675
Palm Beach,Retention of Charles T. Canady,Justice of the Supreme Court,NA,OverVotes,147
Palm Beach,Retention of Charles T. Canady,Justice of the Supreme Court,NA,UnderVotes,65377
Palm Beach,Retention of Charles T. Canady,Justice of the Supreme Court,NOP,No,188474
Palm Beach,Retention of Charles T. Canady,Justice of the Supreme Court,NOP,Yes,291552
Palm Beach,Retention of Cory J. Ciklin,Fourth District Court of Appeal,NA,OverVotes,126
Palm Beach,Retention of Cory J. Ciklin,Fourth District Court of Appeal,NA,UnderVotes,80793
Palm Beach,Retention of Cory J. Ciklin,Fourth District Court of Appeal,NOP,No,163869
Palm Beach,Retention of Cory J. Ciklin,Fourth District Court of Appeal,NOP,Yes,300762
Palm Beach,Retention of Dorian K. Damoorgian,Fourth District Court of Appeal,NA,OverVotes,68
Palm Beach,Retention of Dorian K. Damoorgian,Fourth District Court of Appeal,NA,UnderVotes,84155
Palm Beach,Retention of Dorian K. Damoorgian,Fourth District Court of Appeal,NOP,No,143704
Palm Beach,Retention of Dorian K. Damoorgian,Fourth District Court of Appeal,NOP,Yes,317623
Palm Beach,Retention of Ed Artau,Fourth District Court of Appeal,NA,OverVotes,117
Palm Beach,Retention of Ed Artau,Fourth District Court of Appeal,NA,UnderVotes,79833
Palm Beach,Retention of Ed Artau,Fourth District Court of Appeal,NOP,No,165684
Palm Beach,Retention of Ed Artau,Fourth District Court of Appeal,NOP,Yes,299916
Palm Beach,Retention of Jamie Grosshans,Justice of the Supreme Court,NA,OverVotes,109
Palm Beach,Retention of Jamie Grosshans,Justice of the Supreme Court,NA,UnderVotes,69114
Palm Beach,Retention of Jamie Grosshans,Justice of the Supreme Court,NOP,No,193381
Palm Beach,Retention of Jamie Grosshans,Justice of the Supreme Court,NOP,Yes,282946
Palm Beach,Retention of John D. Couriel,Justice of the Supreme Court,NA,OverVotes,89
Palm Beach,Retention of John D. Couriel,Justice of the Supreme Court,NA,UnderVotes,68095
Palm Beach,Retention of John D. Couriel,Justice of the Supreme Court,NOP,No,194864
Palm Beach,Retention of John D. Couriel,Justice of the Supreme Court,NOP,Yes,282502
Palm Beach,Retention of Jonathan D. Gerber,Fourth District Court of Appeal,NA,OverVotes,109
Palm Beach,Retention of Jonathan D. Gerber,Fourth District Court of Appeal,NA,UnderVotes,82269
Palm Beach,Retention of Jonathan D. Gerber,Fourth District Court of Appeal,NOP,No,123874
Palm Beach,Retention of Jonathan D. Gerber,Fourth District Court of Appeal,NOP,Yes,339298
Palm Beach,Retention of Jorge Labarga,Justice of the Supreme Court,NA,OverVotes,171
Palm Beach,Retention of Jorge Labarga,Justice of the Supreme Court,NA,UnderVotes,72408
Palm Beach,Retention of Jorge Labarga,Justice of the Supreme Court,NOP,No,169248
Palm Beach,Retention of Jorge Labarga,Justice of the Supreme Court,NOP,Yes,303723
Palm Beach,Retention of Melanie G. May,Fourth District Court of Appeal,NA,OverVotes,82
Palm Beach,Retention of Melanie G. May,Fourth District Court of Appeal,NA,UnderVotes,84190
Palm Beach,Retention of Melanie G. May,Fourth District Court of Appeal,NOP,No,122600
Palm Beach,Retention of Melanie G. May,Fourth District Court of Appeal,NOP,Yes,338678
Palm Beach,Retention of Ricky Polston,Justice of the Supreme Court,NA,OverVotes,95
Palm Beach,Retention of Ricky Polston,Justice of the Supreme Court,NA,UnderVotes,71551
Palm Beach,Retention of Ricky Polston,Justice of the Supreme Court,NOP,No,186072
Palm Beach,Retention of Ricky Polston,Justice of the Supreme Court,NOP,Yes,287832
Palm Beach,Retention of Robert M. Gross,Fourth District Court of Appeal,NA,OverVotes,103
Palm Beach,Retention of Robert M. Gross,Fourth District Court of Appeal,NA,UnderVotes,82701
Palm Beach,Retention of Robert M. Gross,Fourth District Court of Appeal,NOP,No,155171
Palm Beach,Retention of Robert M. Gross,Fourth District Court of Appeal,NOP,Yes,307575
Palm Beach,Retention of Spencer D. Levine,Fourth District Court of Appeal,NA,OverVotes,93
Palm Beach,Retention of Spencer D. Levine,Fourth District Court of Appeal,NA,UnderVotes,82957
Palm Beach,Retention of Spencer D. Levine,Fourth District Court of Appeal,NOP,No,126316
Palm Beach,Retention of Spencer D. Levine,Fourth District Court of Appeal,NOP,Yes,336184
Palm Beach,School Board,6,NA,OverVotes,18
Palm Beach,School Board,6,NA,UnderVotes,8673
Palm Beach,School Board,6,NOP,"Jennifer ""Jen"" Showalter",29354
Palm Beach,School Board,6,NOP,Marcia Andrews,38787
Palm Beach,School Board,7,NA,OverVotes,19
Palm Beach,School Board,7,NA,UnderVotes,5615
Palm Beach,School Board,7,NOP,Corey Michael Smith,19323
Palm Beach,School Board,7,NOP,Edwin Ferguson,21322
Palm Beach,State House,86,DEM,Raymond Denzel,9137
Palm Beach,State House,86,NA,OverVotes,1
Palm Beach,State House,86,NA,UnderVotes,810
Palm Beach,State House,86,REP,John Snyder,17463
Palm Beach,State House,87,DEM,Sienna Osta,30662
Palm Beach,State House,87,NA,OverVotes,2
Palm Beach,State House,87,NA,UnderVotes,1667
Palm Beach,State House,87,REP,Mike Caruso,44657
Palm Beach,State House,88,DEM,"Jervonte ""Tae"" Edmonds",26045
Palm Beach,State House,88,NA,OverVotes,3
Palm Beach,State House,88,NA,UnderVotes,794
Palm Beach,State House,88,REP,Roz Stevens,10552
Palm Beach,State House,89,DEM,David Silvers,17395
Palm Beach,State House,89,NA,OverVotes,3
Palm Beach,State House,89,NA,UnderVotes,750
Palm Beach,State House,89,REP,Daniel Judiel Zapata,15782
Palm Beach,State House,90,DEM,"Joseph ""Joe"" Casello",34526
Palm Beach,State House,90,NA,OverVotes,7
Palm Beach,State House,90,NA,UnderVotes,1472
Palm Beach,State House,90,REP,Keith G. Feit,28366
Palm Beach,State House,91,DEM,Andy Thomson,36361
Palm Beach,State House,91,NA,OverVotes,3
Palm Beach,State House,91,NA,UnderVotes,1421
Palm Beach,State House,91,REP,Peggy Gossett-Seidman,38984
Palm Beach,State House,92,DEM,Kelly Skidmore,50343
Palm Beach,State House,92,NA,OverVotes,5
Palm Beach,State House,92,NA,UnderVotes,1972
Palm Beach,State House,92,REP,Dorcas Hernandez,37179
Palm Beach,State House,93,DEM,Katherine M. Waldron,33827
Palm Beach,State House,93,NA,OverVotes,3
Palm Beach,State House,93,NA,UnderVotes,1568
Palm Beach,State House,93,REP,Saulis Banionis,32963
Palm Beach,State House,94,DEM,Terence Davis,28062
Palm Beach,State House,94,NA,OverVotes,3
Palm Beach,State House,94,NA,UnderVotes,1542
Palm Beach,State House,94,REP,Rick Roth,41220
Palm Beach,State Senate,24,DEM,Bobby Powell Jr,76693
Palm Beach,State Senate,24,NA,OverVotes,8
Palm Beach,State Senate,24,NA,UnderVotes,3302
Palm Beach,State Senate,24,REP,Eric P. Ankner,60958
Palm Beach,State Senate,26,DEM,Lori Berman,122532
Palm Beach,State Senate,26,NA,OverVotes,7
Palm Beach,State Senate,26,NA,UnderVotes,4672
Palm Beach,State Senate,26,REP,Steve Byers,101072
Palm Beach,State Senate,30,DEM,Tina Scott Polsky,23789
Palm Beach,State Senate,30,NA,OverVotes,1
Palm Beach,State Senate,30,NA,UnderVotes,1471
Palm Beach,State Senate,30,REP,"William ""Bill"" Reicherter",26388
Palm Beach,U.S. House,20,DEM,Sheila Cherfilus-McCormick,34257
Palm Beach,U.S. House,20,NA,OverVotes,9
Palm Beach,U.S. House,20,NA,UnderVotes,1115
Palm Beach,U.S. House,20,REP,Drew Montez Clark,17951
Palm Beach,U.S. House,21,DEM,Corinna Balderramos Robinson,49698
Palm Beach,U.S. House,21,NA,OverVotes,5
Palm Beach,U.S. House,21,NA,UnderVotes,1661
Palm Beach,U.S. House,21,REP,Brian Mast,80708
Palm Beach,U.S. House,22,DEM,Lois Frankel,150010
Palm Beach,U.S. House,22,NA,OverVotes,24
Palm Beach,U.S. House,22,NA,UnderVotes,3243
Palm Beach,U.S. House,22,REP,Dan Franzese,122194
Palm Beach,U.S. House,23,DEM,Jared Moskowitz,39898
Palm Beach,U.S. House,23,NA,OverVotes,13
Palm Beach,U.S. House,23,NA,UnderVotes,1150
Palm Beach,U.S. House,23,NPA,Christine Scott,752
Palm Beach,U.S. House,23,NPA,Mark Napier,318
Palm Beach,U.S. House,23,REP,Joe Budd,42544
Palm Beach,U.S. Senate,NA,DEM,Val Demings,269839
Palm Beach,U.S. Senate,NA,LPF,Dennis Misigoy,1800
Palm Beach,U.S. Senate,NA,NA,OverVotes,117
Palm Beach,U.S. Senate,NA,NA,UnderVotes,2581
Palm Beach,U.S. Senate,NA,NA,WriteinVotes,248
Palm Beach,U.S. Senate,NA,NPA,Steven B. Grant,2240
Palm Beach,U.S. Senate,NA,NPA,Tuan TQ Nguyen,1010
Palm Beach,U.S. Senate,NA,REP,Marco Rubio,267715
Pasco,Amendment No. 1: Limitation On Assessment of Real Property Used For Residential Purposes,NA,NA,OverVotes,95
Pasco,Amendment No. 1: Limitation On Assessment of Real Property Used For Residential Purposes,NA,NA,UnderVotes,20431
Pasco,Amendment No. 1: Limitation On Assessment of Real Property Used For Residential Purposes,NA,NOP,No for Rejection,82860
Pasco,Amendment No. 1: Limitation On Assessment of Real Property Used For Residential Purposes,NA,NOP,Yes for Approval,122074
Pasco,Amendment No. 2: Abolishing the Constitution Revision Commission,NA,NA,OverVotes,128
Pasco,Amendment No. 2: Abolishing the Constitution Revision Commission,NA,NA,UnderVotes,22102
Pasco,Amendment No. 2: Abolishing the Constitution Revision Commission,NA,NOP,No for Rejection,86923
Pasco,Amendment No. 2: Abolishing the Constitution Revision Commission,NA,NOP,Yes for Approval,116307
Pasco,Amendment No. 3: Additional Homestead Property Tax Exemption For Specified Critical Public Services Workforce,NA,NA,OverVotes,69
Pasco,Amendment No. 3: Additional Homestead Property Tax Exemption For Specified Critical Public Services Workforce,NA,NA,UnderVotes,14120
Pasco,Amendment No. 3: Additional Homestead Property Tax Exemption For Specified Critical Public Services Workforce,NA,NOP,No for Rejection,78999
Pasco,Amendment No. 3: Additional Homestead Property Tax Exemption For Specified Critical Public Services Workforce,NA,NOP,Yes for Approval,132272
Pasco,Attorney General,NA,DEM,Aramis Ayala,71391
Pasco,Attorney General,NA,NA,OverVotes,18
Pasco,Attorney General,NA,NA,UnderVotes,2547
Pasco,Attorney General,NA,REP,Ashley Moody,151504
Pasco,Chief Financial Officer,NA,DEM,Adam Hattersley,75064
Pasco,Chief Financial Officer,NA,NA,OverVotes,21
Pasco,Chief Financial Officer,NA,NA,UnderVotes,4639
Pasco,Chief Financial Officer,NA,REP,Jimmy Patronis,145736
Pasco,Commissioner of Agriculture,NA,DEM,Naomi Esther Blemur,73573
Pasco,Commissioner of Agriculture,NA,NA,OverVotes,23
Pasco,Commissioner of Agriculture,NA,NA,UnderVotes,4545
Pasco,Commissioner of Agriculture,NA,REP,Wilton Simpson,147319
Pasco,Connerton West Community Development District,Seat 4,NA,OverVotes,0
Pasco,Connerton West Community Development District,Seat 4,NA,UnderVotes,332
Pasco,Connerton West Community Development District,Seat 4,NOP,John Ngerem,599
Pasco,Connerton West Community Development District,Seat 4,NOP,Steven Wiers,961
Pasco,Dupree Lakes Community Development District,Seat 2,NA,OverVotes,0
Pasco,Dupree Lakes Community Development District,Seat 2,NA,UnderVotes,127
Pasco,Dupree Lakes Community Development District,Seat 2,NOP,David A. Marshall,294
Pasco,Dupree Lakes Community Development District,Seat 2,NOP,Robert M. Hornbeck,362
Pasco,Dupree Lakes Community Development District,Seat 3,NOP,Rick Linard,216
Pasco,Dupree Lakes Community Development District,Seat 3,NOP,Steven J. Shaw,256
Pasco,Governor,NA,DEM,Crist / Hernandez,75342
Pasco,Governor,NA,LPF,Roos / Rorabaugh,645
Pasco,Governor,NA,NA,OverVotes,82
Pasco,Governor,NA,NA,UnderVotes,398
Pasco,Governor,NA,NPA,Gimenez / Gibson,910
Pasco,Governor,NA,REP,DeSantis / Nuñez,148083
Pasco,Lake Padgett Estates Independent Special District (Vote For 5),NA,NA,OverVotes,5
Pasco,Lake Padgett Estates Independent Special District (Vote For 5),NA,NA,UnderVotes,3453
Pasco,Lake Padgett Estates Independent Special District (Vote For 5),NA,NOP,April Wakefield,574
Pasco,Lake Padgett Estates Independent Special District (Vote For 5),NA,NOP,Justin Andrews,528
Pasco,Lake Padgett Estates Independent Special District (Vote For 5),NA,NOP,"Lawrence ""Larry"" Dunleavy",555
Pasco,Lake Padgett Estates Independent Special District (Vote For 5),NA,NOP,Pamela Carr,597
Pasco,Lake Padgett Estates Independent Special District (Vote For 5),NA,NOP,Shawn Carr,360
Pasco,Lake Padgett Estates Independent Special District (Vote For 5),NA,NOP,Steve Yarbrough,788
Pasco,Lakeshore Ranch Community Development District,Seat 3,NA,OverVotes,1
Pasco,Lakeshore Ranch Community Development District,Seat 3,NA,UnderVotes,125
Pasco,Lakeshore Ranch Community Development District,Seat 3,NOP,Raymond J. Lotito,379
Pasco,Lakeshore Ranch Community Development District,Seat 3,NOP,Thomas P. Coughlin,429
Pasco,Lakeside Community Development District,Seat 1,NA,OverVotes,0
Pasco,Lakeside Community Development District,Seat 1,NA,UnderVotes,75
Pasco,Lakeside Community Development District,Seat 1,NOP,"Charles ""Buddy"" Wood",275
Pasco,Lakeside Community Development District,Seat 1,NOP,Ronald Hale,419
Pasco,Long Lake Ranch Community Development District,Seat 5,NA,OverVotes,0
Pasco,Long Lake Ranch Community Development District,Seat 5,NA,UnderVotes,112
Pasco,Long Lake Ranch Community Development District,Seat 5,NOP,Darrell C. Thompson,529
Pasco,Long Lake Ranch Community Development District,Seat 5,NOP,James Koford,299
Pasco,Longleaf Community Development District,Seat 1,NA,OverVotes,0
Pasco,Longleaf Community Development District,Seat 1,NA,UnderVotes,96
Pasco,Longleaf Community Development District,Seat 1,NOP,Michael Drapkin,263
Pasco,Longleaf Community Development District,Seat 1,NOP,Veronica Johnson,465
Pasco,Longleaf Community Development District,Seat 2,NA,OverVotes,1
Pasco,Longleaf Community Development District,Seat 2,NA,UnderVotes,111
Pasco,Longleaf Community Development District,Seat 2,NOP,Bret Tobey,355
Pasco,Longleaf Community Development District,Seat 2,NOP,Lindsay Moore,464
Pasco,Meadow Pointe Ii Community Development District,Seat 2,NA,OverVotes,2
Pasco,Meadow Pointe Ii Community Development District,Seat 2,NA,UnderVotes,318
Pasco,Meadow Pointe Ii Community Development District,Seat 2,NOP,Ken Esock,838
Pasco,Meadow Pointe Ii Community Development District,Seat 2,NOP,Kyle E. Molder,865
Pasco,Meadow Pointe Ii Community Development District,Seat 3,NA,OverVotes,0
Pasco,Meadow Pointe Ii Community Development District,Seat 3,NA,UnderVotes,356
Pasco,Meadow Pointe Ii Community Development District,Seat 3,NOP,Christopher Kluender,444
Pasco,Meadow Pointe Ii Community Development District,Seat 3,NOP,Jamie Childers,755
Pasco,Meadow Pointe Ii Community Development District,Seat 3,NOP,Tabitha Holden,468
Pasco,Mirada Community Development District,Seat 3,NA,OverVotes,0
Pasco,Mirada Community Development District,Seat 3,NA,UnderVotes,87
Pasco,Mirada Community Development District,Seat 3,NOP,John Drew,442
Pasco,Mirada Community Development District,Seat 3,NOP,Roseni Plaza,202
Pasco,Northwood Community Development District,Seat 2,NA,OverVotes,0
Pasco,Northwood Community Development District,Seat 2,NA,UnderVotes,102
Pasco,Northwood Community Development District,Seat 2,NOP,Brian Quigley,318
Pasco,Northwood Community Development District,Seat 2,NOP,David R. Wenck,252
Pasco,Northwood Community Development District,Seat 4,NA,OverVotes,0
Pasco,Northwood Community Development District,Seat 4,NA,UnderVotes,97
Pasco,Northwood Community Development District,Seat 4,NOP,Andrew Wasielewski,280
Pasco,Northwood Community Development District,Seat 4,NOP,Brian Munari,295
Pasco,Oak Creek Community Development District,Seat 1,NA,OverVotes,0
Pasco,Oak Creek Community Development District,Seat 1,NA,UnderVotes,50
Pasco,Oak Creek Community Development District,Seat 1,NOP,Katherine Louise Robirds,257
Pasco,Oak Creek Community Development District,Seat 1,NOP,Lisa Vaile,359
Pasco,Oak Creek Community Development District,Seat 3,NA,OverVotes,0
Pasco,Oak Creek Community Development District,Seat 3,NA,UnderVotes,51
Pasco,Oak Creek Community Development District,Seat 3,NOP,Michael Rudman,408
Pasco,Oak Creek Community Development District,Seat 3,NOP,Wilfredo Grajales,207
Pasco,Registered Voters,NA,NA,NA,411946
Pasco,Retention of Charles T. Canady,Justice of the Supreme Court,NA,OverVotes,92
Pasco,Retention of Charles T. Canady,Justice of the Supreme Court,NA,UnderVotes,28841
Pasco,Retention of Charles T. Canady,Justice of the Supreme Court,NOP,No,61420
Pasco,Retention of Charles T. Canady,Justice of the Supreme Court,NOP,Yes,135107
Pasco,Retention of Craig C. Villanti,Second District Court of Appeal,NA,OverVotes,48
Pasco,Retention of Craig C. Villanti,Second District Court of Appeal,NA,UnderVotes,35110
Pasco,Retention of Craig C. Villanti,Second District Court of Appeal,NOP,No,59963
Pasco,Retention of Craig C. Villanti,Second District Court of Appeal,NOP,Yes,130339
Pasco,Retention of Jamie Grosshans,Justice of the Supreme Court,NA,OverVotes,71
Pasco,Retention of Jamie Grosshans,Justice of the Supreme Court,NA,UnderVotes,30801
Pasco,Retention of Jamie Grosshans,Justice of the Supreme Court,NOP,No,61509
Pasco,Retention of Jamie Grosshans,Justice of the Supreme Court,NOP,Yes,133079
Pasco,Retention of John D. Couriel,Justice of the Supreme Court,NA,OverVotes,52
Pasco,Retention of John D. Couriel,Justice of the Supreme Court,NA,UnderVotes,30372
Pasco,Retention of John D. Couriel,Justice of the Supreme Court,NOP,No,61985
Pasco,Retention of John D. Couriel,Justice of the Supreme Court,NOP,Yes,133051
Pasco,Retention of John K. Stargel,Second District Court of Appeal,NA,OverVotes,35
Pasco,Retention of John K. Stargel,Second District Court of Appeal,NA,UnderVotes,33492
Pasco,Retention of John K. Stargel,Second District Court of Appeal,NOP,No,59572
Pasco,Retention of John K. Stargel,Second District Court of Appeal,NOP,Yes,132361
Pasco,Retention of Jorge Labarga,Justice of the Supreme Court,NA,OverVotes,104
Pasco,Retention of Jorge Labarga,Justice of the Supreme Court,NA,UnderVotes,30911
Pasco,Retention of Jorge Labarga,Justice of the Supreme Court,NOP,No,70388
Pasco,Retention of Jorge Labarga,Justice of the Supreme Court,NOP,Yes,124057
Pasco,Retention of Matt Lucas,Second District Court of Appeal,NA,OverVotes,45
Pasco,Retention of Matt Lucas,Second District Court of Appeal,NA,UnderVotes,33788
Pasco,Retention of Matt Lucas,Second District Court of Appeal,NOP,No,57342
Pasco,Retention of Matt Lucas,Second District Court of Appeal,NOP,Yes,134285
Pasco,Retention of Nelly N. Khouzam,Second District Court of Appeal,NA,OverVotes,64
Pasco,Retention of Nelly N. Khouzam,Second District Court of Appeal,NA,UnderVotes,33390
Pasco,Retention of Nelly N. Khouzam,Second District Court of Appeal,NOP,No,57468
Pasco,Retention of Nelly N. Khouzam,Second District Court of Appeal,NOP,Yes,134538
Pasco,Retention of Patricia Joan Kelly,Second District Court of Appeal,NA,OverVotes,79
Pasco,Retention of Patricia Joan Kelly,Second District Court of Appeal,NA,UnderVotes,32420
Pasco,Retention of Patricia Joan Kelly,Second District Court of Appeal,NOP,No,58145
Pasco,Retention of Patricia Joan Kelly,Second District Court of Appeal,NOP,Yes,134816
Pasco,Retention of Ricky Polston,Justice of the Supreme Court,NA,OverVotes,50
Pasco,Retention of Ricky Polston,Justice of the Supreme Court,NA,UnderVotes,30976
Pasco,Retention of Ricky Polston,Justice of the Supreme Court,NOP,No,63069
Pasco,Retention of Ricky Polston,Justice of the Supreme Court,NOP,Yes,131365
Pasco,Retention of Robert Morris,Second District Court of Appeal,NA,OverVotes,66
Pasco,Retention of Robert Morris,Second District Court of Appeal,NA,UnderVotes,33929
Pasco,Retention of Robert Morris,Second District Court of Appeal,NOP,No,62911
Pasco,Retention of Robert Morris,Second District Court of Appeal,NOP,Yes,128554
Pasco,Retention of Stevan Travis Northcutt,Second District Court of Appeal,NA,OverVotes,106
Pasco,Retention of Stevan Travis Northcutt,Second District Court of Appeal,NA,UnderVotes,33934
Pasco,Retention of Stevan Travis Northcutt,Second District Court of Appeal,NOP,No,70174
Pasco,Retention of Stevan Travis Northcutt,Second District Court of Appeal,NOP,Yes,121246
Pasco,Retention of Suzanne Y. Labrit,Second District Court of Appeal,NA,OverVotes,40
Pasco,Retention of Suzanne Y. Labrit,Second District Court of Appeal,NA,UnderVotes,33500
Pasco,Retention of Suzanne Y. Labrit,Second District Court of Appeal,NOP,No,56758
Pasco,Retention of Suzanne Y. Labrit,Second District Court of Appeal,NOP,Yes,135162
Pasco,School Board,1,NA,OverVotes,68
Pasco,School Board,1,NA,UnderVotes,33902
Pasco,School Board,1,NOP,Al Hernandez,124166
Pasco,School Board,1,NOP,James Washington,67324
Pasco,Seven Oaks Community Development District,Seat 1,NA,OverVotes,1
Pasco,Seven Oaks Community Development District,Seat 1,NA,UnderVotes,591
Pasco,Seven Oaks Community Development District,Seat 1,NOP,Andrew P. Mendenhall,1421
Pasco,Seven Oaks Community Development District,Seat 1,NOP,Theodore Hilp Rhodes,878
Pasco,Silverado Community Development District,Seat 1,NA,OverVotes,0
Pasco,Silverado Community Development District,Seat 1,NA,UnderVotes,46
Pasco,Silverado Community Development District,Seat 1,NOP,Katherine C. Thibodeau,125
Pasco,Silverado Community Development District,Seat 1,NOP,Michael Ozorowsky,223
Pasco,State Attorney,6th Judicial Circuit,DEM,Allison Miller,77283
Pasco,State Attorney,6th Judicial Circuit,NA,OverVotes,8
Pasco,State Attorney,6th Judicial Circuit,NA,UnderVotes,4976
Pasco,State Attorney,6th Judicial Circuit,REP,Bruce Bartlett,143193
Pasco,State House,53,DEM,Keith G. Laufenberg,3663
Pasco,State House,53,NA,OverVotes,1
Pasco,State House,53,NA,UnderVotes,350
Pasco,State House,53,REP,Jeff Holcomb,10601
Pasco,State House,54,DEM,Brian Staver,24472
Pasco,State House,54,NA,OverVotes,7
Pasco,State House,54,NA,UnderVotes,1275
Pasco,State House,54,NPA,Ryan S. Otwell,1539
Pasco,State House,54,REP,Randy Maggard,41753
Pasco,State House,55,CPF,"Charles ""C.J."" Hacker Jr",16857
Pasco,State House,55,NA,OverVotes,13
Pasco,State House,55,NA,UnderVotes,7350
Pasco,State House,55,REP,Kevin M. Steele,58130
Pasco,State Senate,11,GRE,Brian Patrick Moore,6638
Pasco,State Senate,11,NA,OverVotes,3
Pasco,State Senate,11,NA,UnderVotes,1270
Pasco,State Senate,11,REP,Blaise Ingoglia,17727
Pasco,State Senate,21,DEM,Amaro Lionheart,27655
Pasco,State Senate,21,NA,OverVotes,8
Pasco,State Senate,21,NA,UnderVotes,2117
Pasco,State Senate,21,REP,Ed Hooper,58051
Pasco,State Senate,23,DEM,Mike Harvey,38550
Pasco,State Senate,23,NA,OverVotes,9
Pasco,State Senate,23,NA,UnderVotes,1833
Pasco,State Senate,23,REP,Danny Burgess,71599
Pasco,Suncoast Community Development District,Seat 2,NA,OverVotes,0
Pasco,Suncoast Community Development District,Seat 2,NA,UnderVotes,158
Pasco,Suncoast Community Development District,Seat 2,NOP,Melissa Ramacco,413
Pasco,Suncoast Community Development District,Seat 2,NOP,Vincent Wagner,227
Pasco,Talavera Community Development District,Seat 4,NA,OverVotes,0
Pasco,Talavera Community Development District,Seat 4,NA,UnderVotes,47
Pasco,Talavera Community Development District,Seat 4,NOP,James Ruffing,232
Pasco,Talavera Community Development District,Seat 4,NOP,Pamela Plehal,402
Pasco,The Groves Community Development District,Seat 1,NA,OverVotes,0
Pasco,The Groves Community Development District,Seat 1,NA,UnderVotes,91
Pasco,The Groves Community Development District,Seat 1,NOP,Jimmy Allison,570
Pasco,The Groves Community Development District,Seat 1,NOP,Patricia Penberthy,304
Pasco,The Groves Community Development District,Seat 2,NA,OverVotes,1
Pasco,The Groves Community Development District,Seat 2,NA,UnderVotes,79
Pasco,The Groves Community Development District,Seat 2,NOP,James P. Nearey,473
Pasco,The Groves Community Development District,Seat 2,NOP,Joel Watkins,412
Pasco,Tsr Community Development District,Seat 2,NA,OverVotes,0
Pasco,Tsr Community Development District,Seat 2,NA,UnderVotes,591
Pasco,Tsr Community Development District,Seat 2,NOP,Frank J. Stalzer,1762
Pasco,Tsr Community Development District,Seat 2,NOP,Raymond M. Szelest,615
Pasco,U.S. House,12,DEM,Kimberly Walker,52384
Pasco,U.S. House,12,NA,OverVotes,27
Pasco,U.S. House,12,NA,UnderVotes,1582
Pasco,U.S. House,12,NA,WriteinVotes,297
Pasco,U.S. House,12,REP,Gus Michael Bilirakis,115057
Pasco,U.S. House,15,DEM,Alan M. Cohn,21383
Pasco,U.S. House,15,NA,OverVotes,11
Pasco,U.S. House,15,NA,UnderVotes,993
Pasco,U.S. House,15,REP,Laurel Lee,33815
Pasco,U.S. Senate,NA,DEM,Val Demings,77664
Pasco,U.S. Senate,NA,LPF,Dennis Misigoy,1063
Pasco,U.S. Senate,NA,NA,OverVotes,53
Pasco,U.S. Senate,NA,NA,UnderVotes,944
Pasco,U.S. Senate,NA,NA,WriteinVotes,118
Pasco,U.S. Senate,NA,NPA,Steven B. Grant,1325
Pasco,U.S. Senate,NA,NPA,Tuan TQ Nguyen,622
Pasco,U.S. Senate,NA,REP,Marco Rubio,143760
Pinellas,Amendment No. 1: Limitation On Assessment of Real Property Used For Residential Purposes,NA,NA,OverVotes,141
Pinellas,Amendment No. 1: Limitation On Assessment of Real Property Used For Residential Purposes,NA,NA,UnderVotes,32747
Pinellas,Amendment No. 1: Limitation On Assessment of Real Property Used For Residential Purposes,NA,NOP,No for Rejection,171454
Pinellas,Amendment No. 1: Limitation On Assessment of Real Property Used For Residential Purposes,NA,NOP,Yes for Approval,215613
Pinellas,Amendment No. 2: Abolishing the Constitution Revision Commission,NA,NA,OverVotes,140
Pinellas,Amendment No. 2: Abolishing the Constitution Revision Commission,NA,NA,UnderVotes,32590
Pinellas,Amendment No. 2: Abolishing the Constitution Revision Commission,NA,NOP,No for Rejection,190411
Pinellas,Amendment No. 2: Abolishing the Constitution Revision Commission,NA,NOP,Yes for Approval,196276
Pinellas,Amendment No. 3: Additional Homestead Property Tax Exemption For Specified Critical Public Services Workforce,NA,NA,OverVotes,109
Pinellas,Amendment No. 3: Additional Homestead Property Tax Exemption For Specified Critical Public Services Workforce,NA,NA,UnderVotes,21635
Pinellas,Amendment No. 3: Additional Homestead Property Tax Exemption For Specified Critical Public Services Workforce,NA,NOP,No for Rejection,184146
Pinellas,Amendment No. 3: Additional Homestead Property Tax Exemption For Specified Critical Public Services Workforce,NA,NOP,Yes for Approval,213527
Pinellas,Attorney General,NA,DEM,Aramis Ayala,181179
Pinellas,Attorney General,NA,NA,OverVotes,40
Pinellas,Attorney General,NA,NA,UnderVotes,6123
Pinellas,Attorney General,NA,REP,Ashley Moody,237207
Pinellas,Chief Financial Officer,NA,DEM,Adam Hattersley,186915
Pinellas,Chief Financial Officer,NA,NA,OverVotes,19
Pinellas,Chief Financial Officer,NA,NA,UnderVotes,9739
Pinellas,Chief Financial Officer,NA,REP,Jimmy Patronis,227876
Pinellas,Commissioner of Agriculture,NA,DEM,Naomi Esther Blemur,179627
Pinellas,Commissioner of Agriculture,NA,NA,OverVotes,22
Pinellas,Commissioner of Agriculture,NA,NA,UnderVotes,9993
Pinellas,Commissioner of Agriculture,NA,REP,Wilton Simpson,234907
Pinellas,County Commissioner,2,DEM,"Patricia ""Pat"" Gerard",190779
Pinellas,County Commissioner,2,NA,OverVotes,21
Pinellas,County Commissioner,2,NA,UnderVotes,9884
Pinellas,County Commissioner,2,REP,Brian Scott,223865
Pinellas,County Court Judge,Group 1,NA,OverVotes,97
Pinellas,County Court Judge,Group 1,NA,UnderVotes,80011
Pinellas,County Court Judge,Group 1,NOP,Della Cope,202183
Pinellas,County Court Judge,Group 1,NOP,Megan Roach,142258
Pinellas,Governor,NA,DEM,Crist / Hernandez,189563
Pinellas,Governor,NA,LPF,Roos / Rorabaugh,1143
Pinellas,Governor,NA,NA,OverVotes,143
Pinellas,Governor,NA,NA,UnderVotes,912
Pinellas,Governor,NA,NPA,Gimenez / Gibson,1504
Pinellas,Governor,NA,REP,DeSantis / Nuñez,231284
Pinellas,Registered Voters,NA,NA,NA,695798
Pinellas,Retention of Charles T. Canady,Justice of the Supreme Court,NA,OverVotes,127
Pinellas,Retention of Charles T. Canady,Justice of the Supreme Court,NA,UnderVotes,66576
Pinellas,Retention of Charles T. Canady,Justice of the Supreme Court,NOP,No,130958
Pinellas,Retention of Charles T. Canady,Justice of the Supreme Court,NOP,Yes,226888
Pinellas,Retention of Craig C. Villanti,Second District Court of Appeal,NA,OverVotes,66
Pinellas,Retention of Craig C. Villanti,Second District Court of Appeal,NA,UnderVotes,78841
Pinellas,Retention of Craig C. Villanti,Second District Court of Appeal,NOP,No,120615
Pinellas,Retention of Craig C. Villanti,Second District Court of Appeal,NOP,Yes,225027
Pinellas,Retention of Jamie Grosshans,Justice of the Supreme Court,NA,OverVotes,88
Pinellas,Retention of Jamie Grosshans,Justice of the Supreme Court,NA,UnderVotes,71179
Pinellas,Retention of Jamie Grosshans,Justice of the Supreme Court,NOP,No,137874
Pinellas,Retention of Jamie Grosshans,Justice of the Supreme Court,NOP,Yes,215408
Pinellas,Retention of John D. Couriel,Justice of the Supreme Court,NA,OverVotes,75
Pinellas,Retention of John D. Couriel,Justice of the Supreme Court,NA,UnderVotes,69930
Pinellas,Retention of John D. Couriel,Justice of the Supreme Court,NOP,No,139270
Pinellas,Retention of John D. Couriel,Justice of the Supreme Court,NOP,Yes,215274
Pinellas,Retention of John K. Stargel,Second District Court of Appeal,NA,OverVotes,143
Pinellas,Retention of John K. Stargel,Second District Court of Appeal,NA,UnderVotes,79190
Pinellas,Retention of John K. Stargel,Second District Court of Appeal,NOP,No,131010
Pinellas,Retention of John K. Stargel,Second District Court of Appeal,NOP,Yes,214206
Pinellas,Retention of Jorge Labarga,Justice of the Supreme Court,NA,OverVotes,181
Pinellas,Retention of Jorge Labarga,Justice of the Supreme Court,NA,UnderVotes,71298
Pinellas,Retention of Jorge Labarga,Justice of the Supreme Court,NOP,No,126908
Pinellas,Retention of Jorge Labarga,Justice of the Supreme Court,NOP,Yes,226162
Pinellas,Retention of Matt Lucas,Second District Court of Appeal,NA,OverVotes,98
Pinellas,Retention of Matt Lucas,Second District Court of Appeal,NA,UnderVotes,78841
Pinellas,Retention of Matt Lucas,Second District Court of Appeal,NOP,No,120170
Pinellas,Retention of Matt Lucas,Second District Court of Appeal,NOP,Yes,225440
Pinellas,Retention of Nelly N. Khouzam,Second District Court of Appeal,NA,OverVotes,69
Pinellas,Retention of Nelly N. Khouzam,Second District Court of Appeal,NA,UnderVotes,77992
Pinellas,Retention of Nelly N. Khouzam,Second District Court of Appeal,NOP,No,96524
Pinellas,Retention of Nelly N. Khouzam,Second District Court of Appeal,NOP,Yes,249964
Pinellas,Retention of Patricia Joan Kelly,Second District Court of Appeal,NA,OverVotes,146
Pinellas,Retention of Patricia Joan Kelly,Second District Court of Appeal,NA,UnderVotes,77048
Pinellas,Retention of Patricia Joan Kelly,Second District Court of Appeal,NOP,No,100763
Pinellas,Retention of Patricia Joan Kelly,Second District Court of Appeal,NOP,Yes,246592
Pinellas,Retention of Ricky Polston,Justice of the Supreme Court,NA,OverVotes,113
Pinellas,Retention of Ricky Polston,Justice of the Supreme Court,NA,UnderVotes,72566
Pinellas,Retention of Ricky Polston,Justice of the Supreme Court,NOP,No,128342
Pinellas,Retention of Ricky Polston,Justice of the Supreme Court,NOP,Yes,223528
Pinellas,Retention of Robert Morris,Second District Court of Appeal,NA,OverVotes,101
Pinellas,Retention of Robert Morris,Second District Court of Appeal,NA,UnderVotes,79058
Pinellas,Retention of Robert Morris,Second District Court of Appeal,NOP,No,104754
Pinellas,Retention of Robert Morris,Second District Court of Appeal,NOP,Yes,240636
Pinellas,Retention of Stevan Travis Northcutt,Second District Court of Appeal,NA,OverVotes,108
Pinellas,Retention of Stevan Travis Northcutt,Second District Court of Appeal,NA,UnderVotes,79071
Pinellas,Retention of Stevan Travis Northcutt,Second District Court of Appeal,NOP,No,113088
Pinellas,Retention of Stevan Travis Northcutt,Second District Court of Appeal,NOP,Yes,232282
Pinellas,Retention of Suzanne Y. Labrit,Second District Court of Appeal,NA,OverVotes,182
Pinellas,Retention of Suzanne Y. Labrit,Second District Court of Appeal,NA,UnderVotes,77205
Pinellas,Retention of Suzanne Y. Labrit,Second District Court of Appeal,NOP,No,123468
Pinellas,Retention of Suzanne Y. Labrit,Second District Court of Appeal,NOP,Yes,223694
Pinellas,School Board,3,NA,OverVotes,111
Pinellas,School Board,3,NA,UnderVotes,70494
Pinellas,School Board,3,NOP,Dawn Peters,184244
Pinellas,School Board,3,NOP,Keesha Benson,169700
Pinellas,School Board,6,NA,OverVotes,32
Pinellas,School Board,6,NA,UnderVotes,18022
Pinellas,School Board,6,NOP,Brian M. Martin,44576
Pinellas,School Board,6,NOP,Stephanie Meyer,50219
Pinellas,State Attorney,6th Judicial Circuit,DEM,Allison Miller,184612
Pinellas,State Attorney,6th Judicial Circuit,NA,OverVotes,39
Pinellas,State Attorney,6th Judicial Circuit,NA,UnderVotes,8809
Pinellas,State Attorney,6th Judicial Circuit,REP,Bruce Bartlett,231089
Pinellas,State House,58,DEM,"Bernard ""Bernie"" Fensterwald",29629
Pinellas,State House,58,NA,OverVotes,4
Pinellas,State House,58,NA,UnderVotes,1779
Pinellas,State House,58,REP,"Kimberly ""Kim"" Berfield",45048
Pinellas,State House,59,DEM,Dawn Douglas,28507
Pinellas,State House,59,NA,OverVotes,5
Pinellas,State House,59,NA,UnderVotes,1957
Pinellas,State House,59,REP,Berny Jacques,42812
Pinellas,State House,60,DEM,Lindsay Cross,38707
Pinellas,State House,60,NA,OverVotes,0
Pinellas,State House,60,NA,UnderVotes,1394
Pinellas,State House,60,REP,Audrey Henson,32683
Pinellas,State House,61,DEM,Janet Varnell Warwick,36222
Pinellas,State House,61,NA,OverVotes,3
Pinellas,State House,61,NA,UnderVotes,1780
Pinellas,State House,61,REP,Linda Chaney,46034
Pinellas,State House,62,DEM,Michele K. Rayner,21052
Pinellas,State House,62,NA,OverVotes,3
Pinellas,State House,62,NA,UnderVotes,535
Pinellas,State House,62,REP,Jeremy M. Brown,5446
Pinellas,State Senate,16,DEM,Darryl Ervin Rouson,32686
Pinellas,State Senate,16,NA,OverVotes,2
Pinellas,State Senate,16,NA,UnderVotes,873
Pinellas,State Senate,16,REP,Christina B. Paylan,10955
Pinellas,State Senate,18,DEM,Eunic Ortiz,97760
Pinellas,State Senate,18,NA,OverVotes,11
Pinellas,State Senate,18,NA,UnderVotes,5620
Pinellas,State Senate,18,REP,Nick DiCeglie,128983
Pinellas,State Senate,21,DEM,Amaro Lionheart,53273
Pinellas,State Senate,21,NA,OverVotes,13
Pinellas,State Senate,21,NA,UnderVotes,3751
Pinellas,State Senate,21,REP,Ed Hooper,90622
Pinellas,U.S. House,13,DEM,Eric Lynn,153876
Pinellas,U.S. House,13,LPF,Frank Craft,6163
Pinellas,U.S. House,13,NA,OverVotes,31
Pinellas,U.S. House,13,NA,UnderVotes,4073
Pinellas,U.S. House,13,NA,WriteinVotes,337
Pinellas,U.S. House,13,REP,Anna Paulina Luna,181487
Pinellas,U.S. House,14,DEM,Kathy Castor,48968
Pinellas,U.S. House,14,NA,OverVotes,8
Pinellas,U.S. House,14,NA,UnderVotes,1072
Pinellas,U.S. House,14,REP,James Judge,28534
Pinellas,U.S. Senate,NA,DEM,Val Demings,192058
Pinellas,U.S. Senate,NA,LPF,Dennis Misigoy,2599
Pinellas,U.S. Senate,NA,NA,OverVotes,90
Pinellas,U.S. Senate,NA,NA,UnderVotes,2199
Pinellas,U.S. Senate,NA,NA,WriteinVotes,215
Pinellas,U.S. Senate,NA,NPA,Steven B. Grant,2353
Pinellas,U.S. Senate,NA,NPA,Tuan TQ Nguyen,1288
Pinellas,U.S. Senate,NA,REP,Marco Rubio,223747
Polk,Amendment No. 1: Limitation On Assessment of Real Property Used For Residential Purposes,NA,NA,OverVotes,77
Polk,Amendment No. 1: Limitation On Assessment of Real Property Used For Residential Purposes,NA,NA,UnderVotes,24974
Polk,Amendment No. 1: Limitation On Assessment of Real Property Used For Residential Purposes,NA,NOP,No for Rejection,83175
Polk,Amendment No. 1: Limitation On Assessment of Real Property Used For Residential Purposes,NA,NOP,Yes for Approval,122500
Polk,Amendment No. 2: Abolishing the Constitution Revision Commission,NA,NA,OverVotes,53
Polk,Amendment No. 2: Abolishing the Constitution Revision Commission,NA,NA,UnderVotes,25520
Polk,Amendment No. 2: Abolishing the Constitution Revision Commission,NA,NOP,No for Rejection,89166
Polk,Amendment No. 2: Abolishing the Constitution Revision Commission,NA,NOP,Yes for Approval,115987
Polk,Amendment No. 3: Additional Homestead Property Tax Exemption For Specified Critical Public Services Workforce,NA,NA,OverVotes,60
Polk,Amendment No. 3: Additional Homestead Property Tax Exemption For Specified Critical Public Services Workforce,NA,NA,UnderVotes,19975
Polk,Amendment No. 3: Additional Homestead Property Tax Exemption For Specified Critical Public Services Workforce,NA,NOP,No for Rejection,82129
Polk,Amendment No. 3: Additional Homestead Property Tax Exemption For Specified Critical Public Services Workforce,NA,NOP,Yes for Approval,128562
Polk,Attorney General,NA,DEM,Aramis Ayala,76618
Polk,Attorney General,NA,NA,OverVotes,21
Polk,Attorney General,NA,NA,UnderVotes,3480
Polk,Attorney General,NA,REP,Ashley Moody,150607
Polk,Bridgewater Community Development District,Seat 4,NA,OverVotes,1
Polk,Bridgewater Community Development District,Seat 4,NA,UnderVotes,142
Polk,Bridgewater Community Development District,Seat 4,NOP,John Gierlach,430
Polk,Bridgewater Community Development District,Seat 4,NOP,Robert C Gilmore,368
Polk,Bridgewater Community Development District,Seat 5,NA,OverVotes,1
Polk,Bridgewater Community Development District,Seat 5,NA,UnderVotes,131
Polk,Bridgewater Community Development District,Seat 5,NOP,James T. Rooney,293
Polk,Bridgewater Community Development District,Seat 5,NOP,Tonya Lockamy,516
Polk,Chief Financial Officer,NA,DEM,Adam Hattersley,80060
Polk,Chief Financial Officer,NA,NA,OverVotes,15
Polk,Chief Financial Officer,NA,NA,UnderVotes,5549
Polk,Chief Financial Officer,NA,REP,Jimmy Patronis,145102
Polk,Commissioner of Agriculture,NA,DEM,Naomi Esther Blemur,79457
Polk,Commissioner of Agriculture,NA,NA,OverVotes,12
Polk,Commissioner of Agriculture,NA,NA,UnderVotes,5365
Polk,Commissioner of Agriculture,NA,REP,Wilton Simpson,145892
Polk,County Commissioner,4,DEM,Markeishia Smith,76630
Polk,County Commissioner,4,NA,OverVotes,18
Polk,County Commissioner,4,NA,UnderVotes,5511
Polk,County Commissioner,4,REP,Martha Santiago,148567
Polk,County Court Judge,Group 8,NA,OverVotes,59
Polk,County Court Judge,Group 8,NA,UnderVotes,38218
Polk,County Court Judge,Group 8,NOP,John Flynn,120212
Polk,County Court Judge,Group 8,NOP,Ruth Moracen Knight,72237
Polk,Golden Lakes Community Development District,Seat 1,NA,OverVotes,0
Polk,Golden Lakes Community Development District,Seat 1,NA,UnderVotes,167
Polk,Golden Lakes Community Development District,Seat 1,NOP,Anthony J. Stevens,291
Polk,Golden Lakes Community Development District,Seat 1,NOP,Shaun York,295
Polk,Golden Lakes Community Development District,Seat 2,NA,OverVotes,1
Polk,Golden Lakes Community Development District,Seat 2,NA,UnderVotes,153
Polk,Golden Lakes Community Development District,Seat 2,NOP,Alan A. Lukhaub,240
Polk,Golden Lakes Community Development District,Seat 2,NOP,Sam Morrone,359
Polk,Governor,NA,DEM,Crist / Hernandez,80172
Polk,Governor,NA,LPF,Roos / Rorabaugh,561
Polk,Governor,NA,NA,OverVotes,115
Polk,Governor,NA,NA,UnderVotes,594
Polk,Governor,NA,NPA,Gimenez / Gibson,1030
Polk,Governor,NA,REP,DeSantis / Nuñez,148254
Polk,Highland Meadows Ii Community Development District,Seat 2,NA,OverVotes,0
Polk,Highland Meadows Ii Community Development District,Seat 2,NA,UnderVotes,128
Polk,Highland Meadows Ii Community Development District,Seat 2,NOP,John Guzikowski,253
Polk,Highland Meadows Ii Community Development District,Seat 2,NOP,Miguel Santana-Vazquez,402
Polk,Lake Ashton Ii Community Development District,Seat 1,NA,OverVotes,0
Polk,Lake Ashton Ii Community Development District,Seat 1,NA,UnderVotes,85
Polk,Lake Ashton Ii Community Development District,Seat 1,NOP,Duff S. Hill,377
Polk,Lake Ashton Ii Community Development District,Seat 1,NOP,Roy E. Aull,378
Polk,Registered Voters,NA,NA,NA,463894
Polk,Retention of Charles T. Canady,Justice of the Supreme Court,NA,OverVotes,61
Polk,Retention of Charles T. Canady,Justice of the Supreme Court,NA,UnderVotes,23043
Polk,Retention of Charles T. Canady,Justice of the Supreme Court,NOP,No,66995
Polk,Retention of Charles T. Canady,Justice of the Supreme Court,NOP,Yes,140627
Polk,Retention of Craig C. Villanti,Second District Court of Appeal,NA,OverVotes,41
Polk,Retention of Craig C. Villanti,Second District Court of Appeal,NA,UnderVotes,34241
Polk,Retention of Craig C. Villanti,Second District Court of Appeal,NOP,No,73363
Polk,Retention of Craig C. Villanti,Second District Court of Appeal,NOP,Yes,123081
Polk,Retention of Jamie Grosshans,Justice of the Supreme Court,NA,OverVotes,66
Polk,Retention of Jamie Grosshans,Justice of the Supreme Court,NA,UnderVotes,28217
Polk,Retention of Jamie Grosshans,Justice of the Supreme Court,NOP,No,63548
Polk,Retention of Jamie Grosshans,Justice of the Supreme Court,NOP,Yes,138895
Polk,Retention of John D. Couriel,Justice of the Supreme Court,NA,OverVotes,56
Polk,Retention of John D. Couriel,Justice of the Supreme Court,NA,UnderVotes,27665
Polk,Retention of John D. Couriel,Justice of the Supreme Court,NOP,No,63772
Polk,Retention of John D. Couriel,Justice of the Supreme Court,NOP,Yes,139233
Polk,Retention of John K. Stargel,Second District Court of Appeal,NA,OverVotes,30
Polk,Retention of John K. Stargel,Second District Court of Appeal,NA,UnderVotes,29126
Polk,Retention of John K. Stargel,Second District Court of Appeal,NOP,No,62120
Polk,Retention of John K. Stargel,Second District Court of Appeal,NOP,Yes,139450
Polk,Retention of Jorge Labarga,Justice of the Supreme Court,NA,OverVotes,113
Polk,Retention of Jorge Labarga,Justice of the Supreme Court,NA,UnderVotes,28997
Polk,Retention of Jorge Labarga,Justice of the Supreme Court,NOP,No,83950
Polk,Retention of Jorge Labarga,Justice of the Supreme Court,NOP,Yes,117666
Polk,Retention of Matt Lucas,Second District Court of Appeal,NA,OverVotes,49
Polk,Retention of Matt Lucas,Second District Court of Appeal,NA,UnderVotes,31231
Polk,Retention of Matt Lucas,Second District Court of Appeal,NOP,No,66359
Polk,Retention of Matt Lucas,Second District Court of Appeal,NOP,Yes,133087
Polk,Retention of Nelly N. Khouzam,Second District Court of Appeal,NA,OverVotes,59
Polk,Retention of Nelly N. Khouzam,Second District Court of Appeal,NA,UnderVotes,30457
Polk,Retention of Nelly N. Khouzam,Second District Court of Appeal,NOP,No,69183
Polk,Retention of Nelly N. Khouzam,Second District Court of Appeal,NOP,Yes,131027
Polk,Retention of Patricia Joan Kelly,Second District Court of Appeal,NA,OverVotes,40
Polk,Retention of Patricia Joan Kelly,Second District Court of Appeal,NA,UnderVotes,29568
Polk,Retention of Patricia Joan Kelly,Second District Court of Appeal,NOP,No,70834
Polk,Retention of Patricia Joan Kelly,Second District Court of Appeal,NOP,Yes,130284
Polk,Retention of Ricky Polston,Justice of the Supreme Court,NA,OverVotes,62
Polk,Retention of Ricky Polston,Justice of the Supreme Court,NA,UnderVotes,28775
Polk,Retention of Ricky Polston,Justice of the Supreme Court,NOP,No,69130
Polk,Retention of Ricky Polston,Justice of the Supreme Court,NOP,Yes,132759
Polk,Retention of Robert Morris,Second District Court of Appeal,NA,OverVotes,70
Polk,Retention of Robert Morris,Second District Court of Appeal,NA,UnderVotes,31645
Polk,Retention of Robert Morris,Second District Court of Appeal,NOP,No,75811
Polk,Retention of Robert Morris,Second District Court of Appeal,NOP,Yes,123200
Polk,Retention of Stevan Travis Northcutt,Second District Court of Appeal,NA,OverVotes,77
Polk,Retention of Stevan Travis Northcutt,Second District Court of Appeal,NA,UnderVotes,31290
Polk,Retention of Stevan Travis Northcutt,Second District Court of Appeal,NOP,No,80067
Polk,Retention of Stevan Travis Northcutt,Second District Court of Appeal,NOP,Yes,119292
Polk,Retention of Suzanne Y. Labrit,Second District Court of Appeal,NA,OverVotes,43
Polk,Retention of Suzanne Y. Labrit,Second District Court of Appeal,NA,UnderVotes,30745
Polk,Retention of Suzanne Y. Labrit,Second District Court of Appeal,NOP,No,60071
Polk,Retention of Suzanne Y. Labrit,Second District Court of Appeal,NOP,Yes,139867
Polk,School Board,7,NA,OverVotes,103
Polk,School Board,7,NA,UnderVotes,33443
Polk,School Board,7,NOP,Jill Sessions,87617
Polk,School Board,7,NOP,Lisa Miller,109563
Polk,State Senate,12,DEM,Veysel Dokur,59734
Polk,State Senate,12,NA,OverVotes,9
Polk,State Senate,12,NA,UnderVotes,3947
Polk,State Senate,12,REP,Colleen Burton,102441
Polk,State Senate,27,DEM,Christopher Proia,17974
Polk,State Senate,27,NA,OverVotes,1
Polk,State Senate,27,NA,UnderVotes,1630
Polk,State Senate,27,REP,Ben Albritton Jr,44990
Polk,U.S. House,11,DEM,Shante Munns,4312
Polk,U.S. House,11,NA,OverVotes,1
Polk,U.S. House,11,NA,UnderVotes,211
Polk,U.S. House,11,NPA,Kevin Porter,163
Polk,U.S. House,11,REP,Daniel Webster,8367
Polk,U.S. House,15,DEM,Alan M. Cohn,12808
Polk,U.S. House,15,NA,OverVotes,8
Polk,U.S. House,15,NA,UnderVotes,698
Polk,U.S. House,15,REP,Laurel Lee,24343
Polk,U.S. House,18,NA,OverVotes,19
Polk,U.S. House,18,NA,UnderVotes,11634
Polk,U.S. House,18,NA,WriteinVotes,1057
Polk,U.S. House,18,NPA,Keith R. Hayden Jr,41696
Polk,U.S. House,18,REP,Scott Franklin,109096
Polk,U.S. House,9,DEM,Darren Soto,8958
Polk,U.S. House,9,NA,OverVotes,2
Polk,U.S. House,9,NA,UnderVotes,224
Polk,U.S. House,9,REP,Scotty Moore,7129
Polk,U.S. Senate,NA,DEM,Val Demings,82261
Polk,U.S. Senate,NA,LPF,Dennis Misigoy,980
Polk,U.S. Senate,NA,NA,OverVotes,121
Polk,U.S. Senate,NA,NA,UnderVotes,1011
Polk,U.S. Senate,NA,NA,WriteinVotes,102
Polk,U.S. Senate,NA,NPA,Steven B. Grant,1210
Polk,U.S. Senate,NA,NPA,Tuan TQ Nguyen,493
Polk,U.S. Senate,NA,REP,Marco Rubio,144548
Putnam,Amendment No. 1: Limitation On Assessment of Real Property Used For Residential Purposes,NA,NA,OverVotes,7
Putnam,Amendment No. 1: Limitation On Assessment of Real Property Used For Residential Purposes,NA,NA,UnderVotes,1930
Putnam,Amendment No. 1: Limitation On Assessment of Real Property Used For Residential Purposes,NA,NOP,No for Rejection,11187
Putnam,Amendment No. 1: Limitation On Assessment of Real Property Used For Residential Purposes,NA,NOP,Yes for Approval,13532
Putnam,Amendment No. 2: Abolishing the Constitution Revision Commission,NA,NA,OverVotes,6
Putnam,Amendment No. 2: Abolishing the Constitution Revision Commission,NA,NA,UnderVotes,2111
Putnam,Amendment No. 2: Abolishing the Constitution Revision Commission,NA,NOP,No for Rejection,11577
Putnam,Amendment No. 2: Abolishing the Constitution Revision Commission,NA,NOP,Yes for Approval,12962
Putnam,Amendment No. 3: Additional Homestead Property Tax Exemption For Specified Critical Public Services Workforce,NA,NA,OverVotes,5
Putnam,Amendment No. 3: Additional Homestead Property Tax Exemption For Specified Critical Public Services Workforce,NA,NA,UnderVotes,1390
Putnam,Amendment No. 3: Additional Homestead Property Tax Exemption For Specified Critical Public Services Workforce,NA,NOP,No for Rejection,11429
Putnam,Amendment No. 3: Additional Homestead Property Tax Exemption For Specified Critical Public Services Workforce,NA,NOP,Yes for Approval,13832
Putnam,Attorney General,NA,DEM,Aramis Ayala,5964
Putnam,Attorney General,NA,NA,OverVotes,0
Putnam,Attorney General,NA,NA,UnderVotes,303
Putnam,Attorney General,NA,REP,Ashley Moody,20389
Putnam,Chief Financial Officer,NA,DEM,Adam Hattersley,6369
Putnam,Chief Financial Officer,NA,NA,OverVotes,2
Putnam,Chief Financial Officer,NA,NA,UnderVotes,550
Putnam,Chief Financial Officer,NA,REP,Jimmy Patronis,19735
Putnam,Commissioner of Agriculture,NA,DEM,Naomi Esther Blemur,6365
Putnam,Commissioner of Agriculture,NA,NA,OverVotes,0
Putnam,Commissioner of Agriculture,NA,NA,UnderVotes,446
Putnam,Commissioner of Agriculture,NA,REP,Wilton Simpson,19845
Putnam,County Commissioner,2,DEM,LaToya Anderson Robinson,6217
Putnam,County Commissioner,2,NA,OverVotes,2
Putnam,County Commissioner,2,NA,UnderVotes,546
Putnam,County Commissioner,2,REP,Leota D. Wilkinson,19891
Putnam,County Commissioner,4,NA,OverVotes,4
Putnam,County Commissioner,4,NA,UnderVotes,1377
Putnam,County Commissioner,4,NA,WriteinVotes,302
Putnam,County Commissioner,4,NPA,Ron Burckhard,5291
Putnam,County Commissioner,4,REP,Larry Harvey,19682
Putnam,Governor,NA,DEM,Crist / Hernandez,6196
Putnam,Governor,NA,LPF,Roos / Rorabaugh,78
Putnam,Governor,NA,NA,OverVotes,4
Putnam,Governor,NA,NA,UnderVotes,59
Putnam,Governor,NA,NPA,Gimenez / Gibson,102
Putnam,Governor,NA,REP,DeSantis / Nuñez,20217
Putnam,Registered Voters,NA,NA,NA,50658
Putnam,Retention of Brian D. Lambert,Fifth District Court of Appeal,NA,OverVotes,7
Putnam,Retention of Brian D. Lambert,Fifth District Court of Appeal,NA,UnderVotes,3301
Putnam,Retention of Brian D. Lambert,Fifth District Court of Appeal,NOP,No,7527
Putnam,Retention of Brian D. Lambert,Fifth District Court of Appeal,NOP,Yes,15821
Putnam,Retention of Carrie Ann Wozniak,Fifth District Court of Appeal,NA,OverVotes,3
Putnam,Retention of Carrie Ann Wozniak,Fifth District Court of Appeal,NA,UnderVotes,3803
Putnam,Retention of Carrie Ann Wozniak,Fifth District Court of Appeal,NOP,No,7282
Putnam,Retention of Carrie Ann Wozniak,Fifth District Court of Appeal,NOP,Yes,15568
Putnam,Retention of Charles T. Canady,Justice of the Supreme Court,NA,OverVotes,6
Putnam,Retention of Charles T. Canady,Justice of the Supreme Court,NA,UnderVotes,2924
Putnam,Retention of Charles T. Canady,Justice of the Supreme Court,NOP,No,8085
Putnam,Retention of Charles T. Canady,Justice of the Supreme Court,NOP,Yes,15641
Putnam,Retention of Dan Traver,Fifth District Court of Appeal,NA,OverVotes,0
Putnam,Retention of Dan Traver,Fifth District Court of Appeal,NA,UnderVotes,3216
Putnam,Retention of Dan Traver,Fifth District Court of Appeal,NOP,No,7412
Putnam,Retention of Dan Traver,Fifth District Court of Appeal,NOP,Yes,16028
Putnam,Retention of James A. Edwards,Fifth District Court of Appeal,NA,OverVotes,0
Putnam,Retention of James A. Edwards,Fifth District Court of Appeal,NA,UnderVotes,3251
Putnam,Retention of James A. Edwards,Fifth District Court of Appeal,NOP,No,7541
Putnam,Retention of James A. Edwards,Fifth District Court of Appeal,NOP,Yes,15864
Putnam,Retention of Jamie Grosshans,Justice of the Supreme Court,NA,OverVotes,3
Putnam,Retention of Jamie Grosshans,Justice of the Supreme Court,NA,UnderVotes,2999
Putnam,Retention of Jamie Grosshans,Justice of the Supreme Court,NOP,No,7599
Putnam,Retention of Jamie Grosshans,Justice of the Supreme Court,NOP,Yes,16055
Putnam,Retention of Jay Cohen,Fifth District Court of Appeal,NA,OverVotes,1
Putnam,Retention of Jay Cohen,Fifth District Court of Appeal,NA,UnderVotes,3161
Putnam,Retention of Jay Cohen,Fifth District Court of Appeal,NOP,No,9071
Putnam,Retention of Jay Cohen,Fifth District Court of Appeal,NOP,Yes,14423
Putnam,Retention of John D. Couriel,Justice of the Supreme Court,NA,OverVotes,3
Putnam,Retention of John D. Couriel,Justice of the Supreme Court,NA,UnderVotes,3029
Putnam,Retention of John D. Couriel,Justice of the Supreme Court,NOP,No,7619
Putnam,Retention of John D. Couriel,Justice of the Supreme Court,NOP,Yes,16005
Putnam,Retention of Jorge Labarga,Justice of the Supreme Court,NA,OverVotes,10
Putnam,Retention of Jorge Labarga,Justice of the Supreme Court,NA,UnderVotes,3039
Putnam,Retention of Jorge Labarga,Justice of the Supreme Court,NOP,No,9689
Putnam,Retention of Jorge Labarga,Justice of the Supreme Court,NOP,Yes,13918
Putnam,Retention of Mary Nardella,Fifth District Court of Appeal,NA,OverVotes,4
Putnam,Retention of Mary Nardella,Fifth District Court of Appeal,NA,UnderVotes,3243
Putnam,Retention of Mary Nardella,Fifth District Court of Appeal,NOP,No,7500
Putnam,Retention of Mary Nardella,Fifth District Court of Appeal,NOP,Yes,15909
Putnam,Retention of Ricky Polston,Justice of the Supreme Court,NA,OverVotes,4
Putnam,Retention of Ricky Polston,Justice of the Supreme Court,NA,UnderVotes,3111
Putnam,Retention of Ricky Polston,Justice of the Supreme Court,NOP,No,8390
Putnam,Retention of Ricky Polston,Justice of the Supreme Court,NOP,Yes,15151
Putnam,U.S. House,6,LPF,"Joseph ""Joe"" Hannoush",4639
Putnam,U.S. House,6,NA,OverVotes,0
Putnam,U.S. House,6,NA,UnderVotes,1696
Putnam,U.S. House,6,REP,Michael Waltz,20321
Putnam,U.S. Senate,NA,DEM,Val Demings,6450
Putnam,U.S. Senate,NA,LPF,Dennis Misigoy,96
Putnam,U.S. Senate,NA,NA,OverVotes,2
Putnam,U.S. Senate,NA,NA,UnderVotes,100
Putnam,U.S. Senate,NA,NA,WriteinVotes,14
Putnam,U.S. Senate,NA,NPA,Steven B. Grant,139
Putnam,U.S. Senate,NA,NPA,Tuan TQ Nguyen,43
Putnam,U.S. Senate,NA,REP,Marco Rubio,19812
Santa Rosa,Amendment No. 1: Limitation On Assessment of Real Property Used For Residential Purposes,NA,NA,OverVotes,33
Santa Rosa,Amendment No. 1: Limitation On Assessment of Real Property Used For Residential Purposes,NA,NA,UnderVotes,5586
Santa Rosa,Amendment No. 1: Limitation On Assessment of Real Property Used For Residential Purposes,NA,NOP,No for Rejection,28104
Santa Rosa,Amendment No. 1: Limitation On Assessment of Real Property Used For Residential Purposes,NA,NOP,Yes for Approval,42132
Santa Rosa,Amendment No. 2: Abolishing the Constitution Revision Commission,NA,NA,OverVotes,35
Santa Rosa,Amendment No. 2: Abolishing the Constitution Revision Commission,NA,NA,UnderVotes,6250
Santa Rosa,Amendment No. 2: Abolishing the Constitution Revision Commission,NA,NOP,No for Rejection,30266
Santa Rosa,Amendment No. 2: Abolishing the Constitution Revision Commission,NA,NOP,Yes for Approval,39304
Santa Rosa,Amendment No. 3: Additional Homestead Property Tax Exemption For Specified Critical Public Services Workforce,NA,NA,OverVotes,24
Santa Rosa,Amendment No. 3: Additional Homestead Property Tax Exemption For Specified Critical Public Services Workforce,NA,NA,UnderVotes,3860
Santa Rosa,Amendment No. 3: Additional Homestead Property Tax Exemption For Specified Critical Public Services Workforce,NA,NOP,No for Rejection,27646
Santa Rosa,Amendment No. 3: Additional Homestead Property Tax Exemption For Specified Critical Public Services Workforce,NA,NOP,Yes for Approval,44325
Santa Rosa,Attorney General,NA,DEM,Aramis Ayala,14867
Santa Rosa,Attorney General,NA,NA,OverVotes,9
Santa Rosa,Attorney General,NA,NA,UnderVotes,749
Santa Rosa,Attorney General,NA,REP,Ashley Moody,60230
Santa Rosa,Chief Financial Officer,NA,DEM,Adam Hattersley,15227
Santa Rosa,Chief Financial Officer,NA,NA,OverVotes,5
Santa Rosa,Chief Financial Officer,NA,NA,UnderVotes,1237
Santa Rosa,Chief Financial Officer,NA,REP,Jimmy Patronis,59386
Santa Rosa,Commissioner of Agriculture,NA,DEM,Naomi Esther Blemur,15231
Santa Rosa,Commissioner of Agriculture,NA,NA,OverVotes,4
Santa Rosa,Commissioner of Agriculture,NA,NA,UnderVotes,1512
Santa Rosa,Commissioner of Agriculture,NA,REP,Wilton Simpson,59108
Santa Rosa,County Commissioner,2,NA,OverVotes,9
Santa Rosa,County Commissioner,2,NA,UnderVotes,10235
Santa Rosa,County Commissioner,2,NA,WriteinVotes,2169
Santa Rosa,County Commissioner,2,REP,Kerry Smith,63442
Santa Rosa,County Commissioner,4,REP,Dave Piech,30778
Santa Rosa,County Commissioner,4,REP,Ray Eddington,36396
Santa Rosa,Governor,NA,DEM,Crist / Hernandez,15096
Santa Rosa,Governor,NA,LPF,Roos / Rorabaugh,240
Santa Rosa,Governor,NA,NA,OverVotes,40
Santa Rosa,Governor,NA,NA,UnderVotes,117
Santa Rosa,Governor,NA,NPA,Gimenez / Gibson,271
Santa Rosa,Governor,NA,REP,DeSantis / Nuñez,60091
Santa Rosa,Registered Voters,NA,NA,NA,145720
Santa Rosa,Retention of Bo Winokur,First District Court of Appeal,NA,OverVotes,11
Santa Rosa,Retention of Bo Winokur,First District Court of Appeal,NA,UnderVotes,10191
Santa Rosa,Retention of Bo Winokur,First District Court of Appeal,NOP,No,20098
Santa Rosa,Retention of Bo Winokur,First District Court of Appeal,NOP,Yes,45555
Santa Rosa,Retention of Bobby Long,First District Court of Appeal,NA,OverVotes,11
Santa Rosa,Retention of Bobby Long,First District Court of Appeal,NA,UnderVotes,9390
Santa Rosa,Retention of Bobby Long,First District Court of Appeal,NOP,No,19049
Santa Rosa,Retention of Bobby Long,First District Court of Appeal,NOP,Yes,47405
Santa Rosa,Retention of Charles T. Canady,Justice of the Supreme Court,NA,OverVotes,19
Santa Rosa,Retention of Charles T. Canady,Justice of the Supreme Court,NA,UnderVotes,8503
Santa Rosa,Retention of Charles T. Canady,Justice of the Supreme Court,NOP,No,21111
Santa Rosa,Retention of Charles T. Canady,Justice of the Supreme Court,NOP,Yes,46222
Santa Rosa,Retention of Jamie Grosshans,Justice of the Supreme Court,NA,OverVotes,5
Santa Rosa,Retention of Jamie Grosshans,Justice of the Supreme Court,NA,UnderVotes,8728
Santa Rosa,Retention of Jamie Grosshans,Justice of the Supreme Court,NOP,No,19742
Santa Rosa,Retention of Jamie Grosshans,Justice of the Supreme Court,NOP,Yes,47380
Santa Rosa,Retention of John D. Couriel,Justice of the Supreme Court,NA,OverVotes,10
Santa Rosa,Retention of John D. Couriel,Justice of the Supreme Court,NA,UnderVotes,8617
Santa Rosa,Retention of John D. Couriel,Justice of the Supreme Court,NOP,No,19872
Santa Rosa,Retention of John D. Couriel,Justice of the Supreme Court,NOP,Yes,47356
Santa Rosa,Retention of Jorge Labarga,Justice of the Supreme Court,NA,OverVotes,21
Santa Rosa,Retention of Jorge Labarga,Justice of the Supreme Court,NA,UnderVotes,8736
Santa Rosa,Retention of Jorge Labarga,Justice of the Supreme Court,NOP,No,26462
Santa Rosa,Retention of Jorge Labarga,Justice of the Supreme Court,NOP,Yes,40636
Santa Rosa,Retention of Lori S. Rowe,First District Court of Appeal,NA,OverVotes,4
Santa Rosa,Retention of Lori S. Rowe,First District Court of Appeal,NA,UnderVotes,9310
Santa Rosa,Retention of Lori S. Rowe,First District Court of Appeal,NOP,No,20565
Santa Rosa,Retention of Lori S. Rowe,First District Court of Appeal,NOP,Yes,45976
Santa Rosa,Retention of Ricky Polston,Justice of the Supreme Court,NA,OverVotes,16
Santa Rosa,Retention of Ricky Polston,Justice of the Supreme Court,NA,UnderVotes,8896
Santa Rosa,Retention of Ricky Polston,Justice of the Supreme Court,NOP,No,21459
Santa Rosa,Retention of Ricky Polston,Justice of the Supreme Court,NOP,Yes,45484
Santa Rosa,Retention of Ross L. Bilbrey,First District Court of Appeal,NA,OverVotes,9
Santa Rosa,Retention of Ross L. Bilbrey,First District Court of Appeal,NA,UnderVotes,9216
Santa Rosa,Retention of Ross L. Bilbrey,First District Court of Appeal,NOP,No,19281
Santa Rosa,Retention of Ross L. Bilbrey,First District Court of Appeal,NOP,Yes,47349
Santa Rosa,Retention of Susan Kelsey,First District Court of Appeal,NA,OverVotes,12
Santa Rosa,Retention of Susan Kelsey,First District Court of Appeal,NA,UnderVotes,9308
Santa Rosa,Retention of Susan Kelsey,First District Court of Appeal,NOP,No,20020
Santa Rosa,Retention of Susan Kelsey,First District Court of Appeal,NOP,Yes,46515
Santa Rosa,School Board,5,NA,OverVotes,23
Santa Rosa,School Board,5,NA,UnderVotes,12055
Santa Rosa,School Board,5,NOP,Pete Peters,26488
Santa Rosa,School Board,5,NOP,Scott Peden,37289
Santa Rosa,State House,2,DEM,Carollyn Rabeca Taylor,4324
Santa Rosa,State House,2,NA,OverVotes,0
Santa Rosa,State House,2,NA,UnderVotes,377
Santa Rosa,State House,2,REP,Alex Andrade,13091
Santa Rosa,State House,3,NA,OverVotes,5
Santa Rosa,State House,3,NA,UnderVotes,6342
Santa Rosa,State House,3,NA,WriteinVotes,1880
Santa Rosa,State House,3,REP,Joel Rudman,49836
Santa Rosa,State Senate,1,DEM,Charlie Nichols,15345
Santa Rosa,State Senate,1,NA,OverVotes,2
Santa Rosa,State Senate,1,NA,UnderVotes,971
Santa Rosa,State Senate,1,REP,Doug Broxson,59537
Santa Rosa,U.S. House,1,DEM,Rebekah Jones,19111
Santa Rosa,U.S. House,1,NA,OverVotes,8
Santa Rosa,U.S. House,1,NA,UnderVotes,1377
Santa Rosa,U.S. House,1,REP,Matt Gaetz,55359
Santa Rosa,U.S. Senate,NA,DEM,Val Demings,15554
Santa Rosa,U.S. Senate,NA,LPF,Dennis Misigoy,392
Santa Rosa,U.S. Senate,NA,NA,OverVotes,8
Santa Rosa,U.S. Senate,NA,NA,UnderVotes,250
Santa Rosa,U.S. Senate,NA,NA,WriteinVotes,27
Santa Rosa,U.S. Senate,NA,NPA,Steven B. Grant,323
Santa Rosa,U.S. Senate,NA,NPA,Tuan TQ Nguyen,190
Santa Rosa,U.S. Senate,NA,REP,Marco Rubio,59111
Sarasota,Amendment No. 1: Limitation On Assessment of Real Property Used For Residential Purposes,NA,NA,OverVotes,109
Sarasota,Amendment No. 1: Limitation On Assessment of Real Property Used For Residential Purposes,NA,NA,UnderVotes,31440
Sarasota,Amendment No. 1: Limitation On Assessment of Real Property Used For Residential Purposes,NA,NOP,No for Rejection,69154
Sarasota,Amendment No. 1: Limitation On Assessment of Real Property Used For Residential Purposes,NA,NOP,Yes for Approval,118811
Sarasota,Amendment No. 2: Abolishing the Constitution Revision Commission,NA,NA,OverVotes,108
Sarasota,Amendment No. 2: Abolishing the Constitution Revision Commission,NA,NA,UnderVotes,25831
Sarasota,Amendment No. 2: Abolishing the Constitution Revision Commission,NA,NOP,No for Rejection,96973
Sarasota,Amendment No. 2: Abolishing the Constitution Revision Commission,NA,NOP,Yes for Approval,96602
Sarasota,Amendment No. 3: Additional Homestead Property Tax Exemption For Specified Critical Public Services Workforce,NA,NA,OverVotes,75
Sarasota,Amendment No. 3: Additional Homestead Property Tax Exemption For Specified Critical Public Services Workforce,NA,NA,UnderVotes,18610
Sarasota,Amendment No. 3: Additional Homestead Property Tax Exemption For Specified Critical Public Services Workforce,NA,NOP,No for Rejection,103254
Sarasota,Amendment No. 3: Additional Homestead Property Tax Exemption For Specified Critical Public Services Workforce,NA,NOP,Yes for Approval,97575
Sarasota,Attorney General,NA,DEM,Aramis Ayala,80853
Sarasota,Attorney General,NA,NA,OverVotes,19
Sarasota,Attorney General,NA,NA,UnderVotes,2880
Sarasota,Attorney General,NA,REP,Ashley Moody,135762
Sarasota,Chief Financial Officer,NA,DEM,Adam Hattersley,82846
Sarasota,Chief Financial Officer,NA,NA,OverVotes,19
Sarasota,Chief Financial Officer,NA,NA,UnderVotes,5665
Sarasota,Chief Financial Officer,NA,REP,Jimmy Patronis,130984
Sarasota,Commissioner of Agriculture,NA,DEM,Naomi Esther Blemur,83493
Sarasota,Commissioner of Agriculture,NA,NA,OverVotes,14
Sarasota,Commissioner of Agriculture,NA,NA,UnderVotes,5768
Sarasota,Commissioner of Agriculture,NA,REP,Wilton Simpson,130239
Sarasota,County Commissioner,2,DEM,"Fredd ""Glossie"" Atkins",18775
Sarasota,County Commissioner,2,NA,OverVotes,1
Sarasota,County Commissioner,2,NA,UnderVotes,934
Sarasota,County Commissioner,2,REP,Mark Smith,19148
Sarasota,County Commissioner,4,DEM,Daniel Kuether,19158
Sarasota,County Commissioner,4,NA,OverVotes,2
Sarasota,County Commissioner,4,NA,UnderVotes,1058
Sarasota,County Commissioner,4,REP,Joe Neunder,28044
Sarasota,Englewood Water District,Seat 4,NA,OverVotes,4
Sarasota,Englewood Water District,Seat 4,NA,UnderVotes,2497
Sarasota,Englewood Water District,Seat 4,NOP,Dennis Allen Pinkiewicz Jr,1403
Sarasota,Englewood Water District,Seat 4,NOP,Mitchell A. Moe,2703
Sarasota,Englewood Water District,Seat 4,NOP,Phyllis E. Wright,3310
Sarasota,Governor,NA,DEM,Crist / Hernandez,84614
Sarasota,Governor,NA,LPF,Roos / Rorabaugh,386
Sarasota,Governor,NA,NA,OverVotes,45
Sarasota,Governor,NA,NA,UnderVotes,572
Sarasota,Governor,NA,NPA,Gimenez / Gibson,543
Sarasota,Governor,NA,REP,DeSantis / Nuñez,133354
Sarasota,Lakeside Plantation Community Development District,Seat 1,NA,OverVotes,1
Sarasota,Lakeside Plantation Community Development District,Seat 1,NA,UnderVotes,121
Sarasota,Lakeside Plantation Community Development District,Seat 1,NOP,Bill Roumy,149
Sarasota,Lakeside Plantation Community Development District,Seat 1,NOP,Mary A. (Sue) Martin,220
Sarasota,Lakeside Plantation Community Development District,Seat 1,NOP,Nina Blair-Sorke,144
Sarasota,Lakeside Plantation Community Development District,Seat 3,NA,OverVotes,0
Sarasota,Lakeside Plantation Community Development District,Seat 3,NA,UnderVotes,138
Sarasota,Lakeside Plantation Community Development District,Seat 3,NOP,Joseph Szewczyk,154
Sarasota,Lakeside Plantation Community Development District,Seat 3,NOP,Patrick Lavoy,343
Sarasota,Registered Voters,NA,NA,NA,353493
Sarasota,Retention of Charles T. Canady,Justice of the Supreme Court,NA,OverVotes,130
Sarasota,Retention of Charles T. Canady,Justice of the Supreme Court,NA,UnderVotes,29450
Sarasota,Retention of Charles T. Canady,Justice of the Supreme Court,NOP,No,83913
Sarasota,Retention of Charles T. Canady,Justice of the Supreme Court,NOP,Yes,106021
Sarasota,Retention of Craig C. Villanti,Second District Court of Appeal,NA,OverVotes,26
Sarasota,Retention of Craig C. Villanti,Second District Court of Appeal,NA,UnderVotes,39463
Sarasota,Retention of Craig C. Villanti,Second District Court of Appeal,NOP,No,82402
Sarasota,Retention of Craig C. Villanti,Second District Court of Appeal,NOP,Yes,97623
Sarasota,Retention of Jamie Grosshans,Justice of the Supreme Court,NA,OverVotes,84
Sarasota,Retention of Jamie Grosshans,Justice of the Supreme Court,NA,UnderVotes,31525
Sarasota,Retention of Jamie Grosshans,Justice of the Supreme Court,NOP,No,74419
Sarasota,Retention of Jamie Grosshans,Justice of the Supreme Court,NOP,Yes,113486
Sarasota,Retention of John D. Couriel,Justice of the Supreme Court,NA,OverVotes,72
Sarasota,Retention of John D. Couriel,Justice of the Supreme Court,NA,UnderVotes,30957
Sarasota,Retention of John D. Couriel,Justice of the Supreme Court,NOP,No,74358
Sarasota,Retention of John D. Couriel,Justice of the Supreme Court,NOP,Yes,114127
Sarasota,Retention of John K. Stargel,Second District Court of Appeal,NA,OverVotes,73
Sarasota,Retention of John K. Stargel,Second District Court of Appeal,NA,UnderVotes,36383
Sarasota,Retention of John K. Stargel,Second District Court of Appeal,NOP,No,71905
Sarasota,Retention of John K. Stargel,Second District Court of Appeal,NOP,Yes,111153
Sarasota,Retention of Jorge Labarga,Justice of the Supreme Court,NA,OverVotes,143
Sarasota,Retention of Jorge Labarga,Justice of the Supreme Court,NA,UnderVotes,31693
Sarasota,Retention of Jorge Labarga,Justice of the Supreme Court,NOP,No,98377
Sarasota,Retention of Jorge Labarga,Justice of the Supreme Court,NOP,Yes,89301
Sarasota,Retention of Matt Lucas,Second District Court of Appeal,NA,OverVotes,69
Sarasota,Retention of Matt Lucas,Second District Court of Appeal,NA,UnderVotes,35427
Sarasota,Retention of Matt Lucas,Second District Court of Appeal,NOP,No,71625
Sarasota,Retention of Matt Lucas,Second District Court of Appeal,NOP,Yes,112393
Sarasota,Retention of Nelly N. Khouzam,Second District Court of Appeal,NA,OverVotes,60
Sarasota,Retention of Nelly N. Khouzam,Second District Court of Appeal,NA,UnderVotes,35082
Sarasota,Retention of Nelly N. Khouzam,Second District Court of Appeal,NOP,No,83295
Sarasota,Retention of Nelly N. Khouzam,Second District Court of Appeal,NOP,Yes,101077
Sarasota,Retention of Patricia Joan Kelly,Second District Court of Appeal,NA,OverVotes,87
Sarasota,Retention of Patricia Joan Kelly,Second District Court of Appeal,NA,UnderVotes,33918
Sarasota,Retention of Patricia Joan Kelly,Second District Court of Appeal,NOP,No,82678
Sarasota,Retention of Patricia Joan Kelly,Second District Court of Appeal,NOP,Yes,102831
Sarasota,Retention of Ricky Polston,Justice of the Supreme Court,NA,OverVotes,80
Sarasota,Retention of Ricky Polston,Justice of the Supreme Court,NA,UnderVotes,32314
Sarasota,Retention of Ricky Polston,Justice of the Supreme Court,NOP,No,86284
Sarasota,Retention of Ricky Polston,Justice of the Supreme Court,NOP,Yes,100836
Sarasota,Retention of Robert Morris,Second District Court of Appeal,NA,OverVotes,92
Sarasota,Retention of Robert Morris,Second District Court of Appeal,NA,UnderVotes,35672
Sarasota,Retention of Robert Morris,Second District Court of Appeal,NOP,No,88604
Sarasota,Retention of Robert Morris,Second District Court of Appeal,NOP,Yes,95146
Sarasota,Retention of Stevan Travis Northcutt,Second District Court of Appeal,NA,OverVotes,114
Sarasota,Retention of Stevan Travis Northcutt,Second District Court of Appeal,NA,UnderVotes,35494
Sarasota,Retention of Stevan Travis Northcutt,Second District Court of Appeal,NOP,No,99207
Sarasota,Retention of Stevan Travis Northcutt,Second District Court of Appeal,NOP,Yes,84699
Sarasota,Retention of Suzanne Y. Labrit,Second District Court of Appeal,NA,OverVotes,54
Sarasota,Retention of Suzanne Y. Labrit,Second District Court of Appeal,NA,UnderVotes,34926
Sarasota,Retention of Suzanne Y. Labrit,Second District Court of Appeal,NOP,No,70885
Sarasota,Retention of Suzanne Y. Labrit,Second District Court of Appeal,NOP,Yes,113649
Sarasota,Sarasota County Charter Review Board,1,DEM,Nancy M.H. Simpson,82956
Sarasota,Sarasota County Charter Review Board,1,NA,OverVotes,22
Sarasota,Sarasota County Charter Review Board,1,NA,UnderVotes,8058
Sarasota,Sarasota County Charter Review Board,1,REP,Alexandra Coe,128478
Sarasota,Sarasota County Charter Review Board,2,DEM,Jae Langston D. Williams,82183
Sarasota,Sarasota County Charter Review Board,2,NA,OverVotes,15
Sarasota,Sarasota County Charter Review Board,2,NA,UnderVotes,8987
Sarasota,Sarasota County Charter Review Board,2,REP,G. Matthew Brockway,128329
Sarasota,Sarasota County Charter Review Board,4 (2-yr term),DEM,Ray Porter,83212
Sarasota,Sarasota County Charter Review Board,4 (2-yr term),NA,OverVotes,47
Sarasota,Sarasota County Charter Review Board,4 (2-yr term),NA,UnderVotes,9470
Sarasota,Sarasota County Charter Review Board,4 (2-yr term),REP,Jack Miller,126785
Sarasota,Sarasota County Public Hospital Board,Northern District Seat 2,LPF,Jonathan Tubbs,53648
Sarasota,Sarasota County Public Hospital Board,Northern District Seat 2,NA,OverVotes,36
Sarasota,Sarasota County Public Hospital Board,Northern District Seat 2,NA,UnderVotes,32087
Sarasota,Sarasota County Public Hospital Board,Northern District Seat 2,REP,Victor J. Rohe,133743
Sarasota,State House,73,DEM,Derek Reich,40271
Sarasota,State House,73,NA,OverVotes,7
Sarasota,State House,73,NA,UnderVotes,1941
Sarasota,State House,73,REP,Fiona McFarland,51795
Sarasota,U.S. House,17,DEM,Andrea Doria Kale,83939
Sarasota,U.S. House,17,NA,OverVotes,14
Sarasota,U.S. House,17,NA,UnderVotes,2891
Sarasota,U.S. House,17,NPA,"Theodore ""Pink Tie"" Murray",1302
Sarasota,U.S. House,17,REP,Greg Steube,131368
Sarasota,U.S. Senate,NA,DEM,Val Demings,86618
Sarasota,U.S. Senate,NA,LPF,Dennis Misigoy,744
Sarasota,U.S. Senate,NA,NA,OverVotes,36
Sarasota,U.S. Senate,NA,NA,UnderVotes,997
Sarasota,U.S. Senate,NA,NA,WriteinVotes,67
Sarasota,U.S. Senate,NA,NPA,Steven B. Grant,832
Sarasota,U.S. Senate,NA,NPA,Tuan TQ Nguyen,355
Sarasota,U.S. Senate,NA,REP,Marco Rubio,129865
Sarasota,Venetian Community Development District,Seat 2,NA,OverVotes,0
Sarasota,Venetian Community Development District,Seat 2,NA,UnderVotes,169
Sarasota,Venetian Community Development District,Seat 2,NOP,Jill Pozarek,876
Sarasota,Venetian Community Development District,Seat 2,NOP,Richard McCafferty,542
Sarasota,West Villages Improvement District,Seat 5,NA,OverVotes,1
Sarasota,West Villages Improvement District,Seat 5,NA,UnderVotes,923
Sarasota,West Villages Improvement District,Seat 5,NOP,John Meisel,3677
Sarasota,West Villages Improvement District,Seat 5,NOP,Kevin M. Shaughnessy,1436
Seminole,Amendment No. 1: Limitation On Assessment of Real Property Used For Residential Purposes,NA,NA,OverVotes,81
Seminole,Amendment No. 1: Limitation On Assessment of Real Property Used For Residential Purposes,NA,NA,UnderVotes,18344
Seminole,Amendment No. 1: Limitation On Assessment of Real Property Used For Residential Purposes,NA,NOP,No for Rejection,79274
Seminole,Amendment No. 1: Limitation On Assessment of Real Property Used For Residential Purposes,NA,NOP,Yes for Approval,86117
Seminole,Amendment No. 2: Abolishing the Constitution Revision Commission,NA,NA,OverVotes,92
Seminole,Amendment No. 2: Abolishing the Constitution Revision Commission,NA,NA,UnderVotes,19566
Seminole,Amendment No. 2: Abolishing the Constitution Revision Commission,NA,NOP,No for Rejection,83284
Seminole,Amendment No. 2: Abolishing the Constitution Revision Commission,NA,NOP,Yes for Approval,80874
Seminole,Amendment No. 3: Additional Homestead Property Tax Exemption For Specified Critical Public Services Workforce,NA,NA,OverVotes,64
Seminole,Amendment No. 3: Additional Homestead Property Tax Exemption For Specified Critical Public Services Workforce,NA,NA,UnderVotes,13974
Seminole,Amendment No. 3: Additional Homestead Property Tax Exemption For Specified Critical Public Services Workforce,NA,NOP,No for Rejection,65155
Seminole,Amendment No. 3: Additional Homestead Property Tax Exemption For Specified Critical Public Services Workforce,NA,NOP,Yes for Approval,104623
Seminole,Attorney General,NA,DEM,Aramis Ayala,76193
Seminole,Attorney General,NA,NA,OverVotes,24
Seminole,Attorney General,NA,NA,UnderVotes,3269
Seminole,Attorney General,NA,REP,Ashley Moody,104330
Seminole,Chief Financial Officer,NA,DEM,Adam Hattersley,78391
Seminole,Chief Financial Officer,NA,NA,OverVotes,12
Seminole,Chief Financial Officer,NA,NA,UnderVotes,5323
Seminole,Chief Financial Officer,NA,REP,Jimmy Patronis,100090
Seminole,Commissioner of Agriculture,NA,DEM,Naomi Esther Blemur,79234
Seminole,Commissioner of Agriculture,NA,NA,OverVotes,15
Seminole,Commissioner of Agriculture,NA,NA,UnderVotes,5285
Seminole,Commissioner of Agriculture,NA,REP,Wilton Simpson,99282
Seminole,County Commissioner,2,DEM,Katrina Shadix,78232
Seminole,County Commissioner,2,NA,OverVotes,22
Seminole,County Commissioner,2,NA,UnderVotes,5476
Seminole,County Commissioner,2,REP,Jay Zembower,100086
Seminole,County Commissioner,4,NA,OverVotes,68
Seminole,County Commissioner,4,NA,UnderVotes,9496
Seminole,County Commissioner,4,NPA,Patricia Patti Smith,69673
Seminole,County Commissioner,4,REP,Amy Lockhart,104579
Seminole,County Court Judge,Group 5,NA,OverVotes,125
Seminole,County Court Judge,Group 5,NA,UnderVotes,35463
Seminole,County Court Judge,Group 5,NOP,Carsandra Buie,75573
Seminole,County Court Judge,Group 5,NOP,Kenneth R. Lester Jr.,72655
Seminole,Governor,NA,DEM,Crist / Hernandez,79664
Seminole,Governor,NA,LPF,Roos / Rorabaugh,546
Seminole,Governor,NA,NA,OverVotes,40
Seminole,Governor,NA,NA,UnderVotes,576
Seminole,Governor,NA,NPA,Gimenez / Gibson,800
Seminole,Governor,NA,REP,DeSantis / Nuñez,102190
Seminole,Registered Voters,NA,NA,NA,341548
Seminole,Retention of Brian D. Lambert,Fifth District Court of Appeal,NA,OverVotes,39
Seminole,Retention of Brian D. Lambert,Fifth District Court of Appeal,NA,UnderVotes,32041
Seminole,Retention of Brian D. Lambert,Fifth District Court of Appeal,NOP,No,57435
Seminole,Retention of Brian D. Lambert,Fifth District Court of Appeal,NOP,Yes,94301
Seminole,Retention of Carrie Ann Wozniak,Fifth District Court of Appeal,NA,OverVotes,33
Seminole,Retention of Carrie Ann Wozniak,Fifth District Court of Appeal,NA,UnderVotes,33506
Seminole,Retention of Carrie Ann Wozniak,Fifth District Court of Appeal,NOP,No,55329
Seminole,Retention of Carrie Ann Wozniak,Fifth District Court of Appeal,NOP,Yes,94948
Seminole,Retention of Charles T. Canady,Justice of the Supreme Court,NA,OverVotes,71
Seminole,Retention of Charles T. Canady,Justice of the Supreme Court,NA,UnderVotes,28018
Seminole,Retention of Charles T. Canady,Justice of the Supreme Court,NOP,No,65303
Seminole,Retention of Charles T. Canady,Justice of the Supreme Court,NOP,Yes,90424
Seminole,Retention of Dan Traver,Fifth District Court of Appeal,NA,OverVotes,17
Seminole,Retention of Dan Traver,Fifth District Court of Appeal,NA,UnderVotes,31759
Seminole,Retention of Dan Traver,Fifth District Court of Appeal,NOP,No,57608
Seminole,Retention of Dan Traver,Fifth District Court of Appeal,NOP,Yes,94432
Seminole,Retention of James A. Edwards,Fifth District Court of Appeal,NA,OverVotes,46
Seminole,Retention of James A. Edwards,Fifth District Court of Appeal,NA,UnderVotes,31949
Seminole,Retention of James A. Edwards,Fifth District Court of Appeal,NOP,No,55928
Seminole,Retention of James A. Edwards,Fifth District Court of Appeal,NOP,Yes,95893
Seminole,Retention of Jamie Grosshans,Justice of the Supreme Court,NA,OverVotes,22
Seminole,Retention of Jamie Grosshans,Justice of the Supreme Court,NA,UnderVotes,28523
Seminole,Retention of Jamie Grosshans,Justice of the Supreme Court,NOP,No,64898
Seminole,Retention of Jamie Grosshans,Justice of the Supreme Court,NOP,Yes,90373
Seminole,Retention of Jay Cohen,Fifth District Court of Appeal,NA,OverVotes,58
Seminole,Retention of Jay Cohen,Fifth District Court of Appeal,NA,UnderVotes,30992
Seminole,Retention of Jay Cohen,Fifth District Court of Appeal,NOP,No,53011
Seminole,Retention of Jay Cohen,Fifth District Court of Appeal,NOP,Yes,99755
Seminole,Retention of John D. Couriel,Justice of the Supreme Court,NA,OverVotes,54
Seminole,Retention of John D. Couriel,Justice of the Supreme Court,NA,UnderVotes,28611
Seminole,Retention of John D. Couriel,Justice of the Supreme Court,NOP,No,64969
Seminole,Retention of John D. Couriel,Justice of the Supreme Court,NOP,Yes,90182
Seminole,Retention of Jorge Labarga,Justice of the Supreme Court,NA,OverVotes,120
Seminole,Retention of Jorge Labarga,Justice of the Supreme Court,NA,UnderVotes,28642
Seminole,Retention of Jorge Labarga,Justice of the Supreme Court,NOP,No,54975
Seminole,Retention of Jorge Labarga,Justice of the Supreme Court,NOP,Yes,100079
Seminole,Retention of Mary Nardella,Fifth District Court of Appeal,NA,OverVotes,62
Seminole,Retention of Mary Nardella,Fifth District Court of Appeal,NA,UnderVotes,31373
Seminole,Retention of Mary Nardella,Fifth District Court of Appeal,NOP,No,60789
Seminole,Retention of Mary Nardella,Fifth District Court of Appeal,NOP,Yes,91592
Seminole,Retention of Ricky Polston,Justice of the Supreme Court,NA,OverVotes,54
Seminole,Retention of Ricky Polston,Justice of the Supreme Court,NA,UnderVotes,30132
Seminole,Retention of Ricky Polston,Justice of the Supreme Court,NOP,No,65552
Seminole,Retention of Ricky Polston,Justice of the Supreme Court,NOP,Yes,88078
Seminole,School Board,2,NA,OverVotes,66
Seminole,School Board,2,NA,UnderVotes,34447
Seminole,School Board,2,NOP,Jacqueline Kelley Davis,77883
Seminole,School Board,2,NOP,Sean Patrick Cooper,71420
Seminole,School Board,5,NA,OverVotes,43
Seminole,School Board,5,NA,UnderVotes,34859
Seminole,School Board,5,NOP,Autumn Huff Garick,76460
Seminole,School Board,5,NOP,Dana Fernandez,72454
Seminole,Seminole Soil and Water Conservation District,Group 1,NA,OverVotes,53
Seminole,Seminole Soil and Water Conservation District,Group 1,NA,UnderVotes,43814
Seminole,Seminole Soil and Water Conservation District,Group 1,NOP,Jennifer Webb,70838
Seminole,Seminole Soil and Water Conservation District,Group 1,NOP,Sarah Hall,69111
Seminole,Seminole Soil and Water Conservation District,Group 3,NA,OverVotes,64
Seminole,Seminole Soil and Water Conservation District,Group 3,NA,UnderVotes,42669
Seminole,Seminole Soil and Water Conservation District,Group 3,NOP,Gabrielle Milch,64845
Seminole,Seminole Soil and Water Conservation District,Group 3,NOP,Megan Betche,76238
Seminole,State House,36,DEM,Deborah Poulalion,28162
Seminole,State House,36,NA,OverVotes,3
Seminole,State House,36,NA,UnderVotes,1311
Seminole,State House,36,REP,Rachel Plakon,33935
Seminole,State House,37,DEM,Carlos Guillermo Smith,12939
Seminole,State House,37,NA,OverVotes,3
Seminole,State House,37,NA,UnderVotes,686
Seminole,State House,37,REP,Susan Plasencia,17492
Seminole,State House,38,DEM,Sarah Henry,31289
Seminole,State House,38,NA,OverVotes,2
Seminole,State House,38,NA,UnderVotes,1449
Seminole,State House,38,REP,David Smith,34309
Seminole,State House,39,DEM,Tiffany Hughes,8432
Seminole,State House,39,NA,OverVotes,1
Seminole,State House,39,NA,UnderVotes,495
Seminole,State House,39,REP,Doug Bankson,13308
Seminole,State Senate,10,DEM,Joy Goff-Marcil,79970
Seminole,State Senate,10,NA,OverVotes,26
Seminole,State Senate,10,NA,UnderVotes,3404
Seminole,State Senate,10,REP,Jason Brodeur,100416
Seminole,U.S. House,7,DEM,Karen Green,82258
Seminole,U.S. House,7,NA,OverVotes,26
Seminole,U.S. House,7,NA,UnderVotes,3066
Seminole,U.S. House,7,NA,WriteinVotes,191
Seminole,U.S. House,7,REP,Cory Mills,98275
Seminole,U.S. Senate,NA,DEM,Val Demings,83285
Seminole,U.S. Senate,NA,LPF,Dennis Misigoy,870
Seminole,U.S. Senate,NA,NA,OverVotes,22
Seminole,U.S. Senate,NA,NA,UnderVotes,703
Seminole,U.S. Senate,NA,NA,WriteinVotes,69
Seminole,U.S. Senate,NA,NPA,Steven B. Grant,650
Seminole,U.S. Senate,NA,NPA,Tuan TQ Nguyen,457
Seminole,U.S. Senate,NA,REP,Marco Rubio,97760
St. Johns,Amendment No. 1: Limitation On Assessment of Real Property Used For Residential Purposes,NA,NA,OverVotes,53
St. Johns,Amendment No. 1: Limitation On Assessment of Real Property Used For Residential Purposes,NA,NA,UnderVotes,13899
St. Johns,Amendment No. 1: Limitation On Assessment of Real Property Used For Residential Purposes,NA,NOP,No for Rejection,57789
St. Johns,Amendment No. 1: Limitation On Assessment of Real Property Used For Residential Purposes,NA,NOP,Yes for Approval,73270
St. Johns,Amendment No. 2: Abolishing the Constitution Revision Commission,NA,NA,OverVotes,49
St. Johns,Amendment No. 2: Abolishing the Constitution Revision Commission,NA,NA,UnderVotes,15886
St. Johns,Amendment No. 2: Abolishing the Constitution Revision Commission,NA,NOP,No for Rejection,59819
St. Johns,Amendment No. 2: Abolishing the Constitution Revision Commission,NA,NOP,Yes for Approval,69257
St. Johns,Amendment No. 3: Additional Homestead Property Tax Exemption For Specified Critical Public Services Workforce,NA,NA,OverVotes,59
St. Johns,Amendment No. 3: Additional Homestead Property Tax Exemption For Specified Critical Public Services Workforce,NA,NA,UnderVotes,9497
St. Johns,Amendment No. 3: Additional Homestead Property Tax Exemption For Specified Critical Public Services Workforce,NA,NOP,No for Rejection,54469
St. Johns,Amendment No. 3: Additional Homestead Property Tax Exemption For Specified Critical Public Services Workforce,NA,NOP,Yes for Approval,80986
St. Johns,Anastasia Mosquito Control District,Seat 2,NA,OverVotes,297
St. Johns,Anastasia Mosquito Control District,Seat 2,NA,UnderVotes,32885
St. Johns,Anastasia Mosquito Control District,Seat 2,NOP,Ed Slavin,15739
St. Johns,Anastasia Mosquito Control District,Seat 2,NOP,Gary Howell,35133
St. Johns,Anastasia Mosquito Control District,Seat 2,NOP,Martha Gleason,46730
St. Johns,Anastasia Mosquito Control District,Seat 2,NOP,Will Kelman,14227
St. Johns,Anastasia Mosquito Control District,Seat 4,NA,OverVotes,12
St. Johns,Anastasia Mosquito Control District,Seat 4,NA,UnderVotes,34424
St. Johns,Anastasia Mosquito Control District,Seat 4,NOP,Chris George,47817
St. Johns,Anastasia Mosquito Control District,Seat 4,NOP,Trish Becker,62758
St. Johns,Attorney General,NA,DEM,Aramis Ayala,41611
St. Johns,Attorney General,NA,NA,OverVotes,17
St. Johns,Attorney General,NA,NA,UnderVotes,2102
St. Johns,Attorney General,NA,REP,Ashley Moody,101281
St. Johns,Chief Financial Officer,NA,DEM,Adam Hattersley,42218
St. Johns,Chief Financial Officer,NA,NA,OverVotes,10
St. Johns,Chief Financial Officer,NA,NA,UnderVotes,3239
St. Johns,Chief Financial Officer,NA,REP,Jimmy Patronis,99544
St. Johns,Commissioner of Agriculture,NA,DEM,Naomi Esther Blemur,42943
St. Johns,Commissioner of Agriculture,NA,NA,OverVotes,7
St. Johns,Commissioner of Agriculture,NA,NA,UnderVotes,3814
St. Johns,Commissioner of Agriculture,NA,REP,Wilton Simpson,98247
St. Johns,County Commissioner,4,NA,OverVotes,27
St. Johns,County Commissioner,4,NA,UnderVotes,31526
St. Johns,County Commissioner,4,NA,WriteinVotes,5366
St. Johns,County Commissioner,4,REP,Krista Keating-Joseph,108092
St. Johns,Governor,NA,DEM,Crist / Hernandez,42873
St. Johns,Governor,NA,LPF,Roos / Rorabaugh,327
St. Johns,Governor,NA,NA,OverVotes,21
St. Johns,Governor,NA,NA,UnderVotes,336
St. Johns,Governor,NA,NPA,Gimenez / Gibson,388
St. Johns,Governor,NA,REP,DeSantis / Nuñez,101066
St. Johns,Heritage Landing Community Development District,Seat 2,NA,OverVotes,0
St. Johns,Heritage Landing Community Development District,Seat 2,NA,UnderVotes,216
St. Johns,Heritage Landing Community Development District,Seat 2,NOP,Alan Fernandez,657
St. Johns,Heritage Landing Community Development District,Seat 2,NOP,Christine Mallatt,694
St. Johns,Registered Voters,NA,NA,NA,223775
St. Johns,Retention of Brian D. Lambert,Fifth District Court of Appeal,NA,OverVotes,14
St. Johns,Retention of Brian D. Lambert,Fifth District Court of Appeal,NA,UnderVotes,23188
St. Johns,Retention of Brian D. Lambert,Fifth District Court of Appeal,NOP,No,37738
St. Johns,Retention of Brian D. Lambert,Fifth District Court of Appeal,NOP,Yes,84071
St. Johns,Retention of Carrie Ann Wozniak,Fifth District Court of Appeal,NA,OverVotes,13
St. Johns,Retention of Carrie Ann Wozniak,Fifth District Court of Appeal,NA,UnderVotes,22750
St. Johns,Retention of Carrie Ann Wozniak,Fifth District Court of Appeal,NOP,No,36160
St. Johns,Retention of Carrie Ann Wozniak,Fifth District Court of Appeal,NOP,Yes,86088
St. Johns,Retention of Charles T. Canady,Justice of the Supreme Court,NA,OverVotes,65
St. Johns,Retention of Charles T. Canady,Justice of the Supreme Court,NA,UnderVotes,18752
St. Johns,Retention of Charles T. Canady,Justice of the Supreme Court,NOP,No,40553
St. Johns,Retention of Charles T. Canady,Justice of the Supreme Court,NOP,Yes,85641
St. Johns,Retention of Dan Traver,Fifth District Court of Appeal,NA,OverVotes,25
St. Johns,Retention of Dan Traver,Fifth District Court of Appeal,NA,UnderVotes,23175
St. Johns,Retention of Dan Traver,Fifth District Court of Appeal,NOP,No,36906
St. Johns,Retention of Dan Traver,Fifth District Court of Appeal,NOP,Yes,84905
St. Johns,Retention of James A. Edwards,Fifth District Court of Appeal,NA,OverVotes,30
St. Johns,Retention of James A. Edwards,Fifth District Court of Appeal,NA,UnderVotes,22960
St. Johns,Retention of James A. Edwards,Fifth District Court of Appeal,NOP,No,37224
St. Johns,Retention of James A. Edwards,Fifth District Court of Appeal,NOP,Yes,84797
St. Johns,Retention of Jamie Grosshans,Justice of the Supreme Court,NA,OverVotes,44
St. Johns,Retention of Jamie Grosshans,Justice of the Supreme Court,NA,UnderVotes,19951
St. Johns,Retention of Jamie Grosshans,Justice of the Supreme Court,NOP,No,38101
St. Johns,Retention of Jamie Grosshans,Justice of the Supreme Court,NOP,Yes,86915
St. Johns,Retention of Jay Cohen,Fifth District Court of Appeal,NA,OverVotes,88
St. Johns,Retention of Jay Cohen,Fifth District Court of Appeal,NA,UnderVotes,22301
St. Johns,Retention of Jay Cohen,Fifth District Court of Appeal,NOP,No,42114
St. Johns,Retention of Jay Cohen,Fifth District Court of Appeal,NOP,Yes,80508
St. Johns,Retention of John D. Couriel,Justice of the Supreme Court,NA,OverVotes,23
St. Johns,Retention of John D. Couriel,Justice of the Supreme Court,NA,UnderVotes,19645
St. Johns,Retention of John D. Couriel,Justice of the Supreme Court,NOP,No,38189
St. Johns,Retention of John D. Couriel,Justice of the Supreme Court,NOP,Yes,87154
St. Johns,Retention of Jorge Labarga,Justice of the Supreme Court,NA,OverVotes,105
St. Johns,Retention of Jorge Labarga,Justice of the Supreme Court,NA,UnderVotes,20089
St. Johns,Retention of Jorge Labarga,Justice of the Supreme Court,NOP,No,45774
St. Johns,Retention of Jorge Labarga,Justice of the Supreme Court,NOP,Yes,79043
St. Johns,Retention of Mary Nardella,Fifth District Court of Appeal,NA,OverVotes,27
St. Johns,Retention of Mary Nardella,Fifth District Court of Appeal,NA,UnderVotes,22907
St. Johns,Retention of Mary Nardella,Fifth District Court of Appeal,NOP,No,36951
St. Johns,Retention of Mary Nardella,Fifth District Court of Appeal,NOP,Yes,85126
St. Johns,Retention of Ricky Polston,Justice of the Supreme Court,NA,OverVotes,16
St. Johns,Retention of Ricky Polston,Justice of the Supreme Court,NA,UnderVotes,20653
St. Johns,Retention of Ricky Polston,Justice of the Supreme Court,NOP,No,42811
St. Johns,Retention of Ricky Polston,Justice of the Supreme Court,NOP,Yes,81531
St. Johns,School Board,1,NA,OverVotes,5
St. Johns,School Board,1,NA,UnderVotes,2955
St. Johns,School Board,1,NOP,Beverly Slough,12816
St. Johns,School Board,1,NOP,Racheal M. Hand,11727
St. Johns,School Board,3,NA,OverVotes,4
St. Johns,School Board,3,NA,UnderVotes,3939
St. Johns,School Board,3,NOP,Jennifer Collins,13069
St. Johns,School Board,3,NOP,Lauren Abell,11873
St. Johns,Southaven Community Development District,Seat 1,NA,OverVotes,0
St. Johns,Southaven Community Development District,Seat 1,NA,UnderVotes,132
St. Johns,Southaven Community Development District,Seat 1,NOP,Jim Alexander,222
St. Johns,Southaven Community Development District,Seat 1,NOP,Tim Bannon,179
St. Johns,St. Augustine Port,"Waterway and Beach Commission, Group 1",NA,OverVotes,4
St. Johns,St. Augustine Port,"Waterway and Beach Commission, Group 1",NA,UnderVotes,10729
St. Johns,St. Augustine Port,"Waterway and Beach Commission, Group 1",NOP,Linda Thomson,12988
St. Johns,St. Augustine Port,"Waterway and Beach Commission, Group 1",NOP,Sandy Flowers,11505
St. Johns,St. Augustine Port,"Waterway and Beach Commission, Group 3",NA,OverVotes,2
St. Johns,St. Augustine Port,"Waterway and Beach Commission, Group 3",NA,UnderVotes,8416
St. Johns,St. Augustine Port,"Waterway and Beach Commission, Group 3",NOP,Harold David Bishop Jr.,6993
St. Johns,St. Augustine Port,"Waterway and Beach Commission, Group 3",NOP,Matt Brown,10647
St. Johns,St. Augustine Port,"Waterway and Beach Commission, Group 3",NOP,Michelle Bennett,9168
St. Johns,St. Augustine Port,"Waterway and Beach Commission, Group 5",NA,OverVotes,4
St. Johns,St. Augustine Port,"Waterway and Beach Commission, Group 5",NA,UnderVotes,8624
St. Johns,St. Augustine Port,"Waterway and Beach Commission, Group 5",NOP,Marco Klovanish,2815
St. Johns,St. Augustine Port,"Waterway and Beach Commission, Group 5",NOP,Melanie Sunshine Neale,11048
St. Johns,St. Augustine Port,"Waterway and Beach Commission, Group 5",NOP,Tom Rivers,12735
St. Johns,St. Johns County Airport Authority,Group 1,NA,OverVotes,22
St. Johns,St. Johns County Airport Authority,Group 1,NA,UnderVotes,34197
St. Johns,St. Johns County Airport Authority,Group 1,NOP,Michelle Cash-Chapman,39163
St. Johns,St. Johns County Airport Authority,Group 1,NOP,Russ Scott,35040
St. Johns,St. Johns County Airport Authority,Group 1,NOP,Suzanne W. Green,36589
St. Johns,St. Johns County Airport Authority,Group 2,NA,OverVotes,23
St. Johns,St. Johns County Airport Authority,Group 2,NA,UnderVotes,35258
St. Johns,St. Johns County Airport Authority,Group 2,NOP,Beth Tate,33029
St. Johns,St. Johns County Airport Authority,Group 2,NOP,David W. Venters,24741
St. Johns,St. Johns County Airport Authority,Group 2,NOP,Dennis M Clarke,51960
St. Johns,St. Johns County Airport Authority,Group 3,NA,OverVotes,33
St. Johns,St. Johns County Airport Authority,Group 3,NA,UnderVotes,41229
St. Johns,St. Johns County Airport Authority,Group 3,NOP,Jaime R. Topp,24769
St. Johns,St. Johns County Airport Authority,Group 3,NOP,Jennifer Liotta,30836
St. Johns,St. Johns County Airport Authority,Group 3,NOP,John C. (Jack) Gorman,27192
St. Johns,St. Johns County Airport Authority,Group 3,NOP,Susan G. Phillips,20952
St. Johns,State House,19,DEM,Adam Morley,12355
St. Johns,State House,19,NA,OverVotes,1
St. Johns,State House,19,NA,UnderVotes,713
St. Johns,State House,19,REP,Paul Renner,17872
St. Johns,Sweetwater Creek Community Development District,Seat 1,NA,OverVotes,1
St. Johns,Sweetwater Creek Community Development District,Seat 1,NA,UnderVotes,232
St. Johns,Sweetwater Creek Community Development District,Seat 1,NOP,Daniel Colin,385
St. Johns,Sweetwater Creek Community Development District,Seat 1,NOP,Robert J. Lisotta,518
St. Johns,Trout Creek Community Development District,Seat 1,NA,OverVotes,2
St. Johns,Trout Creek Community Development District,Seat 1,NA,UnderVotes,364
St. Johns,Trout Creek Community Development District,Seat 1,NOP,David M. Delmaster,338
St. Johns,Trout Creek Community Development District,Seat 1,NOP,Greg Weaver,461
St. Johns,Trout Creek Community Development District,Seat 1,NOP,Vincent Sajkowski,648
St. Johns,Trout Creek Community Development District,Seat 2,NA,OverVotes,0
St. Johns,Trout Creek Community Development District,Seat 2,NA,UnderVotes,423
St. Johns,Trout Creek Community Development District,Seat 2,NOP,Clint Wright,859
St. Johns,Trout Creek Community Development District,Seat 2,NOP,Donald Loper,531
St. Johns,Turnbull Creek Community Development District,Seat 5,NA,OverVotes,1
St. Johns,Turnbull Creek Community Development District,Seat 5,NA,UnderVotes,266
St. Johns,Turnbull Creek Community Development District,Seat 5,NOP,George M. Jacobs,494
St. Johns,Turnbull Creek Community Development District,Seat 5,NOP,Gianna Krol,571
St. Johns,U.S. House,6,LPF,"Joseph ""Joe"" Hannoush",4423
St. Johns,U.S. House,6,NA,OverVotes,1
St. Johns,U.S. House,6,NA,UnderVotes,2429
St. Johns,U.S. House,6,REP,Michael Waltz,14856
St. Johns,U.S. Senate,NA,DEM,Val Demings,44371
St. Johns,U.S. Senate,NA,LPF,Dennis Misigoy,659
St. Johns,U.S. Senate,NA,NA,OverVotes,10
St. Johns,U.S. Senate,NA,NA,UnderVotes,595
St. Johns,U.S. Senate,NA,NA,WriteinVotes,48
St. Johns,U.S. Senate,NA,NPA,Steven B. Grant,476
St. Johns,U.S. Senate,NA,NPA,Tuan TQ Nguyen,288
St. Johns,U.S. Senate,NA,REP,Marco Rubio,98564
St. Lucie,Amendment No. 1: Limitation On Assessment of Real Property Used For Residential Purposes,NA,NA,OverVotes,32
St. Lucie,Amendment No. 1: Limitation On Assessment of Real Property Used For Residential Purposes,NA,NA,UnderVotes,11357
St. Lucie,Amendment No. 1: Limitation On Assessment of Real Property Used For Residential Purposes,NA,NOP,No for Rejection,44178
St. Lucie,Amendment No. 1: Limitation On Assessment of Real Property Used For Residential Purposes,NA,NOP,Yes for Approval,66794
St. Lucie,Amendment No. 2: Abolishing the Constitution Revision Commission,NA,NA,OverVotes,26
St. Lucie,Amendment No. 2: Abolishing the Constitution Revision Commission,NA,NA,UnderVotes,13088
St. Lucie,Amendment No. 2: Abolishing the Constitution Revision Commission,NA,NOP,No for Rejection,48902
St. Lucie,Amendment No. 2: Abolishing the Constitution Revision Commission,NA,NOP,Yes for Approval,60345
St. Lucie,Amendment No. 3: Additional Homestead Property Tax Exemption For Specified Critical Public Services Workforce,NA,NA,OverVotes,33
St. Lucie,Amendment No. 3: Additional Homestead Property Tax Exemption For Specified Critical Public Services Workforce,NA,NA,UnderVotes,8333
St. Lucie,Amendment No. 3: Additional Homestead Property Tax Exemption For Specified Critical Public Services Workforce,NA,NOP,No for Rejection,47454
St. Lucie,Amendment No. 3: Additional Homestead Property Tax Exemption For Specified Critical Public Services Workforce,NA,NOP,Yes for Approval,66541
St. Lucie,Attorney General,NA,DEM,Aramis Ayala,48257
St. Lucie,Attorney General,NA,NA,OverVotes,9
St. Lucie,Attorney General,NA,NA,UnderVotes,1563
St. Lucie,Attorney General,NA,REP,Ashley Moody,72532
St. Lucie,Chief Financial Officer,NA,DEM,Adam Hattersley,49572
St. Lucie,Chief Financial Officer,NA,NA,OverVotes,9
St. Lucie,Chief Financial Officer,NA,NA,UnderVotes,2867
St. Lucie,Chief Financial Officer,NA,REP,Jimmy Patronis,69913
St. Lucie,Commissioner of Agriculture,NA,DEM,Naomi Esther Blemur,49540
St. Lucie,Commissioner of Agriculture,NA,NA,OverVotes,6
St. Lucie,Commissioner of Agriculture,NA,NA,UnderVotes,2868
St. Lucie,Commissioner of Agriculture,NA,REP,Wilton Simpson,69947
St. Lucie,County Commissioner,2,DEM,Sean P. Mitchell,52188
St. Lucie,County Commissioner,2,NA,OverVotes,27
St. Lucie,County Commissioner,2,NA,UnderVotes,3066
St. Lucie,County Commissioner,2,REP,Larry D Leet,67080
St. Lucie,County Commissioner,4,DEM,Helen Lurry,49770
St. Lucie,County Commissioner,4,NA,OverVotes,4
St. Lucie,County Commissioner,4,NA,UnderVotes,3225
St. Lucie,County Commissioner,4,REP,Jamie Lee Fowler,69362
St. Lucie,Governor,NA,DEM,Crist / Hernandez,49009
St. Lucie,Governor,NA,LPF,Roos / Rorabaugh,199
St. Lucie,Governor,NA,NA,OverVotes,57
St. Lucie,Governor,NA,NA,UnderVotes,311
St. Lucie,Governor,NA,NPA,Gimenez / Gibson,431
St. Lucie,Governor,NA,REP,DeSantis / Nuñez,72354
St. Lucie,Portofino Shores Community Development District,Seat 3,NA,OverVotes,0
St. Lucie,Portofino Shores Community Development District,Seat 3,NA,UnderVotes,52
St. Lucie,Portofino Shores Community Development District,Seat 3,NOP,Ingrid Radd Grubb,186
St. Lucie,Portofino Shores Community Development District,Seat 3,NOP,Marvin Hobson,244
St. Lucie,Registered Voters,NA,NA,NA,238645
St. Lucie,Retention of Charles T. Canady,Justice of the Supreme Court,NA,OverVotes,21
St. Lucie,Retention of Charles T. Canady,Justice of the Supreme Court,NA,UnderVotes,16153
St. Lucie,Retention of Charles T. Canady,Justice of the Supreme Court,NOP,No,34964
St. Lucie,Retention of Charles T. Canady,Justice of the Supreme Court,NOP,Yes,71223
St. Lucie,Retention of Cory J. Ciklin,Fourth District Court of Appeal,NA,OverVotes,34
St. Lucie,Retention of Cory J. Ciklin,Fourth District Court of Appeal,NA,UnderVotes,18697
St. Lucie,Retention of Cory J. Ciklin,Fourth District Court of Appeal,NOP,No,39006
St. Lucie,Retention of Cory J. Ciklin,Fourth District Court of Appeal,NOP,Yes,64624
St. Lucie,Retention of Dorian K. Damoorgian,Fourth District Court of Appeal,NA,OverVotes,18
St. Lucie,Retention of Dorian K. Damoorgian,Fourth District Court of Appeal,NA,UnderVotes,19102
St. Lucie,Retention of Dorian K. Damoorgian,Fourth District Court of Appeal,NOP,No,34450
St. Lucie,Retention of Dorian K. Damoorgian,Fourth District Court of Appeal,NOP,Yes,68791
St. Lucie,Retention of Ed Artau,Fourth District Court of Appeal,NA,OverVotes,10
St. Lucie,Retention of Ed Artau,Fourth District Court of Appeal,NA,UnderVotes,18035
St. Lucie,Retention of Ed Artau,Fourth District Court of Appeal,NOP,No,35130
St. Lucie,Retention of Ed Artau,Fourth District Court of Appeal,NOP,Yes,69186
St. Lucie,Retention of Jamie Grosshans,Justice of the Supreme Court,NA,OverVotes,21
St. Lucie,Retention of Jamie Grosshans,Justice of the Supreme Court,NA,UnderVotes,17454
St. Lucie,Retention of Jamie Grosshans,Justice of the Supreme Court,NOP,No,36109
St. Lucie,Retention of Jamie Grosshans,Justice of the Supreme Court,NOP,Yes,68777
St. Lucie,Retention of John D. Couriel,Justice of the Supreme Court,NA,OverVotes,28
St. Lucie,Retention of John D. Couriel,Justice of the Supreme Court,NA,UnderVotes,16920
St. Lucie,Retention of John D. Couriel,Justice of the Supreme Court,NOP,No,36411
St. Lucie,Retention of John D. Couriel,Justice of the Supreme Court,NOP,Yes,69002
St. Lucie,Retention of Jonathan D. Gerber,Fourth District Court of Appeal,NA,OverVotes,25
St. Lucie,Retention of Jonathan D. Gerber,Fourth District Court of Appeal,NA,UnderVotes,19223
St. Lucie,Retention of Jonathan D. Gerber,Fourth District Court of Appeal,NOP,No,31775
St. Lucie,Retention of Jonathan D. Gerber,Fourth District Court of Appeal,NOP,Yes,71338
St. Lucie,Retention of Jorge Labarga,Justice of the Supreme Court,NA,OverVotes,31
St. Lucie,Retention of Jorge Labarga,Justice of the Supreme Court,NA,UnderVotes,17282
St. Lucie,Retention of Jorge Labarga,Justice of the Supreme Court,NOP,No,39101
St. Lucie,Retention of Jorge Labarga,Justice of the Supreme Court,NOP,Yes,65947
St. Lucie,Retention of Melanie G. May,Fourth District Court of Appeal,NA,OverVotes,14
St. Lucie,Retention of Melanie G. May,Fourth District Court of Appeal,NA,UnderVotes,19067
St. Lucie,Retention of Melanie G. May,Fourth District Court of Appeal,NOP,No,29964
St. Lucie,Retention of Melanie G. May,Fourth District Court of Appeal,NOP,Yes,73316
St. Lucie,Retention of Ricky Polston,Justice of the Supreme Court,NA,OverVotes,19
St. Lucie,Retention of Ricky Polston,Justice of the Supreme Court,NA,UnderVotes,17493
St. Lucie,Retention of Ricky Polston,Justice of the Supreme Court,NOP,No,35723
St. Lucie,Retention of Ricky Polston,Justice of the Supreme Court,NOP,Yes,69126
St. Lucie,Retention of Robert M. Gross,Fourth District Court of Appeal,NA,OverVotes,17
St. Lucie,Retention of Robert M. Gross,Fourth District Court of Appeal,NA,UnderVotes,19306
St. Lucie,Retention of Robert M. Gross,Fourth District Court of Appeal,NOP,No,35103
St. Lucie,Retention of Robert M. Gross,Fourth District Court of Appeal,NOP,Yes,67935
St. Lucie,Retention of Spencer D. Levine,Fourth District Court of Appeal,NA,OverVotes,23
St. Lucie,Retention of Spencer D. Levine,Fourth District Court of Appeal,NA,UnderVotes,19182
St. Lucie,Retention of Spencer D. Levine,Fourth District Court of Appeal,NOP,No,32765
St. Lucie,Retention of Spencer D. Levine,Fourth District Court of Appeal,NOP,Yes,70391
St. Lucie,River Place On the St. Lucie Community Development District,Seat 1,NA,OverVotes,0
St. Lucie,River Place On the St. Lucie Community Development District,Seat 1,NA,UnderVotes,23
St. Lucie,River Place On the St. Lucie Community Development District,Seat 1,NOP,Richard C. Fopiano,103
St. Lucie,River Place On the St. Lucie Community Development District,Seat 1,NOP,Valerie Price,307
St. Lucie,River Place On the St. Lucie Community Development District,Seat 2,NA,OverVotes,0
St. Lucie,River Place On the St. Lucie Community Development District,Seat 2,NA,UnderVotes,31
St. Lucie,River Place On the St. Lucie Community Development District,Seat 2,NOP,Beverly Tyner,118
St. Lucie,River Place On the St. Lucie Community Development District,Seat 2,NOP,Christina Lang Lynch,284
St. Lucie,River Place On the St. Lucie Community Development District,Seat 3,NA,OverVotes,0
St. Lucie,River Place On the St. Lucie Community Development District,Seat 3,NA,UnderVotes,30
St. Lucie,River Place On the St. Lucie Community Development District,Seat 3,NOP,Jeffrey Baldino,282
St. Lucie,River Place On the St. Lucie Community Development District,Seat 3,NOP,Karen S. Holtzhauer,121
St. Lucie,St. Lucie West Services District,Seat 3,NA,OverVotes,0
St. Lucie,St. Lucie West Services District,Seat 3,NA,UnderVotes,1497
St. Lucie,St. Lucie West Services District,Seat 3,NOP,Gregg Ney,3109
St. Lucie,St. Lucie West Services District,Seat 3,NOP,Randy DeFrehn,2897
St. Lucie,State House,84,DEM,Forest W. Blanton,25779
St. Lucie,State House,84,NA,OverVotes,1
St. Lucie,State House,84,NA,UnderVotes,1242
St. Lucie,State House,84,REP,Dana Lee Trabulsy,40829
St. Lucie,State House,85,DEM,Curtis J. Tucker,22988
St. Lucie,State House,85,NA,OverVotes,1
St. Lucie,State House,85,NA,UnderVotes,1074
St. Lucie,State House,85,REP,Toby Overdorf,30447
St. Lucie,Tradition Community Development,5,NA,OverVotes,0
St. Lucie,Tradition Community Development,5,NA,UnderVotes,323
St. Lucie,Tradition Community Development,5,NOP,James Masotti,704
St. Lucie,Tradition Community Development,5,NOP,R. David Lasher,705
St. Lucie,U.S. House,21,DEM,Corinna Balderramos Robinson,47960
St. Lucie,U.S. House,21,NA,OverVotes,8
St. Lucie,U.S. House,21,NA,UnderVotes,1505
St. Lucie,U.S. House,21,REP,Brian Mast,72888
St. Lucie,U.S. Senate,NA,DEM,Val Demings,50851
St. Lucie,U.S. Senate,NA,LPF,Dennis Misigoy,415
St. Lucie,U.S. Senate,NA,NA,OverVotes,17
St. Lucie,U.S. Senate,NA,NA,UnderVotes,456
St. Lucie,U.S. Senate,NA,NA,WriteinVotes,64
St. Lucie,U.S. Senate,NA,NPA,Steven B. Grant,414
St. Lucie,U.S. Senate,NA,NPA,Tuan TQ Nguyen,220
St. Lucie,U.S. Senate,NA,REP,Marco Rubio,69924
Sumter,Amendment No. 1: Limitation On Assessment of Real Property Used For Residential Purposes,NA,NA,OverVotes,23
Sumter,Amendment No. 1: Limitation On Assessment of Real Property Used For Residential Purposes,NA,NA,UnderVotes,9532
Sumter,Amendment No. 1: Limitation On Assessment of Real Property Used For Residential Purposes,NA,NOP,No for Rejection,30141
Sumter,Amendment No. 1: Limitation On Assessment of Real Property Used For Residential Purposes,NA,NOP,Yes for Approval,49972
Sumter,Amendment No. 2: Abolishing the Constitution Revision Commission,NA,NA,OverVotes,27
Sumter,Amendment No. 2: Abolishing the Constitution Revision Commission,NA,NA,UnderVotes,9827
Sumter,Amendment No. 2: Abolishing the Constitution Revision Commission,NA,NOP,No for Rejection,31590
Sumter,Amendment No. 2: Abolishing the Constitution Revision Commission,NA,NOP,Yes for Approval,48224
Sumter,Amendment No. 3: Additional Homestead Property Tax Exemption For Specified Critical Public Services Workforce,NA,NA,OverVotes,16
Sumter,Amendment No. 3: Additional Homestead Property Tax Exemption For Specified Critical Public Services Workforce,NA,NA,UnderVotes,6237
Sumter,Amendment No. 3: Additional Homestead Property Tax Exemption For Specified Critical Public Services Workforce,NA,NOP,No for Rejection,36599
Sumter,Amendment No. 3: Additional Homestead Property Tax Exemption For Specified Critical Public Services Workforce,NA,NOP,Yes for Approval,46816
Sumter,Attorney General,NA,DEM,Aramis Ayala,21814
Sumter,Attorney General,NA,NA,OverVotes,5
Sumter,Attorney General,NA,NA,UnderVotes,1159
Sumter,Attorney General,NA,REP,Ashley Moody,66690
Sumter,Chief Financial Officer,NA,DEM,Adam Hattersley,23472
Sumter,Chief Financial Officer,NA,NA,OverVotes,6
Sumter,Chief Financial Officer,NA,NA,UnderVotes,2143
Sumter,Chief Financial Officer,NA,REP,Jimmy Patronis,64047
Sumter,Commissioner of Agriculture,NA,DEM,Naomi Esther Blemur,23052
Sumter,Commissioner of Agriculture,NA,NA,OverVotes,7
Sumter,Commissioner of Agriculture,NA,NA,UnderVotes,2230
Sumter,Commissioner of Agriculture,NA,REP,Wilton Simpson,64379
Sumter,Governor,NA,DEM,Crist / Hernandez,23718
Sumter,Governor,NA,LPF,Roos / Rorabaugh,92
Sumter,Governor,NA,NA,OverVotes,15
Sumter,Governor,NA,NA,UnderVotes,189
Sumter,Governor,NA,NPA,Gimenez / Gibson,158
Sumter,Governor,NA,REP,DeSantis / Nuñez,65496
Sumter,North Sumter County Utility Dependent District,Seat 3,NA,OverVotes,1
Sumter,North Sumter County Utility Dependent District,Seat 3,NA,UnderVotes,1442
Sumter,North Sumter County Utility Dependent District,Seat 3,NOP,"Ellen ""Ellie"" Decker",3120
Sumter,North Sumter County Utility Dependent District,Seat 3,NOP,Thomas Hosken,1144
Sumter,North Sumter County Utility Dependent District,Seat 5,NA,OverVotes,0
Sumter,North Sumter County Utility Dependent District,Seat 5,NA,UnderVotes,1919
Sumter,North Sumter County Utility Dependent District,Seat 5,NOP,Daniel Warren,3344
Sumter,North Sumter County Utility Dependent District,Seat 5,NOP,Matthew Friedland,2206
Sumter,Registered Voters,NA,NA,NA,118110
Sumter,Retention of Brian D. Lambert,Fifth District Court of Appeal,NA,OverVotes,28
Sumter,Retention of Brian D. Lambert,Fifth District Court of Appeal,NA,UnderVotes,14776
Sumter,Retention of Brian D. Lambert,Fifth District Court of Appeal,NOP,No,18476
Sumter,Retention of Brian D. Lambert,Fifth District Court of Appeal,NOP,Yes,56388
Sumter,Retention of Carrie Ann Wozniak,Fifth District Court of Appeal,NA,OverVotes,4
Sumter,Retention of Carrie Ann Wozniak,Fifth District Court of Appeal,NA,UnderVotes,14364
Sumter,Retention of Carrie Ann Wozniak,Fifth District Court of Appeal,NOP,No,18446
Sumter,Retention of Carrie Ann Wozniak,Fifth District Court of Appeal,NOP,Yes,56854
Sumter,Retention of Charles T. Canady,Justice of the Supreme Court,NA,OverVotes,28
Sumter,Retention of Charles T. Canady,Justice of the Supreme Court,NA,UnderVotes,12449
Sumter,Retention of Charles T. Canady,Justice of the Supreme Court,NOP,No,20599
Sumter,Retention of Charles T. Canady,Justice of the Supreme Court,NOP,Yes,56592
Sumter,Retention of Dan Traver,Fifth District Court of Appeal,NA,OverVotes,52
Sumter,Retention of Dan Traver,Fifth District Court of Appeal,NA,UnderVotes,14712
Sumter,Retention of Dan Traver,Fifth District Court of Appeal,NOP,No,18108
Sumter,Retention of Dan Traver,Fifth District Court of Appeal,NOP,Yes,56796
Sumter,Retention of James A. Edwards,Fifth District Court of Appeal,NA,OverVotes,10
Sumter,Retention of James A. Edwards,Fifth District Court of Appeal,NA,UnderVotes,14823
Sumter,Retention of James A. Edwards,Fifth District Court of Appeal,NOP,No,18244
Sumter,Retention of James A. Edwards,Fifth District Court of Appeal,NOP,Yes,56591
Sumter,Retention of Jamie Grosshans,Justice of the Supreme Court,NA,OverVotes,21
Sumter,Retention of Jamie Grosshans,Justice of the Supreme Court,NA,UnderVotes,13363
Sumter,Retention of Jamie Grosshans,Justice of the Supreme Court,NOP,No,20039
Sumter,Retention of Jamie Grosshans,Justice of the Supreme Court,NOP,Yes,56245
Sumter,Retention of Jay Cohen,Fifth District Court of Appeal,NA,OverVotes,48
Sumter,Retention of Jay Cohen,Fifth District Court of Appeal,NA,UnderVotes,14295
Sumter,Retention of Jay Cohen,Fifth District Court of Appeal,NOP,No,25038
Sumter,Retention of Jay Cohen,Fifth District Court of Appeal,NOP,Yes,50287
Sumter,Retention of John D. Couriel,Justice of the Supreme Court,NA,OverVotes,16
Sumter,Retention of John D. Couriel,Justice of the Supreme Court,NA,UnderVotes,13163
Sumter,Retention of John D. Couriel,Justice of the Supreme Court,NOP,No,20029
Sumter,Retention of John D. Couriel,Justice of the Supreme Court,NOP,Yes,56460
Sumter,Retention of Jorge Labarga,Justice of the Supreme Court,NA,OverVotes,29
Sumter,Retention of Jorge Labarga,Justice of the Supreme Court,NA,UnderVotes,13504
Sumter,Retention of Jorge Labarga,Justice of the Supreme Court,NOP,No,23970
Sumter,Retention of Jorge Labarga,Justice of the Supreme Court,NOP,Yes,52165
Sumter,Retention of Mary Nardella,Fifth District Court of Appeal,NA,OverVotes,30
Sumter,Retention of Mary Nardella,Fifth District Court of Appeal,NA,UnderVotes,14560
Sumter,Retention of Mary Nardella,Fifth District Court of Appeal,NOP,No,19275
Sumter,Retention of Mary Nardella,Fifth District Court of Appeal,NOP,Yes,55803
Sumter,Retention of Ricky Polston,Justice of the Supreme Court,NA,OverVotes,8
Sumter,Retention of Ricky Polston,Justice of the Supreme Court,NA,UnderVotes,13440
Sumter,Retention of Ricky Polston,Justice of the Supreme Court,NOP,No,21565
Sumter,Retention of Ricky Polston,Justice of the Supreme Court,NOP,Yes,54655
Sumter,State House,52,DEM,Ash Marwah,23743
Sumter,State House,52,NA,OverVotes,10
Sumter,State House,52,NA,UnderVotes,2498
Sumter,State House,52,REP,John Temple,63417
Sumter,State Senate,11,GRE,Brian Patrick Moore,18878
Sumter,State Senate,11,NA,OverVotes,3
Sumter,State Senate,11,NA,UnderVotes,6459
Sumter,State Senate,11,REP,Blaise Ingoglia,64328
Sumter,U.S. House,11,DEM,Shante Munns,22297
Sumter,U.S. House,11,NA,OverVotes,6
Sumter,U.S. House,11,NA,UnderVotes,1295
Sumter,U.S. House,11,NPA,Kevin Porter,1414
Sumter,U.S. House,11,REP,Daniel Webster,64656
Sumter,U.S. Senate,NA,DEM,Val Demings,25010
Sumter,U.S. Senate,NA,LPF,Dennis Misigoy,189
Sumter,U.S. Senate,NA,NA,OverVotes,10
Sumter,U.S. Senate,NA,NA,UnderVotes,330
Sumter,U.S. Senate,NA,NA,WriteinVotes,12
Sumter,U.S. Senate,NA,NPA,Steven B. Grant,220
Sumter,U.S. Senate,NA,NPA,Tuan TQ Nguyen,91
Sumter,U.S. Senate,NA,REP,Marco Rubio,63806
Sumter,Village Community Development,6,NA,OverVotes,0
Sumter,Village Community Development,6,NA,UnderVotes,1759
Sumter,Village Community Development,6,NOP,"John ""Gordon"" Platt",1849
Sumter,Village Community Development,6,NOP,Linda Grzesik,4290
Suwannee,Amendment No. 1: Limitation On Assessment of Real Property Used For Residential Purposes,NA,NA,OverVotes,5
Suwannee,Amendment No. 1: Limitation On Assessment of Real Property Used For Residential Purposes,NA,NA,UnderVotes,1153
Suwannee,Amendment No. 1: Limitation On Assessment of Real Property Used For Residential Purposes,NA,NOP,No for Rejection,7688
Suwannee,Amendment No. 1: Limitation On Assessment of Real Property Used For Residential Purposes,NA,NOP,Yes for Approval,7553
Suwannee,Amendment No. 2: Abolishing the Constitution Revision Commission,NA,NA,OverVotes,4
Suwannee,Amendment No. 2: Abolishing the Constitution Revision Commission,NA,NA,UnderVotes,1221
Suwannee,Amendment No. 2: Abolishing the Constitution Revision Commission,NA,NOP,No for Rejection,7250
Suwannee,Amendment No. 2: Abolishing the Constitution Revision Commission,NA,NOP,Yes for Approval,7924
Suwannee,Amendment No. 3: Additional Homestead Property Tax Exemption For Specified Critical Public Services Workforce,NA,NA,OverVotes,5
Suwannee,Amendment No. 3: Additional Homestead Property Tax Exemption For Specified Critical Public Services Workforce,NA,NA,UnderVotes,818
Suwannee,Amendment No. 3: Additional Homestead Property Tax Exemption For Specified Critical Public Services Workforce,NA,NOP,No for Rejection,7844
Suwannee,Amendment No. 3: Additional Homestead Property Tax Exemption For Specified Critical Public Services Workforce,NA,NOP,Yes for Approval,7732
Suwannee,Attorney General,NA,DEM,Aramis Ayala,2598
Suwannee,Attorney General,NA,NA,OverVotes,0
Suwannee,Attorney General,NA,NA,UnderVotes,125
Suwannee,Attorney General,NA,REP,Ashley Moody,13677
Suwannee,Chief Financial Officer,NA,DEM,Adam Hattersley,2838
Suwannee,Chief Financial Officer,NA,NA,OverVotes,0
Suwannee,Chief Financial Officer,NA,NA,UnderVotes,220
Suwannee,Chief Financial Officer,NA,REP,Jimmy Patronis,13342
Suwannee,Commissioner of Agriculture,NA,DEM,Naomi Esther Blemur,2754
Suwannee,Commissioner of Agriculture,NA,NA,OverVotes,0
Suwannee,Commissioner of Agriculture,NA,NA,UnderVotes,186
Suwannee,Commissioner of Agriculture,NA,REP,Wilton Simpson,13460
Suwannee,Governor,NA,DEM,Crist / Hernandez,2650
Suwannee,Governor,NA,LPF,Roos / Rorabaugh,20
Suwannee,Governor,NA,NA,OverVotes,1
Suwannee,Governor,NA,NA,UnderVotes,32
Suwannee,Governor,NA,NPA,Gimenez / Gibson,48
Suwannee,Governor,NA,REP,DeSantis / Nuñez,13649
Suwannee,Registered Voters,NA,NA,NA,28779
Suwannee,Retention of Bo Winokur,First District Court of Appeal,NA,OverVotes,7
Suwannee,Retention of Bo Winokur,First District Court of Appeal,NA,UnderVotes,1710
Suwannee,Retention of Bo Winokur,First District Court of Appeal,NOP,No,5089
Suwannee,Retention of Bo Winokur,First District Court of Appeal,NOP,Yes,9593
Suwannee,Retention of Bobby Long,First District Court of Appeal,NA,OverVotes,10
Suwannee,Retention of Bobby Long,First District Court of Appeal,NA,UnderVotes,1727
Suwannee,Retention of Bobby Long,First District Court of Appeal,NOP,No,4645
Suwannee,Retention of Bobby Long,First District Court of Appeal,NOP,Yes,10017
Suwannee,Retention of Charles T. Canady,Justice of the Supreme Court,NA,OverVotes,12
Suwannee,Retention of Charles T. Canady,Justice of the Supreme Court,NA,UnderVotes,1535
Suwannee,Retention of Charles T. Canady,Justice of the Supreme Court,NOP,No,5432
Suwannee,Retention of Charles T. Canady,Justice of the Supreme Court,NOP,Yes,9420
Suwannee,Retention of Jamie Grosshans,Justice of the Supreme Court,NA,OverVotes,6
Suwannee,Retention of Jamie Grosshans,Justice of the Supreme Court,NA,UnderVotes,1593
Suwannee,Retention of Jamie Grosshans,Justice of the Supreme Court,NOP,No,4696
Suwannee,Retention of Jamie Grosshans,Justice of the Supreme Court,NOP,Yes,10104
Suwannee,Retention of John D. Couriel,Justice of the Supreme Court,NA,OverVotes,10
Suwannee,Retention of John D. Couriel,Justice of the Supreme Court,NA,UnderVotes,1602
Suwannee,Retention of John D. Couriel,Justice of the Supreme Court,NOP,No,4636
Suwannee,Retention of John D. Couriel,Justice of the Supreme Court,NOP,Yes,10151
Suwannee,Retention of Jorge Labarga,Justice of the Supreme Court,NA,OverVotes,10
Suwannee,Retention of Jorge Labarga,Justice of the Supreme Court,NA,UnderVotes,1608
Suwannee,Retention of Jorge Labarga,Justice of the Supreme Court,NOP,No,7211
Suwannee,Retention of Jorge Labarga,Justice of the Supreme Court,NOP,Yes,7570
Suwannee,Retention of Lori S. Rowe,First District Court of Appeal,NA,OverVotes,17
Suwannee,Retention of Lori S. Rowe,First District Court of Appeal,NA,UnderVotes,1722
Suwannee,Retention of Lori S. Rowe,First District Court of Appeal,NOP,No,5895
Suwannee,Retention of Lori S. Rowe,First District Court of Appeal,NOP,Yes,8765
Suwannee,Retention of Ricky Polston,Justice of the Supreme Court,NA,OverVotes,5
Suwannee,Retention of Ricky Polston,Justice of the Supreme Court,NA,UnderVotes,1596
Suwannee,Retention of Ricky Polston,Justice of the Supreme Court,NOP,No,5804
Suwannee,Retention of Ricky Polston,Justice of the Supreme Court,NOP,Yes,8994
Suwannee,Retention of Ross L. Bilbrey,First District Court of Appeal,NA,OverVotes,15
Suwannee,Retention of Ross L. Bilbrey,First District Court of Appeal,NA,UnderVotes,1692
Suwannee,Retention of Ross L. Bilbrey,First District Court of Appeal,NOP,No,5125
Suwannee,Retention of Ross L. Bilbrey,First District Court of Appeal,NOP,Yes,9567
Suwannee,Retention of Susan Kelsey,First District Court of Appeal,NA,OverVotes,11
Suwannee,Retention of Susan Kelsey,First District Court of Appeal,NA,UnderVotes,1720
Suwannee,Retention of Susan Kelsey,First District Court of Appeal,NOP,No,4737
Suwannee,Retention of Susan Kelsey,First District Court of Appeal,NOP,Yes,9931
Suwannee,State Senate,3,DEM,Loranne Ausley,2953
Suwannee,State Senate,3,NA,OverVotes,1
Suwannee,State Senate,3,NA,UnderVotes,210
Suwannee,State Senate,3,REP,Corey Simon,13236
Suwannee,U.S. House,3,DEM,Danielle Hawk,2796
Suwannee,U.S. House,3,NA,OverVotes,2
Suwannee,U.S. House,3,NA,UnderVotes,151
Suwannee,U.S. House,3,NPA,Linda S. Brooks,179
Suwannee,U.S. House,3,REP,Kat Cammack,13272
Suwannee,U.S. Senate,NA,DEM,Val Demings,3018
Suwannee,U.S. Senate,NA,LPF,Dennis Misigoy,57
Suwannee,U.S. Senate,NA,NA,OverVotes,3
Suwannee,U.S. Senate,NA,NA,UnderVotes,82
Suwannee,U.S. Senate,NA,NA,WriteinVotes,9
Suwannee,U.S. Senate,NA,NPA,Steven B. Grant,83
Suwannee,U.S. Senate,NA,NPA,Tuan TQ Nguyen,23
Suwannee,U.S. Senate,NA,REP,Marco Rubio,13125
Taylor,Amendment No. 1: Limitation On Assessment of Real Property Used For Residential Purposes,NA,NA,OverVotes,1
Taylor,Amendment No. 1: Limitation On Assessment of Real Property Used For Residential Purposes,NA,NA,UnderVotes,612
Taylor,Amendment No. 1: Limitation On Assessment of Real Property Used For Residential Purposes,NA,NOP,No for Rejection,3313
Taylor,Amendment No. 1: Limitation On Assessment of Real Property Used For Residential Purposes,NA,NOP,Yes for Approval,3719
Taylor,Amendment No. 2: Abolishing the Constitution Revision Commission,NA,NA,OverVotes,1
Taylor,Amendment No. 2: Abolishing the Constitution Revision Commission,NA,NA,UnderVotes,679
Taylor,Amendment No. 2: Abolishing the Constitution Revision Commission,NA,NOP,No for Rejection,3314
Taylor,Amendment No. 2: Abolishing the Constitution Revision Commission,NA,NOP,Yes for Approval,3651
Taylor,Amendment No. 3: Additional Homestead Property Tax Exemption For Specified Critical Public Services Workforce,NA,NA,OverVotes,5
Taylor,Amendment No. 3: Additional Homestead Property Tax Exemption For Specified Critical Public Services Workforce,NA,NA,UnderVotes,507
Taylor,Amendment No. 3: Additional Homestead Property Tax Exemption For Specified Critical Public Services Workforce,NA,NOP,No for Rejection,3227
Taylor,Amendment No. 3: Additional Homestead Property Tax Exemption For Specified Critical Public Services Workforce,NA,NOP,Yes for Approval,3906
Taylor,Attorney General,NA,DEM,Aramis Ayala,1238
Taylor,Attorney General,NA,NA,OverVotes,0
Taylor,Attorney General,NA,NA,UnderVotes,54
Taylor,Attorney General,NA,REP,Ashley Moody,6353
Taylor,Chief Financial Officer,NA,DEM,Adam Hattersley,1354
Taylor,Chief Financial Officer,NA,NA,OverVotes,1
Taylor,Chief Financial Officer,NA,NA,UnderVotes,100
Taylor,Chief Financial Officer,NA,REP,Jimmy Patronis,6190
Taylor,Commissioner of Agriculture,NA,DEM,Naomi Esther Blemur,1318
Taylor,Commissioner of Agriculture,NA,NA,OverVotes,1
Taylor,Commissioner of Agriculture,NA,NA,UnderVotes,125
Taylor,Commissioner of Agriculture,NA,REP,Wilton Simpson,6201
Taylor,Governor,NA,DEM,Crist / Hernandez,1276
Taylor,Governor,NA,LPF,Roos / Rorabaugh,18
Taylor,Governor,NA,NA,OverVotes,3
Taylor,Governor,NA,NA,UnderVotes,20
Taylor,Governor,NA,NA,WriteinVotes,0
Taylor,Governor,NA,NPA,Gimenez / Gibson,20
Taylor,Governor,NA,REP,DeSantis / Nuñez,6308
Taylor,Registered Voters,NA,NA,NA,12916
Taylor,Retention of Bo Winokur,First District Court of Appeal,NA,OverVotes,0
Taylor,Retention of Bo Winokur,First District Court of Appeal,NA,UnderVotes,817
Taylor,Retention of Bo Winokur,First District Court of Appeal,NOP,No,2260
Taylor,Retention of Bo Winokur,First District Court of Appeal,NOP,Yes,4568
Taylor,Retention of Bobby Long,First District Court of Appeal,NA,OverVotes,1
Taylor,Retention of Bobby Long,First District Court of Appeal,NA,UnderVotes,817
Taylor,Retention of Bobby Long,First District Court of Appeal,NOP,No,2096
Taylor,Retention of Bobby Long,First District Court of Appeal,NOP,Yes,4731
Taylor,Retention of Charles T. Canady,Justice of the Supreme Court,NA,OverVotes,1
Taylor,Retention of Charles T. Canady,Justice of the Supreme Court,NA,UnderVotes,718
Taylor,Retention of Charles T. Canady,Justice of the Supreme Court,NOP,No,2272
Taylor,Retention of Charles T. Canady,Justice of the Supreme Court,NOP,Yes,4654
Taylor,Retention of Jamie Grosshans,Justice of the Supreme Court,NA,OverVotes,1
Taylor,Retention of Jamie Grosshans,Justice of the Supreme Court,NA,UnderVotes,813
Taylor,Retention of Jamie Grosshans,Justice of the Supreme Court,NOP,No,2157
Taylor,Retention of Jamie Grosshans,Justice of the Supreme Court,NOP,Yes,4674
Taylor,Retention of John D. Couriel,Justice of the Supreme Court,NA,OverVotes,1
Taylor,Retention of John D. Couriel,Justice of the Supreme Court,NA,UnderVotes,775
Taylor,Retention of John D. Couriel,Justice of the Supreme Court,NOP,No,2152
Taylor,Retention of John D. Couriel,Justice of the Supreme Court,NOP,Yes,4717
Taylor,Retention of Jorge Labarga,Justice of the Supreme Court,NA,OverVotes,0
Taylor,Retention of Jorge Labarga,Justice of the Supreme Court,NA,UnderVotes,809
Taylor,Retention of Jorge Labarga,Justice of the Supreme Court,NOP,No,3099
Taylor,Retention of Jorge Labarga,Justice of the Supreme Court,NOP,Yes,3737
Taylor,Retention of Lori S. Rowe,First District Court of Appeal,NA,OverVotes,1
Taylor,Retention of Lori S. Rowe,First District Court of Appeal,NA,UnderVotes,845
Taylor,Retention of Lori S. Rowe,First District Court of Appeal,NOP,No,2429
Taylor,Retention of Lori S. Rowe,First District Court of Appeal,NOP,Yes,4370
Taylor,Retention of Ricky Polston,Justice of the Supreme Court,NA,OverVotes,0
Taylor,Retention of Ricky Polston,Justice of the Supreme Court,NA,UnderVotes,789
Taylor,Retention of Ricky Polston,Justice of the Supreme Court,NOP,No,2460
Taylor,Retention of Ricky Polston,Justice of the Supreme Court,NOP,Yes,4396
Taylor,Retention of Ross L. Bilbrey,First District Court of Appeal,NA,OverVotes,3
Taylor,Retention of Ross L. Bilbrey,First District Court of Appeal,NA,UnderVotes,795
Taylor,Retention of Ross L. Bilbrey,First District Court of Appeal,NOP,No,2305
Taylor,Retention of Ross L. Bilbrey,First District Court of Appeal,NOP,Yes,4542
Taylor,Retention of Susan Kelsey,First District Court of Appeal,NA,OverVotes,1
Taylor,Retention of Susan Kelsey,First District Court of Appeal,NA,UnderVotes,827
Taylor,Retention of Susan Kelsey,First District Court of Appeal,NOP,No,2217
Taylor,Retention of Susan Kelsey,First District Court of Appeal,NOP,Yes,4600
Taylor,State Senate,3,DEM,Loranne Ausley,1515
Taylor,State Senate,3,NA,OverVotes,0
Taylor,State Senate,3,NA,UnderVotes,89
Taylor,State Senate,3,REP,Corey Simon,6041
Taylor,U.S. House,2,DEM,Al Lawson,1439
Taylor,U.S. House,2,NA,OverVotes,0
Taylor,U.S. House,2,NA,UnderVotes,51
Taylor,U.S. House,2,REP,Neal Dunn,6155
Taylor,U.S. Senate,NA,DEM,Val Demings,1495
Taylor,U.S. Senate,NA,LPF,Dennis Misigoy,25
Taylor,U.S. Senate,NA,NA,OverVotes,0
Taylor,U.S. Senate,NA,NA,UnderVotes,28
Taylor,U.S. Senate,NA,NA,WriteinVotes,0
Taylor,U.S. Senate,NA,NPA,Steven B. Grant,26
Taylor,U.S. Senate,NA,NPA,Tuan TQ Nguyen,8
Taylor,U.S. Senate,NA,REP,Marco Rubio,6063
Union,Amendment No. 1: Limitation On Assessment of Real Property Used For Residential Purposes,NA,NA,OverVotes,3
Union,Amendment No. 1: Limitation On Assessment of Real Property Used For Residential Purposes,NA,NA,UnderVotes,328
Union,Amendment No. 1: Limitation On Assessment of Real Property Used For Residential Purposes,NA,NOP,No for Rejection,1866
Union,Amendment No. 1: Limitation On Assessment of Real Property Used For Residential Purposes,NA,NOP,Yes for Approval,2369
Union,Amendment No. 2: Abolishing the Constitution Revision Commission,NA,NA,OverVotes,0
Union,Amendment No. 2: Abolishing the Constitution Revision Commission,NA,NA,UnderVotes,386
Union,Amendment No. 2: Abolishing the Constitution Revision Commission,NA,NOP,No for Rejection,2024
Union,Amendment No. 2: Abolishing the Constitution Revision Commission,NA,NOP,Yes for Approval,2156
Union,Amendment No. 3: Additional Homestead Property Tax Exemption For Specified Critical Public Services Workforce,NA,NA,OverVotes,4
Union,Amendment No. 3: Additional Homestead Property Tax Exemption For Specified Critical Public Services Workforce,NA,NA,UnderVotes,245
Union,Amendment No. 3: Additional Homestead Property Tax Exemption For Specified Critical Public Services Workforce,NA,NOP,No for Rejection,1693
Union,Amendment No. 3: Additional Homestead Property Tax Exemption For Specified Critical Public Services Workforce,NA,NOP,Yes for Approval,2624
Union,Attorney General,NA,DEM,Aramis Ayala,528
Union,Attorney General,NA,NA,OverVotes,0
Union,Attorney General,NA,NA,UnderVotes,51
Union,Attorney General,NA,REP,Ashley Moody,3987
Union,Chief Financial Officer,NA,DEM,Adam Hattersley,601
Union,Chief Financial Officer,NA,NA,OverVotes,1
Union,Chief Financial Officer,NA,NA,UnderVotes,70
Union,Chief Financial Officer,NA,REP,Jimmy Patronis,3894
Union,Circuit Judge,"8th Judicial Circuit, Group 12",NA,OverVotes,0
Union,Circuit Judge,"8th Judicial Circuit, Group 12",NA,UnderVotes,378
Union,Circuit Judge,"8th Judicial Circuit, Group 12",NOP,AuBroncee Martin,421
Union,Circuit Judge,"8th Judicial Circuit, Group 12",NOP,Sean Brewer,3767
Union,Commissioner of Agriculture,NA,DEM,Naomi Esther Blemur,566
Union,Commissioner of Agriculture,NA,NA,OverVotes,2
Union,Commissioner of Agriculture,NA,NA,UnderVotes,75
Union,Commissioner of Agriculture,NA,REP,Wilton Simpson,3923
Union,County Commissioner,4,IND,Eric Martin,530
Union,County Commissioner,4,NA,OverVotes,1
Union,County Commissioner,4,NA,UnderVotes,24
Union,County Commissioner,4,REP,Mac Johns,938
Union,Governor,NA,DEM,Crist / Hernandez,544
Union,Governor,NA,LPF,Roos / Rorabaugh,9
Union,Governor,NA,NA,OverVotes,0
Union,Governor,NA,NA,UnderVotes,8
Union,Governor,NA,NPA,Gimenez / Gibson,10
Union,Governor,NA,REP,DeSantis / Nuñez,3995
Union,Registered Voters,NA,NA,NA,7654
Union,Retention of Bo Winokur,First District Court of Appeal,NA,OverVotes,1
Union,Retention of Bo Winokur,First District Court of Appeal,NA,UnderVotes,553
Union,Retention of Bo Winokur,First District Court of Appeal,NOP,No,1432
Union,Retention of Bo Winokur,First District Court of Appeal,NOP,Yes,2580
Union,Retention of Bobby Long,First District Court of Appeal,NA,OverVotes,2
Union,Retention of Bobby Long,First District Court of Appeal,NA,UnderVotes,554
Union,Retention of Bobby Long,First District Court of Appeal,NOP,No,1341
Union,Retention of Bobby Long,First District Court of Appeal,NOP,Yes,2669
Union,Retention of Charles T. Canady,Justice of the Supreme Court,NA,OverVotes,2
Union,Retention of Charles T. Canady,Justice of the Supreme Court,NA,UnderVotes,513
Union,Retention of Charles T. Canady,Justice of the Supreme Court,NOP,No,1465
Union,Retention of Charles T. Canady,Justice of the Supreme Court,NOP,Yes,2586
Union,Retention of Jamie Grosshans,Justice of the Supreme Court,NA,OverVotes,0
Union,Retention of Jamie Grosshans,Justice of the Supreme Court,NA,UnderVotes,539
Union,Retention of Jamie Grosshans,Justice of the Supreme Court,NOP,No,1360
Union,Retention of Jamie Grosshans,Justice of the Supreme Court,NOP,Yes,2667
Union,Retention of John D. Couriel,Justice of the Supreme Court,NA,OverVotes,1
Union,Retention of John D. Couriel,Justice of the Supreme Court,NA,UnderVotes,524
Union,Retention of John D. Couriel,Justice of the Supreme Court,NOP,No,1349
Union,Retention of John D. Couriel,Justice of the Supreme Court,NOP,Yes,2692
Union,Retention of Jorge Labarga,Justice of the Supreme Court,NA,OverVotes,1
Union,Retention of Jorge Labarga,Justice of the Supreme Court,NA,UnderVotes,532
Union,Retention of Jorge Labarga,Justice of the Supreme Court,NOP,No,1949
Union,Retention of Jorge Labarga,Justice of the Supreme Court,NOP,Yes,2084
Union,Retention of Lori S. Rowe,First District Court of Appeal,NA,OverVotes,0
Union,Retention of Lori S. Rowe,First District Court of Appeal,NA,UnderVotes,568
Union,Retention of Lori S. Rowe,First District Court of Appeal,NOP,No,1594
Union,Retention of Lori S. Rowe,First District Court of Appeal,NOP,Yes,2404
Union,Retention of Ricky Polston,Justice of the Supreme Court,NA,OverVotes,1
Union,Retention of Ricky Polston,Justice of the Supreme Court,NA,UnderVotes,535
Union,Retention of Ricky Polston,Justice of the Supreme Court,NOP,No,1552
Union,Retention of Ricky Polston,Justice of the Supreme Court,NOP,Yes,2478
Union,Retention of Ross L. Bilbrey,First District Court of Appeal,NA,OverVotes,3
Union,Retention of Ross L. Bilbrey,First District Court of Appeal,NA,UnderVotes,552
Union,Retention of Ross L. Bilbrey,First District Court of Appeal,NOP,No,1467
Union,Retention of Ross L. Bilbrey,First District Court of Appeal,NOP,Yes,2544
Union,Retention of Susan Kelsey,First District Court of Appeal,NA,OverVotes,1
Union,Retention of Susan Kelsey,First District Court of Appeal,NA,UnderVotes,558
Union,Retention of Susan Kelsey,First District Court of Appeal,NOP,No,1487
Union,Retention of Susan Kelsey,First District Court of Appeal,NOP,Yes,2520
Union,U.S. House,3,DEM,Danielle Hawk,562
Union,U.S. House,3,NA,OverVotes,1
Union,U.S. House,3,NA,UnderVotes,37
Union,U.S. House,3,NPA,Linda S. Brooks,46
Union,U.S. House,3,REP,Kat Cammack,3921
Union,U.S. Senate,NA,DEM,Val Demings,580
Union,U.S. Senate,NA,LPF,Dennis Misigoy,13
Union,U.S. Senate,NA,NA,OverVotes,2
Union,U.S. Senate,NA,NA,UnderVotes,24
Union,U.S. Senate,NA,NA,WriteinVotes,2
Union,U.S. Senate,NA,NPA,Steven B. Grant,22
Union,U.S. Senate,NA,NPA,Tuan TQ Nguyen,7
Union,U.S. Senate,NA,REP,Marco Rubio,3917
Volusia,Amendment No. 1: Limitation On Assessment of Real Property Used For Residential Purposes,NA,NA,OverVotes,103
Volusia,Amendment No. 1: Limitation On Assessment of Real Property Used For Residential Purposes,NA,NA,UnderVotes,22039
Volusia,Amendment No. 1: Limitation On Assessment of Real Property Used For Residential Purposes,NA,NOP,No for Rejection,85041
Volusia,Amendment No. 1: Limitation On Assessment of Real Property Used For Residential Purposes,NA,NOP,Yes for Approval,119779
Volusia,Amendment No. 2: Abolishing the Constitution Revision Commission,NA,NA,OverVotes,107
Volusia,Amendment No. 2: Abolishing the Constitution Revision Commission,NA,NA,UnderVotes,26248
Volusia,Amendment No. 2: Abolishing the Constitution Revision Commission,NA,NOP,No for Rejection,86111
Volusia,Amendment No. 2: Abolishing the Constitution Revision Commission,NA,NOP,Yes for Approval,114496
Volusia,Amendment No. 3: Additional Homestead Property Tax Exemption For Specified Critical Public Services Workforce,NA,NA,OverVotes,67
Volusia,Amendment No. 3: Additional Homestead Property Tax Exemption For Specified Critical Public Services Workforce,NA,NA,UnderVotes,19369
Volusia,Amendment No. 3: Additional Homestead Property Tax Exemption For Specified Critical Public Services Workforce,NA,NOP,No for Rejection,86051
Volusia,Amendment No. 3: Additional Homestead Property Tax Exemption For Specified Critical Public Services Workforce,NA,NOP,Yes for Approval,121475
Volusia,Attorney General,NA,DEM,Aramis Ayala,75668
Volusia,Attorney General,NA,NA,OverVotes,23
Volusia,Attorney General,NA,NA,UnderVotes,3545
Volusia,Attorney General,NA,REP,Ashley Moody,147726
Volusia,Chief Financial Officer,NA,DEM,Adam Hattersley,80568
Volusia,Chief Financial Officer,NA,NA,OverVotes,23
Volusia,Chief Financial Officer,NA,NA,UnderVotes,5320
Volusia,Chief Financial Officer,NA,NA,WriteinVotes,181
Volusia,Chief Financial Officer,NA,REP,Jimmy Patronis,140870
Volusia,Commissioner of Agriculture,NA,DEM,Naomi Esther Blemur,80266
Volusia,Commissioner of Agriculture,NA,NA,OverVotes,17
Volusia,Commissioner of Agriculture,NA,NA,UnderVotes,5714
Volusia,Commissioner of Agriculture,NA,REP,Wilton Simpson,140965
Volusia,County Council,1,NA,OverVotes,7
Volusia,County Council,1,NA,UnderVotes,5529
Volusia,County Council,1,NOP,Barbara Girtman,16473
Volusia,County Council,1,NOP,Don Dempsey,22846
Volusia,County Council,2,NA,OverVotes,13
Volusia,County Council,2,NA,UnderVotes,6712
Volusia,County Council,2,NOP,Danny Fuqua,16544
Volusia,County Council,2,NOP,Matt Reinhart,18434
Volusia,County Council,3,NA,OverVotes,16
Volusia,County Council,3,NA,UnderVotes,10148
Volusia,County Council,3,NOP,Danny Robins,28067
Volusia,County Council,3,NOP,Ted Noftall,17386
Volusia,County Council,4,NA,OverVotes,14
Volusia,County Council,4,NA,UnderVotes,6846
Volusia,County Council,4,NOP,Ken Smith,18692
Volusia,County Council,4,NOP,Troy Kent,23166
Volusia,County Council,5,NA,OverVotes,6
Volusia,County Council,5,NA,UnderVotes,3992
Volusia,County Council,5,NOP,David Santiago,18552
Volusia,County Council,5,NOP,Victor M. Ramos,13519
Volusia,County Council,At Large,NA,OverVotes,58
Volusia,County Council,At Large,NA,UnderVotes,35407
Volusia,County Council,At Large,NOP,Doug Pettit,79105
Volusia,County Council,At Large,NOP,Jake Johansson,112392
Volusia,Governor,NA,DEM,Crist / Hernandez,79965
Volusia,Governor,NA,LPF,Roos / Rorabaugh,665
Volusia,Governor,NA,NA,OverVotes,44
Volusia,Governor,NA,NA,UnderVotes,672
Volusia,Governor,NA,NPA,Gimenez / Gibson,848
Volusia,Governor,NA,REP,DeSantis / Nuñez,144768
Volusia,Registered Voters,NA,NA,NA,412402
Volusia,Retention of Brian D. Lambert,Fifth District Court of Appeal,NA,OverVotes,46
Volusia,Retention of Brian D. Lambert,Fifth District Court of Appeal,NA,UnderVotes,35516
Volusia,Retention of Brian D. Lambert,Fifth District Court of Appeal,NOP,No,58558
Volusia,Retention of Brian D. Lambert,Fifth District Court of Appeal,NOP,Yes,132842
Volusia,Retention of Carrie Ann Wozniak,Fifth District Court of Appeal,NA,OverVotes,28
Volusia,Retention of Carrie Ann Wozniak,Fifth District Court of Appeal,NA,UnderVotes,34764
Volusia,Retention of Carrie Ann Wozniak,Fifth District Court of Appeal,NOP,No,56910
Volusia,Retention of Carrie Ann Wozniak,Fifth District Court of Appeal,NOP,Yes,135260
Volusia,Retention of Charles T. Canady,Justice of the Supreme Court,NA,OverVotes,121
Volusia,Retention of Charles T. Canady,Justice of the Supreme Court,NA,UnderVotes,30723
Volusia,Retention of Charles T. Canady,Justice of the Supreme Court,NOP,No,64302
Volusia,Retention of Charles T. Canady,Justice of the Supreme Court,NOP,Yes,131816
Volusia,Retention of Dan Traver,Fifth District Court of Appeal,NA,OverVotes,62
Volusia,Retention of Dan Traver,Fifth District Court of Appeal,NA,UnderVotes,35521
Volusia,Retention of Dan Traver,Fifth District Court of Appeal,NOP,No,57901
Volusia,Retention of Dan Traver,Fifth District Court of Appeal,NOP,Yes,133478
Volusia,Retention of James A. Edwards,Fifth District Court of Appeal,NA,OverVotes,50
Volusia,Retention of James A. Edwards,Fifth District Court of Appeal,NA,UnderVotes,35487
Volusia,Retention of James A. Edwards,Fifth District Court of Appeal,NOP,No,56738
Volusia,Retention of James A. Edwards,Fifth District Court of Appeal,NOP,Yes,134687
Volusia,Retention of Jamie Grosshans,Justice of the Supreme Court,NA,OverVotes,91
Volusia,Retention of Jamie Grosshans,Justice of the Supreme Court,NA,UnderVotes,32026
Volusia,Retention of Jamie Grosshans,Justice of the Supreme Court,NOP,No,62191
Volusia,Retention of Jamie Grosshans,Justice of the Supreme Court,NOP,Yes,132654
Volusia,Retention of Jay Cohen,Fifth District Court of Appeal,NA,OverVotes,62
Volusia,Retention of Jay Cohen,Fifth District Court of Appeal,NA,UnderVotes,34383
Volusia,Retention of Jay Cohen,Fifth District Court of Appeal,NOP,No,62948
Volusia,Retention of Jay Cohen,Fifth District Court of Appeal,NOP,Yes,129569
Volusia,Retention of John D. Couriel,Justice of the Supreme Court,NA,OverVotes,51
Volusia,Retention of John D. Couriel,Justice of the Supreme Court,NA,UnderVotes,31587
Volusia,Retention of John D. Couriel,Justice of the Supreme Court,NOP,No,63072
Volusia,Retention of John D. Couriel,Justice of the Supreme Court,NOP,Yes,132252
Volusia,Retention of Jorge Labarga,Justice of the Supreme Court,NA,OverVotes,103
Volusia,Retention of Jorge Labarga,Justice of the Supreme Court,NA,UnderVotes,32848
Volusia,Retention of Jorge Labarga,Justice of the Supreme Court,NOP,No,61505
Volusia,Retention of Jorge Labarga,Justice of the Supreme Court,NOP,Yes,132506
Volusia,Retention of Mary Nardella,Fifth District Court of Appeal,NA,OverVotes,45
Volusia,Retention of Mary Nardella,Fifth District Court of Appeal,NA,UnderVotes,35426
Volusia,Retention of Mary Nardella,Fifth District Court of Appeal,NOP,No,58148
Volusia,Retention of Mary Nardella,Fifth District Court of Appeal,NOP,Yes,133343
Volusia,Retention of Ricky Polston,Justice of the Supreme Court,NA,OverVotes,49
Volusia,Retention of Ricky Polston,Justice of the Supreme Court,NA,UnderVotes,33929
Volusia,Retention of Ricky Polston,Justice of the Supreme Court,NOP,No,64616
Volusia,Retention of Ricky Polston,Justice of the Supreme Court,NOP,Yes,128368
Volusia,School Board,1,NA,OverVotes,17
Volusia,School Board,1,NA,UnderVotes,5432
Volusia,School Board,1,NOP,Albert L. Bouie,16868
Volusia,School Board,1,NOP,Jamie Haynes,23778
Volusia,School Board,3,NA,OverVotes,11
Volusia,School Board,3,NA,UnderVotes,8160
Volusia,School Board,3,NOP,Jessie Thompson,25927
Volusia,School Board,3,NOP,Justin Kennedy,21311
Volusia,State House,28,DEM,John Clifford Navarra,26709
Volusia,State House,28,NA,OverVotes,5
Volusia,State House,28,NA,UnderVotes,1890
Volusia,State House,28,REP,Tom Leek,43349
Volusia,State House,29,DEM,Rick Karl,25008
Volusia,State House,29,NA,OverVotes,2
Volusia,State House,29,NA,UnderVotes,1429
Volusia,State House,29,REP,Webster Barnaby,36758
Volusia,State House,30,NA,OverVotes,4
Volusia,State House,30,NA,UnderVotes,15655
Volusia,State House,30,NA,WriteinVotes,2385
Volusia,State House,30,REP,Chase Tramont,47675
Volusia,State Senate,8,DEM,Andrea Williams,68742
Volusia,State Senate,8,NA,OverVotes,10
Volusia,State Senate,8,NA,UnderVotes,5696
Volusia,State Senate,8,REP,Tommy A. Wright,114238
Volusia,U.S. House,6,LPF,"Joseph ""Joe"" Hannoush",28111
Volusia,U.S. House,6,NA,OverVotes,10
Volusia,U.S. House,6,NA,UnderVotes,8727
Volusia,U.S. House,6,REP,Michael Waltz,64263
Volusia,U.S. House,7,DEM,Karen Green,43821
Volusia,U.S. House,7,NA,OverVotes,12
Volusia,U.S. House,7,NA,UnderVotes,2207
Volusia,U.S. House,7,NA,WriteinVotes,121
Volusia,U.S. House,7,REP,Cory Mills,79690
Volusia,U.S. Senate,NA,DEM,Val Demings,84543
Volusia,U.S. Senate,NA,LPF,Dennis Misigoy,943
Volusia,U.S. Senate,NA,NA,OverVotes,36
Volusia,U.S. Senate,NA,NA,UnderVotes,994
Volusia,U.S. Senate,NA,NA,WriteinVotes,73
Volusia,U.S. Senate,NA,NPA,Steven B. Grant,871
Volusia,U.S. Senate,NA,NPA,Tuan TQ Nguyen,417
Volusia,U.S. Senate,NA,REP,Marco Rubio,139085
Wakulla,Amendment No. 1: Limitation On Assessment of Real Property Used For Residential Purposes,NA,NA,OverVotes,4
Wakulla,Amendment No. 1: Limitation On Assessment of Real Property Used For Residential Purposes,NA,NA,UnderVotes,1207
Wakulla,Amendment No. 1: Limitation On Assessment of Real Property Used For Residential Purposes,NA,NOP,No for Rejection,6640
Wakulla,Amendment No. 1: Limitation On Assessment of Real Property Used For Residential Purposes,NA,NOP,Yes for Approval,7262
Wakulla,Amendment No. 2: Abolishing the Constitution Revision Commission,NA,NA,OverVotes,5
Wakulla,Amendment No. 2: Abolishing the Constitution Revision Commission,NA,NA,UnderVotes,1314
Wakulla,Amendment No. 2: Abolishing the Constitution Revision Commission,NA,NOP,No for Rejection,6830
Wakulla,Amendment No. 2: Abolishing the Constitution Revision Commission,NA,NOP,Yes for Approval,6964
Wakulla,Amendment No. 3: Additional Homestead Property Tax Exemption For Specified Critical Public Services Workforce,NA,NA,OverVotes,2
Wakulla,Amendment No. 3: Additional Homestead Property Tax Exemption For Specified Critical Public Services Workforce,NA,NA,UnderVotes,936
Wakulla,Amendment No. 3: Additional Homestead Property Tax Exemption For Specified Critical Public Services Workforce,NA,NOP,No for Rejection,6223
Wakulla,Amendment No. 3: Additional Homestead Property Tax Exemption For Specified Critical Public Services Workforce,NA,NOP,Yes for Approval,7952
Wakulla,Attorney General,NA,DEM,Aramis Ayala,3676
Wakulla,Attorney General,NA,NA,OverVotes,1
Wakulla,Attorney General,NA,NA,UnderVotes,200
Wakulla,Attorney General,NA,REP,Ashley Moody,11236
Wakulla,Chief Financial Officer,NA,DEM,Adam Hattersley,3809
Wakulla,Chief Financial Officer,NA,NA,OverVotes,1
Wakulla,Chief Financial Officer,NA,NA,UnderVotes,252
Wakulla,Chief Financial Officer,NA,REP,Jimmy Patronis,11051
Wakulla,Commissioner of Agriculture,NA,DEM,Naomi Esther Blemur,3971
Wakulla,Commissioner of Agriculture,NA,NA,OverVotes,1
Wakulla,Commissioner of Agriculture,NA,NA,UnderVotes,272
Wakulla,Commissioner of Agriculture,NA,REP,Wilton Simpson,10869
Wakulla,County Commissioner,2,DEM,John Quinton,4858
Wakulla,County Commissioner,2,NA,OverVotes,1
Wakulla,County Commissioner,2,NA,UnderVotes,294
Wakulla,County Commissioner,2,REP,Fred Nichols II,9960
Wakulla,County Commissioner,4,DEM,Samuel G McGrew Jr.,6098
Wakulla,County Commissioner,4,NA,OverVotes,0
Wakulla,County Commissioner,4,NA,UnderVotes,253
Wakulla,County Commissioner,4,NA,WriteinVotes,37
Wakulla,County Commissioner,4,REP,Quincee Messersmith,8725
Wakulla,County Court Judge,Group 1,NA,OverVotes,9
Wakulla,County Court Judge,Group 1,NA,UnderVotes,1646
Wakulla,County Court Judge,Group 1,NOP,Brian Miller,7265
Wakulla,County Court Judge,Group 1,NOP,Eddie Evans,6193
Wakulla,Governor,NA,DEM,Crist / Hernandez,3920
Wakulla,Governor,NA,LPF,Roos / Rorabaugh,42
Wakulla,Governor,NA,NA,OverVotes,7
Wakulla,Governor,NA,NA,UnderVotes,43
Wakulla,Governor,NA,NPA,Gimenez / Gibson,68
Wakulla,Governor,NA,REP,DeSantis / Nuñez,11033
Wakulla,Registered Voters,NA,NA,NA,23620
Wakulla,Retention of Bo Winokur,First District Court of Appeal,NA,OverVotes,1
Wakulla,Retention of Bo Winokur,First District Court of Appeal,NA,UnderVotes,2148
Wakulla,Retention of Bo Winokur,First District Court of Appeal,NOP,No,4547
Wakulla,Retention of Bo Winokur,First District Court of Appeal,NOP,Yes,8417
Wakulla,Retention of Bobby Long,First District Court of Appeal,NA,OverVotes,6
Wakulla,Retention of Bobby Long,First District Court of Appeal,NA,UnderVotes,2105
Wakulla,Retention of Bobby Long,First District Court of Appeal,NOP,No,4336
Wakulla,Retention of Bobby Long,First District Court of Appeal,NOP,Yes,8666
Wakulla,Retention of Charles T. Canady,Justice of the Supreme Court,NA,OverVotes,4
Wakulla,Retention of Charles T. Canady,Justice of the Supreme Court,NA,UnderVotes,1645
Wakulla,Retention of Charles T. Canady,Justice of the Supreme Court,NOP,No,4603
Wakulla,Retention of Charles T. Canady,Justice of the Supreme Court,NOP,Yes,8861
Wakulla,Retention of Jamie Grosshans,Justice of the Supreme Court,NA,OverVotes,8
Wakulla,Retention of Jamie Grosshans,Justice of the Supreme Court,NA,UnderVotes,1737
Wakulla,Retention of Jamie Grosshans,Justice of the Supreme Court,NOP,No,4512
Wakulla,Retention of Jamie Grosshans,Justice of the Supreme Court,NOP,Yes,8856
Wakulla,Retention of John D. Couriel,Justice of the Supreme Court,NA,OverVotes,2
Wakulla,Retention of John D. Couriel,Justice of the Supreme Court,NA,UnderVotes,1701
Wakulla,Retention of John D. Couriel,Justice of the Supreme Court,NOP,No,4530
Wakulla,Retention of John D. Couriel,Justice of the Supreme Court,NOP,Yes,8880
Wakulla,Retention of Jorge Labarga,Justice of the Supreme Court,NA,OverVotes,10
Wakulla,Retention of Jorge Labarga,Justice of the Supreme Court,NA,UnderVotes,1731
Wakulla,Retention of Jorge Labarga,Justice of the Supreme Court,NOP,No,5256
Wakulla,Retention of Jorge Labarga,Justice of the Supreme Court,NOP,Yes,8116
Wakulla,Retention of Lori S. Rowe,First District Court of Appeal,NA,OverVotes,8
Wakulla,Retention of Lori S. Rowe,First District Court of Appeal,NA,UnderVotes,2108
Wakulla,Retention of Lori S. Rowe,First District Court of Appeal,NOP,No,4508
Wakulla,Retention of Lori S. Rowe,First District Court of Appeal,NOP,Yes,8489
Wakulla,Retention of Ricky Polston,Justice of the Supreme Court,NA,OverVotes,2
Wakulla,Retention of Ricky Polston,Justice of the Supreme Court,NA,UnderVotes,1731
Wakulla,Retention of Ricky Polston,Justice of the Supreme Court,NOP,No,4625
Wakulla,Retention of Ricky Polston,Justice of the Supreme Court,NOP,Yes,8755
Wakulla,Retention of Ross L. Bilbrey,First District Court of Appeal,NA,OverVotes,4
Wakulla,Retention of Ross L. Bilbrey,First District Court of Appeal,NA,UnderVotes,2043
Wakulla,Retention of Ross L. Bilbrey,First District Court of Appeal,NOP,No,4492
Wakulla,Retention of Ross L. Bilbrey,First District Court of Appeal,NOP,Yes,8574
Wakulla,Retention of Susan Kelsey,First District Court of Appeal,NA,OverVotes,6
Wakulla,Retention of Susan Kelsey,First District Court of Appeal,NA,UnderVotes,2080
Wakulla,Retention of Susan Kelsey,First District Court of Appeal,NOP,No,4324
Wakulla,Retention of Susan Kelsey,First District Court of Appeal,NOP,Yes,8703
Wakulla,School Board,1,NA,OverVotes,3
Wakulla,School Board,1,NA,UnderVotes,1733
Wakulla,School Board,1,NOP,Dod Walker,6297
Wakulla,School Board,1,NOP,Eddie Hand,7080
Wakulla,State Senate,3,DEM,Loranne Ausley,4197
Wakulla,State Senate,3,NA,OverVotes,0
Wakulla,State Senate,3,NA,UnderVotes,344
Wakulla,State Senate,3,REP,Corey Simon,10572
Wakulla,U.S. House,2,DEM,Al Lawson,4258
Wakulla,U.S. House,2,NA,OverVotes,3
Wakulla,U.S. House,2,NA,UnderVotes,132
Wakulla,U.S. House,2,REP,Neal Dunn,10720
Wakulla,U.S. Senate,NA,DEM,Val Demings,4343
Wakulla,U.S. Senate,NA,LPF,Dennis Misigoy,69
Wakulla,U.S. Senate,NA,NA,OverVotes,3
Wakulla,U.S. Senate,NA,NA,UnderVotes,107
Wakulla,U.S. Senate,NA,NA,WriteinVotes,6
Wakulla,U.S. Senate,NA,NPA,Steven B. Grant,65
Wakulla,U.S. Senate,NA,NPA,Tuan TQ Nguyen,35
Wakulla,U.S. Senate,NA,REP,Marco Rubio,10485
Walton,Amendment No. 1: Limitation On Assessment of Real Property Used For Residential Purposes,NA,NA,OverVotes,19
Walton,Amendment No. 1: Limitation On Assessment of Real Property Used For Residential Purposes,NA,NA,UnderVotes,2484
Walton,Amendment No. 1: Limitation On Assessment of Real Property Used For Residential Purposes,NA,NOP,No for Rejection,13390
Walton,Amendment No. 1: Limitation On Assessment of Real Property Used For Residential Purposes,NA,NOP,Yes for Approval,19082
Walton,Amendment No. 2: Abolishing the Constitution Revision Commission,NA,NA,OverVotes,23
Walton,Amendment No. 2: Abolishing the Constitution Revision Commission,NA,NA,UnderVotes,2905
Walton,Amendment No. 2: Abolishing the Constitution Revision Commission,NA,NOP,No for Rejection,13322
Walton,Amendment No. 2: Abolishing the Constitution Revision Commission,NA,NOP,Yes for Approval,18725
Walton,Amendment No. 3: Additional Homestead Property Tax Exemption For Specified Critical Public Services Workforce,NA,NA,OverVotes,26
Walton,Amendment No. 3: Additional Homestead Property Tax Exemption For Specified Critical Public Services Workforce,NA,NA,UnderVotes,1685
Walton,Amendment No. 3: Additional Homestead Property Tax Exemption For Specified Critical Public Services Workforce,NA,NOP,No for Rejection,12800
Walton,Amendment No. 3: Additional Homestead Property Tax Exemption For Specified Critical Public Services Workforce,NA,NOP,Yes for Approval,20464
Walton,Attorney General,NA,DEM,Aramis Ayala,5992
Walton,Attorney General,NA,NA,OverVotes,2
Walton,Attorney General,NA,NA,UnderVotes,318
Walton,Attorney General,NA,REP,Ashley Moody,28663
Walton,Chief Financial Officer,NA,DEM,Adam Hattersley,5931
Walton,Chief Financial Officer,NA,NA,OverVotes,1
Walton,Chief Financial Officer,NA,NA,UnderVotes,471
Walton,Chief Financial Officer,NA,REP,Jimmy Patronis,28572
Walton,Commissioner of Agriculture,NA,DEM,Naomi Esther Blemur,6267
Walton,Commissioner of Agriculture,NA,NA,OverVotes,0
Walton,Commissioner of Agriculture,NA,NA,UnderVotes,684
Walton,Commissioner of Agriculture,NA,REP,Wilton Simpson,28024
Walton,Governor,NA,DEM,Crist / Hernandez,6112
Walton,Governor,NA,LPF,Roos / Rorabaugh,60
Walton,Governor,NA,NA,OverVotes,13
Walton,Governor,NA,NA,UnderVotes,61
Walton,Governor,NA,NPA,Gimenez / Gibson,82
Walton,Governor,NA,REP,DeSantis / Nuñez,28647
Walton,Registered Voters,NA,NA,NA,60674
Walton,Retention of Bo Winokur,First District Court of Appeal,NA,OverVotes,8
Walton,Retention of Bo Winokur,First District Court of Appeal,NA,UnderVotes,4633
Walton,Retention of Bo Winokur,First District Court of Appeal,NOP,No,8533
Walton,Retention of Bo Winokur,First District Court of Appeal,NOP,Yes,21801
Walton,Retention of Bobby Long,First District Court of Appeal,NA,OverVotes,5
Walton,Retention of Bobby Long,First District Court of Appeal,NA,UnderVotes,4606
Walton,Retention of Bobby Long,First District Court of Appeal,NOP,No,7779
Walton,Retention of Bobby Long,First District Court of Appeal,NOP,Yes,22585
Walton,Retention of Charles T. Canady,Justice of the Supreme Court,NA,OverVotes,10
Walton,Retention of Charles T. Canady,Justice of the Supreme Court,NA,UnderVotes,4009
Walton,Retention of Charles T. Canady,Justice of the Supreme Court,NOP,No,8790
Walton,Retention of Charles T. Canady,Justice of the Supreme Court,NOP,Yes,22166
Walton,Retention of Jamie Grosshans,Justice of the Supreme Court,NA,OverVotes,13
Walton,Retention of Jamie Grosshans,Justice of the Supreme Court,NA,UnderVotes,4240
Walton,Retention of Jamie Grosshans,Justice of the Supreme Court,NOP,No,8064
Walton,Retention of Jamie Grosshans,Justice of the Supreme Court,NOP,Yes,22658
Walton,Retention of John D. Couriel,Justice of the Supreme Court,NA,OverVotes,8
Walton,Retention of John D. Couriel,Justice of the Supreme Court,NA,UnderVotes,4160
Walton,Retention of John D. Couriel,Justice of the Supreme Court,NOP,No,8093
Walton,Retention of John D. Couriel,Justice of the Supreme Court,NOP,Yes,22714
Walton,Retention of Jorge Labarga,Justice of the Supreme Court,NA,OverVotes,24
Walton,Retention of Jorge Labarga,Justice of the Supreme Court,NA,UnderVotes,4326
Walton,Retention of Jorge Labarga,Justice of the Supreme Court,NOP,No,11854
Walton,Retention of Jorge Labarga,Justice of the Supreme Court,NOP,Yes,18771
Walton,Retention of Lori S. Rowe,First District Court of Appeal,NA,OverVotes,14
Walton,Retention of Lori S. Rowe,First District Court of Appeal,NA,UnderVotes,4610
Walton,Retention of Lori S. Rowe,First District Court of Appeal,NOP,No,9211
Walton,Retention of Lori S. Rowe,First District Court of Appeal,NOP,Yes,21140
Walton,Retention of Ricky Polston,Justice of the Supreme Court,NA,OverVotes,8
Walton,Retention of Ricky Polston,Justice of the Supreme Court,NA,UnderVotes,4322
Walton,Retention of Ricky Polston,Justice of the Supreme Court,NOP,No,9708
Walton,Retention of Ricky Polston,Justice of the Supreme Court,NOP,Yes,20937
Walton,Retention of Ross L. Bilbrey,First District Court of Appeal,NA,OverVotes,4
Walton,Retention of Ross L. Bilbrey,First District Court of Appeal,NA,UnderVotes,4498
Walton,Retention of Ross L. Bilbrey,First District Court of Appeal,NOP,No,8753
Walton,Retention of Ross L. Bilbrey,First District Court of Appeal,NOP,Yes,21720
Walton,Retention of Susan Kelsey,First District Court of Appeal,NA,OverVotes,21
Walton,Retention of Susan Kelsey,First District Court of Appeal,NA,UnderVotes,4556
Walton,Retention of Susan Kelsey,First District Court of Appeal,NOP,No,8607
Walton,Retention of Susan Kelsey,First District Court of Appeal,NOP,Yes,21791
Walton,State Senate,2,DEM,Carolynn Zonia,6409
Walton,State Senate,2,NA,OverVotes,1
Walton,State Senate,2,NA,UnderVotes,505
Walton,State Senate,2,REP,Jay Trumbull,28060
Walton,U.S. House,1,DEM,Rebekah Jones,4577
Walton,U.S. House,1,NA,OverVotes,5
Walton,U.S. House,1,NA,UnderVotes,384
Walton,U.S. House,1,REP,Matt Gaetz,18032
Walton,U.S. House,2,DEM,Al Lawson,2590
Walton,U.S. House,2,NA,OverVotes,1
Walton,U.S. House,2,NA,UnderVotes,137
Walton,U.S. House,2,REP,Neal Dunn,9249
Walton,U.S. Senate,,DEM,Brian Rush,287
Walton,U.S. Senate,,DEM,Ricardo De La Fuente,121
Walton,U.S. Senate,,DEM,Val Demings,1740
Walton,U.S. Senate,,DEM,William Sanchez,247
Walton,U.S. Senate,,STATS,OVER VOTES,0
Walton,U.S. Senate,,STATS,UNDER VOTES,148
Walton,U.S. Senate,NA,DEM,Val Demings,6326
Walton,U.S. Senate,NA,LPF,Dennis Misigoy,124
Walton,U.S. Senate,NA,NA,OverVotes,1
Walton,U.S. Senate,NA,NA,UnderVotes,142
Walton,U.S. Senate,NA,NA,WriteinVotes,15
Walton,U.S. Senate,NA,NPA,Steven B. Grant,99
Walton,U.S. Senate,NA,NPA,Tuan TQ Nguyen,65
Walton,U.S. Senate,NA,REP,Marco Rubio,28203
Washington,Amendment No. 1: Limitation On Assessment of Real Property Used For Residential Purposes,NA,NA,OverVotes,5
Washington,Amendment No. 1: Limitation On Assessment of Real Property Used For Residential Purposes,NA,NA,UnderVotes,591
Washington,Amendment No. 1: Limitation On Assessment of Real Property Used For Residential Purposes,NA,NOP,No for Rejection,3947
Washington,Amendment No. 1: Limitation On Assessment of Real Property Used For Residential Purposes,NA,NOP,Yes for Approval,4604
Washington,Amendment No. 2: Abolishing the Constitution Revision Commission,NA,NA,OverVotes,2
Washington,Amendment No. 2: Abolishing the Constitution Revision Commission,NA,NA,UnderVotes,660
Washington,Amendment No. 2: Abolishing the Constitution Revision Commission,NA,NOP,No for Rejection,3837
Washington,Amendment No. 2: Abolishing the Constitution Revision Commission,NA,NOP,Yes for Approval,4648
Washington,Amendment No. 3: Additional Homestead Property Tax Exemption For Specified Critical Public Services Workforce,NA,NA,OverVotes,6
Washington,Amendment No. 3: Additional Homestead Property Tax Exemption For Specified Critical Public Services Workforce,NA,NA,UnderVotes,443
Washington,Amendment No. 3: Additional Homestead Property Tax Exemption For Specified Critical Public Services Workforce,NA,NOP,No for Rejection,3648
Washington,Amendment No. 3: Additional Homestead Property Tax Exemption For Specified Critical Public Services Workforce,NA,NOP,Yes for Approval,5050
Washington,Attorney General,NA,DEM,Aramis Ayala,1270
Washington,Attorney General,NA,NA,OverVotes,0
Washington,Attorney General,NA,NA,UnderVotes,69
Washington,Attorney General,NA,REP,Ashley Moody,7808
Washington,Chief Financial Officer,NA,DEM,Adam Hattersley,1255
Washington,Chief Financial Officer,NA,NA,OverVotes,1
Washington,Chief Financial Officer,NA,NA,UnderVotes,76
Washington,Chief Financial Officer,NA,REP,Jimmy Patronis,7815
Washington,Commissioner of Agriculture,NA,DEM,Naomi Esther Blemur,1362
Washington,Commissioner of Agriculture,NA,NA,OverVotes,2
Washington,Commissioner of Agriculture,NA,NA,UnderVotes,104
Washington,Commissioner of Agriculture,NA,REP,Wilton Simpson,7679
Washington,Governor,NA,DEM,Crist / Hernandez,1285
Washington,Governor,NA,LPF,Roos / Rorabaugh,19
Washington,Governor,NA,NA,OverVotes,3
Washington,Governor,NA,NA,UnderVotes,18
Washington,Governor,NA,NPA,Gimenez / Gibson,36
Washington,Governor,NA,REP,DeSantis / Nuñez,7786
Washington,Registered Voters,NA,NA,NA,14486
Washington,Retention of Bo Winokur,First District Court of Appeal,NA,OverVotes,3
Washington,Retention of Bo Winokur,First District Court of Appeal,NA,UnderVotes,808
Washington,Retention of Bo Winokur,First District Court of Appeal,NOP,No,2932
Washington,Retention of Bo Winokur,First District Court of Appeal,NOP,Yes,5404
Washington,Retention of Bobby Long,First District Court of Appeal,NA,OverVotes,2
Washington,Retention of Bobby Long,First District Court of Appeal,NA,UnderVotes,819
Washington,Retention of Bobby Long,First District Court of Appeal,NOP,No,2709
Washington,Retention of Bobby Long,First District Court of Appeal,NOP,Yes,5617
Washington,Retention of Charles T. Canady,Justice of the Supreme Court,NA,OverVotes,3
Washington,Retention of Charles T. Canady,Justice of the Supreme Court,NA,UnderVotes,739
Washington,Retention of Charles T. Canady,Justice of the Supreme Court,NOP,No,3013
Washington,Retention of Charles T. Canady,Justice of the Supreme Court,NOP,Yes,5392
Washington,Retention of Jamie Grosshans,Justice of the Supreme Court,NA,OverVotes,6
Washington,Retention of Jamie Grosshans,Justice of the Supreme Court,NA,UnderVotes,806
Washington,Retention of Jamie Grosshans,Justice of the Supreme Court,NOP,No,2703
Washington,Retention of Jamie Grosshans,Justice of the Supreme Court,NOP,Yes,5632
Washington,Retention of John D. Couriel,Justice of the Supreme Court,NA,OverVotes,4
Washington,Retention of John D. Couriel,Justice of the Supreme Court,NA,UnderVotes,776
Washington,Retention of John D. Couriel,Justice of the Supreme Court,NOP,No,2732
Washington,Retention of John D. Couriel,Justice of the Supreme Court,NOP,Yes,5635
Washington,Retention of Jorge Labarga,Justice of the Supreme Court,NA,OverVotes,12
Washington,Retention of Jorge Labarga,Justice of the Supreme Court,NA,UnderVotes,796
Washington,Retention of Jorge Labarga,Justice of the Supreme Court,NOP,No,3894
Washington,Retention of Jorge Labarga,Justice of the Supreme Court,NOP,Yes,4445
Washington,Retention of Lori S. Rowe,First District Court of Appeal,NA,OverVotes,4
Washington,Retention of Lori S. Rowe,First District Court of Appeal,NA,UnderVotes,807
Washington,Retention of Lori S. Rowe,First District Court of Appeal,NOP,No,3104
Washington,Retention of Lori S. Rowe,First District Court of Appeal,NOP,Yes,5231
Washington,Retention of Ricky Polston,Justice of the Supreme Court,NA,OverVotes,3
Washington,Retention of Ricky Polston,Justice of the Supreme Court,NA,UnderVotes,768
Washington,Retention of Ricky Polston,Justice of the Supreme Court,NOP,No,3084
Washington,Retention of Ricky Polston,Justice of the Supreme Court,NOP,Yes,5292
Washington,Retention of Ross L. Bilbrey,First District Court of Appeal,NA,OverVotes,1
Washington,Retention of Ross L. Bilbrey,First District Court of Appeal,NA,UnderVotes,805
Washington,Retention of Ross L. Bilbrey,First District Court of Appeal,NOP,No,2972
Washington,Retention of Ross L. Bilbrey,First District Court of Appeal,NOP,Yes,5369
Washington,Retention of Susan Kelsey,First District Court of Appeal,NA,OverVotes,5
Washington,Retention of Susan Kelsey,First District Court of Appeal,NA,UnderVotes,808
Washington,Retention of Susan Kelsey,First District Court of Appeal,NOP,No,2874
Washington,Retention of Susan Kelsey,First District Court of Appeal,NOP,Yes,5460
Washington,State Senate,2,DEM,Carolynn Zonia,1342
Washington,State Senate,2,NA,OverVotes,0
Washington,State Senate,2,NA,UnderVotes,112
Washington,State Senate,2,REP,Jay Trumbull,7693
Washington,U.S. House,2,DEM,Al Lawson,1411
Washington,U.S. House,2,NA,OverVotes,1
Washington,U.S. House,2,NA,UnderVotes,60
Washington,U.S. House,2,REP,Neal Dunn,7675
Washington,U.S. Senate,NA,DEM,Val Demings,1345
Washington,U.S. Senate,NA,LPF,Dennis Misigoy,42
Washington,U.S. Senate,NA,NA,OverVotes,2
Washington,U.S. Senate,NA,NA,UnderVotes,46
Washington,U.S. Senate,NA,NA,WriteinVotes,4
Washington,U.S. Senate,NA,NPA,Steven B. Grant,50
Washington,U.S. Senate,NA,NPA,Tuan TQ Nguyen,17
Washington,U.S. Senate,NA,REP,Marco Rubio,7641
